file,start,end,species,probability,date_time,time
20240331_154000.WAV,30,33,Anas platyrhynchos_Mallard,0.7498395442962646,2024-03-31T15:40:00Z,15:40:00
20240331_154000.WAV,36,39,Anas platyrhynchos_Mallard,0.43197014927864075,2024-03-31T15:40:00Z,15:40:00
20240331_150500.WAV,42,45,Corvus brachyrhynchos_American Crow,0.4394772946834564,2024-03-31T15:05:00Z,15:05:00
20240411_141000.WAV,39,42,Sayornis phoebe_Eastern Phoebe,0.5443310737609863,2024-04-11T14:10:00Z,14:10:00
20240411_141000.WAV,45,48,Sayornis phoebe_Eastern Phoebe,0.750108540058136,2024-04-11T14:10:00Z,14:10:00
20240409_055800.WAV,0,3,Certhia americana_Brown Creeper,0.5455912947654724,2024-04-09T05:58:00Z,05:58:00
20240404_164200.WAV,9,12,Porzana porzana_Spotted Crake,0.5506473183631897,2024-04-04T16:42:00Z,16:42:00
20240414_190700.WAV,0,3,Turdus migratorius_American Robin,0.4701537787914276,2024-04-14T19:07:00Z,19:07:00
20240331_064100.WAV,18,21,Turdus migratorius_American Robin,0.4471069574356079,2024-03-31T06:41:00Z,06:41:00
20240331_064100.WAV,45,48,Turdus migratorius_American Robin,0.6655996441841125,2024-03-31T06:41:00Z,06:41:00
20240331_064100.WAV,48,51,Turdus migratorius_American Robin,0.5504276156425476,2024-03-31T06:41:00Z,06:41:00
20240414_194200.WAV,6,9,Branta canadensis_Canada Goose,0.5313768982887268,2024-04-14T19:42:00Z,19:42:00
20240414_194200.WAV,18,21,Branta canadensis_Canada Goose,0.47822457551956177,2024-04-14T19:42:00Z,19:42:00
20240413_192400.WAV,9,12,Botaurus lentiginosus_American Bittern,0.45985546708106995,2024-04-13T19:24:00Z,19:24:00
20240413_192400.WAV,27,30,Botaurus lentiginosus_American Bittern,0.696249783039093,2024-04-13T19:24:00Z,19:24:00
20240405_143200.WAV,24,27,Turdus migratorius_American Robin,0.8718670606613159,2024-04-05T14:32:00Z,14:32:00
20240405_143200.WAV,27,30,Turdus migratorius_American Robin,0.9165621995925904,2024-04-05T14:32:00Z,14:32:00
20240405_143200.WAV,33,36,Turdus migratorius_American Robin,0.769280195236206,2024-04-05T14:32:00Z,14:32:00
20240405_143200.WAV,36,39,Turdus migratorius_American Robin,0.8089523911476135,2024-04-05T14:32:00Z,14:32:00
20240405_143200.WAV,42,45,Turdus migratorius_American Robin,0.8610173463821411,2024-04-05T14:32:00Z,14:32:00
20240409_065900.WAV,0,3,Poecile atricapillus_Black-capped Chickadee,0.4162836968898773,2024-04-09T06:59:00Z,06:59:00
20240409_065900.WAV,21,24,Poecile atricapillus_Black-capped Chickadee,0.4527938961982727,2024-04-09T06:59:00Z,06:59:00
20240409_065900.WAV,39,42,Aix sponsa_Wood Duck,0.7060626745223999,2024-04-09T06:59:00Z,06:59:00
20240409_065900.WAV,48,51,Poecile atricapillus_Black-capped Chickadee,0.5033405423164368,2024-04-09T06:59:00Z,06:59:00
20240409_065900.WAV,51,54,Poecile atricapillus_Black-capped Chickadee,0.8861138820648193,2024-04-09T06:59:00Z,06:59:00
20240410_162500.WAV,3,6,Poecile atricapillus_Black-capped Chickadee,0.6216867566108704,2024-04-10T16:25:00Z,16:25:00
20240410_162500.WAV,6,9,Poecile atricapillus_Black-capped Chickadee,0.573745846748352,2024-04-10T16:25:00Z,16:25:00
20240410_162500.WAV,27,30,Poecile atricapillus_Black-capped Chickadee,0.4693398177623749,2024-04-10T16:25:00Z,16:25:00
20240410_162500.WAV,48,51,Certhia americana_Brown Creeper,0.9221398830413818,2024-04-10T16:25:00Z,16:25:00
20240411_071100.WAV,6,9,Certhia americana_Brown Creeper,0.6379785537719727,2024-04-11T07:11:00Z,07:11:00
20240411_071100.WAV,24,27,Certhia americana_Brown Creeper,0.6995227932929993,2024-04-11T07:11:00Z,07:11:00
20240411_071100.WAV,39,42,Certhia americana_Brown Creeper,0.645236611366272,2024-04-11T07:11:00Z,07:11:00
20240411_192700.WAV,0,3,Certhia americana_Brown Creeper,0.966394305229187,2024-04-11T19:27:00Z,19:27:00
20240411_192700.WAV,6,9,Certhia americana_Brown Creeper,0.7152460813522339,2024-04-11T19:27:00Z,19:27:00
20240411_192700.WAV,12,15,Certhia americana_Brown Creeper,0.9724878072738647,2024-04-11T19:27:00Z,19:27:00
20240411_192700.WAV,24,27,Certhia americana_Brown Creeper,0.9596462845802308,2024-04-11T19:27:00Z,19:27:00
20240411_192700.WAV,30,33,Certhia americana_Brown Creeper,0.966919720172882,2024-04-11T19:27:00Z,19:27:00
20240411_192700.WAV,33,36,Certhia americana_Brown Creeper,0.43691444396972656,2024-04-11T19:27:00Z,19:27:00
20240411_192700.WAV,36,39,Certhia americana_Brown Creeper,0.8010932803153992,2024-04-11T19:27:00Z,19:27:00
20240411_192700.WAV,39,42,Certhia americana_Brown Creeper,0.8145244121551514,2024-04-11T19:27:00Z,19:27:00
20240411_192700.WAV,42,45,Certhia americana_Brown Creeper,0.977792263031006,2024-04-11T19:27:00Z,19:27:00
20240411_192700.WAV,45,48,Certhia americana_Brown Creeper,0.8112172484397888,2024-04-11T19:27:00Z,19:27:00
20240411_192700.WAV,51,54,Certhia americana_Brown Creeper,0.8618435859680176,2024-04-11T19:27:00Z,19:27:00
20240415_060500.WAV,18,21,Certhia americana_Brown Creeper,0.5253008604049683,2024-04-15T06:05:00Z,06:05:00
20240415_060500.WAV,30,33,Certhia americana_Brown Creeper,0.6981441378593445,2024-04-15T06:05:00Z,06:05:00
20240415_060500.WAV,39,42,Certhia americana_Brown Creeper,0.9709431529045104,2024-04-15T06:05:00Z,06:05:00
20240402_154900.WAV,0,3,Branta canadensis_Canada Goose,0.44911661744117737,2024-04-02T15:49:00Z,15:49:00
20240406_150500.WAV,48,51,Poecile atricapillus_Black-capped Chickadee,0.40285801887512207,2024-04-06T15:05:00Z,15:05:00
20240411_164900.WAV,30,33,Certhia americana_Brown Creeper,0.5045923590660095,2024-04-11T16:49:00Z,16:49:00
20240411_164900.WAV,45,48,Regulus regulus_Goldcrest,0.4092927575111389,2024-04-11T16:49:00Z,16:49:00
20240409_070100.WAV,0,3,Aix sponsa_Wood Duck,0.8697630167007446,2024-04-09T07:01:00Z,07:01:00
20240409_070100.WAV,3,6,Aix sponsa_Wood Duck,0.9840208888053894,2024-04-09T07:01:00Z,07:01:00
20240409_070100.WAV,6,9,Aix sponsa_Wood Duck,0.9925950169563292,2024-04-09T07:01:00Z,07:01:00
20240409_070100.WAV,9,12,Aix sponsa_Wood Duck,0.6676537990570068,2024-04-09T07:01:00Z,07:01:00
20240409_070100.WAV,15,18,Regulus satrapa_Golden-crowned Kinglet,0.814167320728302,2024-04-09T07:01:00Z,07:01:00
20240409_070100.WAV,18,21,Certhia americana_Brown Creeper,0.47740882635116577,2024-04-09T07:01:00Z,07:01:00
20240409_070100.WAV,24,27,Aix sponsa_Wood Duck,0.568470299243927,2024-04-09T07:01:00Z,07:01:00
20240409_070100.WAV,30,33,Aix sponsa_Wood Duck,0.6090904474258423,2024-04-09T07:01:00Z,07:01:00
20240409_070100.WAV,33,36,Certhia americana_Brown Creeper,0.5538268685340881,2024-04-09T07:01:00Z,07:01:00
20240409_070100.WAV,42,45,Certhia americana_Brown Creeper,0.4487135410308838,2024-04-09T07:01:00Z,07:01:00
20240409_070100.WAV,45,48,Certhia americana_Brown Creeper,0.7750453948974609,2024-04-09T07:01:00Z,07:01:00
20240409_070100.WAV,54,55,Aix sponsa_Wood Duck,0.8292209506034851,2024-04-09T07:01:00Z,07:01:00
20240412_062600.WAV,36,39,Certhia americana_Brown Creeper,0.9287773370742798,2024-04-12T06:26:00Z,06:26:00
20240412_062600.WAV,45,48,Colaptes auratus_Northern Flicker,0.966448187828064,2024-04-12T06:26:00Z,06:26:00
20240412_062600.WAV,51,54,Certhia americana_Brown Creeper,0.9538562893867492,2024-04-12T06:26:00Z,06:26:00
20240405_190500.WAV,36,39,Turdus migratorius_American Robin,0.5287407040596008,2024-04-05T19:05:00Z,19:05:00
20240405_190500.WAV,51,54,Turdus migratorius_American Robin,0.4937424957752228,2024-04-05T19:05:00Z,19:05:00
20240401_194900.WAV,12,15,Turdus migratorius_American Robin,0.4269623458385467,2024-04-01T19:49:00Z,19:49:00
20240401_194900.WAV,30,33,Turdus migratorius_American Robin,0.44753342866897583,2024-04-01T19:49:00Z,19:49:00
20240401_194900.WAV,36,39,Turdus migratorius_American Robin,0.4721769988536834,2024-04-01T19:49:00Z,19:49:00
20240401_194900.WAV,51,54,Turdus migratorius_American Robin,0.5854628086090088,2024-04-01T19:49:00Z,19:49:00
20240411_054800.WAV,9,12,Turdus migratorius_American Robin,0.43667399883270264,2024-04-11T05:48:00Z,05:48:00
20240409_140000.WAV,0,3,Poecile atricapillus_Black-capped Chickadee,0.6247822642326355,2024-04-09T14:00:00Z,14:00:00
20240409_140000.WAV,6,9,Poecile atricapillus_Black-capped Chickadee,0.8305743932723999,2024-04-09T14:00:00Z,14:00:00
20240409_140000.WAV,18,21,Poecile atricapillus_Black-capped Chickadee,0.4048047363758087,2024-04-09T14:00:00Z,14:00:00
20240401_062700.WAV,3,6,Certhia americana_Brown Creeper,0.8953090310096741,2024-04-01T06:27:00Z,06:27:00
20240401_062700.WAV,6,9,Certhia americana_Brown Creeper,0.832837700843811,2024-04-01T06:27:00Z,06:27:00
20240401_062700.WAV,12,15,Certhia americana_Brown Creeper,0.8767290115356445,2024-04-01T06:27:00Z,06:27:00
20240401_062700.WAV,21,24,Certhia americana_Brown Creeper,0.9680190086364746,2024-04-01T06:27:00Z,06:27:00
20240401_062700.WAV,30,33,Certhia americana_Brown Creeper,0.6736326217651367,2024-04-01T06:27:00Z,06:27:00
20240401_062700.WAV,36,39,Certhia americana_Brown Creeper,0.4173738360404968,2024-04-01T06:27:00Z,06:27:00
20240401_062700.WAV,39,42,Certhia americana_Brown Creeper,0.9722890853881836,2024-04-01T06:27:00Z,06:27:00
20240401_062700.WAV,45,48,Certhia americana_Brown Creeper,0.9403240084648132,2024-04-01T06:27:00Z,06:27:00
20240401_062700.WAV,48,51,Certhia americana_Brown Creeper,0.5488576292991638,2024-04-01T06:27:00Z,06:27:00
20240401_062700.WAV,54,55,Certhia americana_Brown Creeper,0.40060722827911377,2024-04-01T06:27:00Z,06:27:00
20240410_143900.WAV,21,24,Certhia americana_Brown Creeper,0.5286409854888916,2024-04-10T14:39:00Z,14:39:00
20240401_162700.WAV,0,3,Aegolius acadicus_Northern Saw-whet Owl,0.7366635203361511,2024-04-01T16:27:00Z,16:27:00
20240411_154800.WAV,42,45,Certhia americana_Brown Creeper,0.7169499397277832,2024-04-11T15:48:00Z,15:48:00
20240411_154800.WAV,45,48,Aix sponsa_Wood Duck,0.7822961807250977,2024-04-11T15:48:00Z,15:48:00
20240411_154800.WAV,48,51,Aix sponsa_Wood Duck,0.7419350147247314,2024-04-11T15:48:00Z,15:48:00
20240411_154800.WAV,54,55,Certhia americana_Brown Creeper,0.7346193790435791,2024-04-11T15:48:00Z,15:48:00
20240406_064100.WAV,0,3,Turdus migratorius_American Robin,0.927840292453766,2024-04-06T06:41:00Z,06:41:00
20240406_064100.WAV,30,33,Turdus migratorius_American Robin,0.8883717060089111,2024-04-06T06:41:00Z,06:41:00
20240406_064100.WAV,39,42,Turdus migratorius_American Robin,0.5595089197158813,2024-04-06T06:41:00Z,06:41:00
20240402_064800.WAV,18,21,Poecile atricapillus_Black-capped Chickadee,0.4161524474620819,2024-04-02T06:48:00Z,06:48:00
20240402_064800.WAV,39,42,Poecile atricapillus_Black-capped Chickadee,0.5279827117919922,2024-04-02T06:48:00Z,06:48:00
20240402_064800.WAV,45,48,Catharus guttatus_Hermit Thrush,0.5149628520011902,2024-04-02T06:48:00Z,06:48:00
20240402_064800.WAV,48,51,Poecile atricapillus_Black-capped Chickadee,0.5862306952476501,2024-04-02T06:48:00Z,06:48:00
20240415_154100.WAV,9,12,Aegolius acadicus_Northern Saw-whet Owl,0.6004122495651245,2024-04-15T15:41:00Z,15:41:00
20240415_154100.WAV,12,15,Aegolius acadicus_Northern Saw-whet Owl,0.5410573482513428,2024-04-15T15:41:00Z,15:41:00
20240401_193100.WAV,0,3,Turdus migratorius_American Robin,0.43892142176628113,2024-04-01T19:31:00Z,19:31:00
20240401_193100.WAV,3,6,Turdus migratorius_American Robin,0.9060582518577576,2024-04-01T19:31:00Z,19:31:00
20240401_193100.WAV,6,9,Turdus migratorius_American Robin,0.775094747543335,2024-04-01T19:31:00Z,19:31:00
20240401_193100.WAV,12,15,Turdus migratorius_American Robin,0.41520506143569946,2024-04-01T19:31:00Z,19:31:00
20240406_191200.WAV,0,3,Turdus migratorius_American Robin,0.43919193744659424,2024-04-06T19:12:00Z,19:12:00
20240405_061300.WAV,0,3,Turdus migratorius_American Robin,0.6309714913368225,2024-04-05T06:13:00Z,06:13:00
20240405_061300.WAV,9,12,Turdus migratorius_American Robin,0.4239441454410553,2024-04-05T06:13:00Z,06:13:00
20240405_061300.WAV,12,15,Turdus migratorius_American Robin,0.5677557587623596,2024-04-05T06:13:00Z,06:13:00
20240405_061300.WAV,18,21,Turdus migratorius_American Robin,0.6305407285690308,2024-04-05T06:13:00Z,06:13:00
20240405_061300.WAV,21,24,Turdus migratorius_American Robin,0.6645991802215576,2024-04-05T06:13:00Z,06:13:00
20240405_061300.WAV,24,27,Turdus migratorius_American Robin,0.6856287121772766,2024-04-05T06:13:00Z,06:13:00
20240405_061300.WAV,30,33,Turdus migratorius_American Robin,0.6794694662094116,2024-04-05T06:13:00Z,06:13:00
20240405_061300.WAV,33,36,Turdus migratorius_American Robin,0.6269534230232239,2024-04-05T06:13:00Z,06:13:00
20240405_061300.WAV,36,39,Turdus migratorius_American Robin,0.4177538752555847,2024-04-05T06:13:00Z,06:13:00
20240405_061300.WAV,45,48,Turdus migratorius_American Robin,0.5808603763580322,2024-04-05T06:13:00Z,06:13:00
20240405_061300.WAV,48,51,Turdus migratorius_American Robin,0.71925950050354,2024-04-05T06:13:00Z,06:13:00
20240405_061300.WAV,51,54,Turdus migratorius_American Robin,0.9099974036216736,2024-04-05T06:13:00Z,06:13:00
20240405_065600.WAV,0,3,Turdus migratorius_American Robin,0.40371739864349365,2024-04-05T06:56:00Z,06:56:00
20240405_065600.WAV,9,12,Turdus migratorius_American Robin,0.792649507522583,2024-04-05T06:56:00Z,06:56:00
20240405_065600.WAV,15,18,Turdus migratorius_American Robin,0.47268983721733093,2024-04-05T06:56:00Z,06:56:00
20240405_065600.WAV,18,21,Turdus migratorius_American Robin,0.42858248949050903,2024-04-05T06:56:00Z,06:56:00
20240405_065600.WAV,21,24,Turdus migratorius_American Robin,0.6679794788360596,2024-04-05T06:56:00Z,06:56:00
20240405_065600.WAV,30,33,Turdus migratorius_American Robin,0.4991717338562012,2024-04-05T06:56:00Z,06:56:00
20240405_065600.WAV,39,42,Turdus migratorius_American Robin,0.4363063871860504,2024-04-05T06:56:00Z,06:56:00
20240405_065600.WAV,42,45,Turdus migratorius_American Robin,0.6269355416297913,2024-04-05T06:56:00Z,06:56:00
20240405_065600.WAV,45,48,Turdus migratorius_American Robin,0.7771993279457092,2024-04-05T06:56:00Z,06:56:00
20240410_144100.WAV,27,30,Poecile atricapillus_Black-capped Chickadee,0.5784354209899902,2024-04-10T14:41:00Z,14:41:00
20240410_144100.WAV,39,42,Poecile gambeli_Mountain Chickadee,0.5247219204902649,2024-04-10T14:41:00Z,14:41:00
20240403_070400.WAV,3,6,Branta canadensis_Canada Goose,0.5673167109489441,2024-04-03T07:04:00Z,07:04:00
20240403_070400.WAV,9,12,Branta canadensis_Canada Goose,0.6438012719154358,2024-04-03T07:04:00Z,07:04:00
20240406_063900.WAV,33,36,Certhia americana_Brown Creeper,0.4119610786437988,2024-04-06T06:39:00Z,06:39:00
20240402_063000.WAV,15,18,Certhia americana_Brown Creeper,0.6544304490089417,2024-04-02T06:30:00Z,06:30:00
20240415_153900.WAV,42,45,Aegolius acadicus_Northern Saw-whet Owl,0.4251332283020019,2024-04-15T15:39:00Z,15:39:00
20240402_153100.WAV,51,54,Porzana porzana_Spotted Crake,0.4713178277015686,2024-04-02T15:31:00Z,15:31:00
20240415_063800.WAV,3,6,Certhia americana_Brown Creeper,0.567396342754364,2024-04-15T06:38:00Z,06:38:00
20240415_063800.WAV,12,15,Certhia americana_Brown Creeper,0.5531226992607117,2024-04-15T06:38:00Z,06:38:00
20240408_060800.WAV,15,18,Certhia americana_Brown Creeper,0.4020836651325226,2024-04-08T06:08:00Z,06:08:00
20240408_060800.WAV,27,30,Catharus guttatus_Hermit Thrush,0.4999893307685852,2024-04-08T06:08:00Z,06:08:00
20240405_151200.WAV,18,21,Turdus migratorius_American Robin,0.40367069840431213,2024-04-05T15:12:00Z,15:12:00
20240405_151200.WAV,48,51,Turdus migratorius_American Robin,0.4003083109855652,2024-04-05T15:12:00Z,15:12:00
20240411_163100.WAV,0,3,Poecile atricapillus_Black-capped Chickadee,0.7618711590766907,2024-04-11T16:31:00Z,16:31:00
20240411_163100.WAV,6,9,Certhia americana_Brown Creeper,0.5043699741363525,2024-04-11T16:31:00Z,16:31:00
20240411_163100.WAV,18,21,Poecile atricapillus_Black-capped Chickadee,0.43370869755744934,2024-04-11T16:31:00Z,16:31:00
20240411_163100.WAV,42,45,Poecile atricapillus_Black-capped Chickadee,0.7040465474128723,2024-04-11T16:31:00Z,16:31:00
20240411_163100.WAV,45,48,Poecile atricapillus_Black-capped Chickadee,0.7405440211296082,2024-04-11T16:31:00Z,16:31:00
20240411_163100.WAV,48,51,Poecile atricapillus_Black-capped Chickadee,0.6295786499977112,2024-04-11T16:31:00Z,16:31:00
20240411_163100.WAV,48,51,Poecile gambeli_Mountain Chickadee,0.4311583340167999,2024-04-11T16:31:00Z,16:31:00
20240411_163100.WAV,51,54,Poecile atricapillus_Black-capped Chickadee,0.8430357575416565,2024-04-11T16:31:00Z,16:31:00
20240411_163100.WAV,51,54,Poecile gambeli_Mountain Chickadee,0.4007886052131653,2024-04-11T16:31:00Z,16:31:00
20240410_070500.WAV,3,6,Certhia americana_Brown Creeper,0.9688460230827332,2024-04-10T07:05:00Z,07:05:00
20240410_070500.WAV,6,9,Certhia americana_Brown Creeper,0.9061183333396912,2024-04-10T07:05:00Z,07:05:00
20240410_070500.WAV,12,15,Certhia americana_Brown Creeper,0.9348660111427308,2024-04-10T07:05:00Z,07:05:00
20240410_070500.WAV,15,18,Certhia americana_Brown Creeper,0.8393620848655701,2024-04-10T07:05:00Z,07:05:00
20240410_070500.WAV,24,27,Certhia americana_Brown Creeper,0.9281606078147888,2024-04-10T07:05:00Z,07:05:00
20240410_070500.WAV,27,30,Certhia americana_Brown Creeper,0.5650299191474915,2024-04-10T07:05:00Z,07:05:00
20240410_070500.WAV,33,36,Certhia americana_Brown Creeper,0.6491681337356567,2024-04-10T07:05:00Z,07:05:00
20240410_070500.WAV,42,45,Certhia americana_Brown Creeper,0.9231180548667908,2024-04-10T07:05:00Z,07:05:00
20240410_070500.WAV,51,54,Certhia americana_Brown Creeper,0.7102280259132385,2024-04-10T07:05:00Z,07:05:00
20240415_163800.WAV,51,54,Certhia americana_Brown Creeper,0.9671811461448668,2024-04-15T16:38:00Z,16:38:00
20240331_063900.WAV,3,6,Certhia americana_Brown Creeper,0.716119110584259,2024-03-31T06:39:00Z,06:39:00
20240331_063900.WAV,39,42,Certhia americana_Brown Creeper,0.517105221748352,2024-03-31T06:39:00Z,06:39:00
20240410_193300.WAV,15,18,Certhia americana_Brown Creeper,0.5664894580841064,2024-04-10T19:33:00Z,19:33:00
20240410_193300.WAV,27,30,Certhia americana_Brown Creeper,0.9251619577407836,2024-04-10T19:33:00Z,19:33:00
20240410_193300.WAV,36,39,Certhia americana_Brown Creeper,0.9585472345352172,2024-04-10T19:33:00Z,19:33:00
20240413_191900.WAV,3,6,Turdus migratorius_American Robin,0.42006200551986694,2024-04-13T19:19:00Z,19:19:00
20240413_191900.WAV,6,9,Botaurus lentiginosus_American Bittern,0.8223355412483215,2024-04-13T19:19:00Z,19:19:00
20240413_191900.WAV,9,12,Turdus migratorius_American Robin,0.5058541893959045,2024-04-13T19:19:00Z,19:19:00
20240413_191900.WAV,18,21,Turdus migratorius_American Robin,0.5516689419746399,2024-04-13T19:19:00Z,19:19:00
20240413_191900.WAV,27,30,Botaurus lentiginosus_American Bittern,0.4522397518157959,2024-04-13T19:19:00Z,19:19:00
20240413_191900.WAV,33,36,Turdus migratorius_American Robin,0.6708153486251831,2024-04-13T19:19:00Z,19:19:00
20240331_191200.WAV,36,39,Branta canadensis_Canada Goose,0.7185826897621155,2024-03-31T19:12:00Z,19:12:00
20240331_191200.WAV,39,42,Branta canadensis_Canada Goose,0.6154761910438538,2024-03-31T19:12:00Z,19:12:00
20240331_191200.WAV,42,45,Branta canadensis_Canada Goose,0.9217026829719543,2024-03-31T19:12:00Z,19:12:00
20240331_191200.WAV,45,48,Branta canadensis_Canada Goose,0.9798011779785156,2024-03-31T19:12:00Z,19:12:00
20240331_191200.WAV,48,51,Branta canadensis_Canada Goose,0.9376550316810608,2024-03-31T19:12:00Z,19:12:00
20240331_191200.WAV,51,54,Branta canadensis_Canada Goose,0.7396366000175476,2024-03-31T19:12:00Z,19:12:00
20240413_163200.WAV,45,48,Porzana porzana_Spotted Crake,0.5518994331359863,2024-04-13T16:32:00Z,16:32:00
20240412_070600.WAV,6,9,Certhia americana_Brown Creeper,0.8583363890647888,2024-04-12T07:06:00Z,07:06:00
20240412_070600.WAV,9,12,Sphyrapicus varius_Yellow-bellied Sapsucker,0.5165049433708191,2024-04-12T07:06:00Z,07:06:00
20240412_070600.WAV,15,18,Certhia americana_Brown Creeper,0.9051796793937684,2024-04-12T07:06:00Z,07:06:00
20240412_070600.WAV,24,27,Certhia americana_Brown Creeper,0.8629980087280273,2024-04-12T07:06:00Z,07:06:00
20240412_070600.WAV,27,30,Sphyrapicus varius_Yellow-bellied Sapsucker,0.5493602752685547,2024-04-12T07:06:00Z,07:06:00
20240412_070600.WAV,36,39,Certhia americana_Brown Creeper,0.8743674755096436,2024-04-12T07:06:00Z,07:06:00
20240412_070600.WAV,45,48,Certhia americana_Brown Creeper,0.4243268668651581,2024-04-12T07:06:00Z,07:06:00
20240414_061100.WAV,3,6,Certhia americana_Brown Creeper,0.6027649641036987,2024-04-14T06:11:00Z,06:11:00
20240414_061100.WAV,6,9,Certhia americana_Brown Creeper,0.6141713857650757,2024-04-14T06:11:00Z,06:11:00
20240414_061100.WAV,12,15,Certhia americana_Brown Creeper,0.5208419561386108,2024-04-14T06:11:00Z,06:11:00
20240414_061100.WAV,18,21,Certhia americana_Brown Creeper,0.4252074062824249,2024-04-14T06:11:00Z,06:11:00
20240414_061100.WAV,21,24,Certhia americana_Brown Creeper,0.482067346572876,2024-04-14T06:11:00Z,06:11:00
20240414_061100.WAV,24,27,Certhia americana_Brown Creeper,0.8855026364326477,2024-04-14T06:11:00Z,06:11:00
20240414_061100.WAV,30,33,Certhia americana_Brown Creeper,0.5795786380767822,2024-04-14T06:11:00Z,06:11:00
20240414_061100.WAV,42,45,Certhia americana_Brown Creeper,0.7128680944442749,2024-04-14T06:11:00Z,06:11:00
20240409_062100.WAV,21,24,Certhia americana_Brown Creeper,0.5816828608512878,2024-04-09T06:21:00Z,06:21:00
20240409_062100.WAV,24,27,Poecile atricapillus_Black-capped Chickadee,0.4535559415817261,2024-04-09T06:21:00Z,06:21:00
20240410_161800.WAV,24,27,Poecile atricapillus_Black-capped Chickadee,0.5604130029678345,2024-04-10T16:18:00Z,16:18:00
20240410_161800.WAV,42,45,Poecile atricapillus_Black-capped Chickadee,0.4032699167728424,2024-04-10T16:18:00Z,16:18:00
20240407_055400.WAV,0,3,Turdus migratorius_American Robin,0.4559413492679596,2024-04-07T05:54:00Z,05:54:00
20240407_055400.WAV,42,45,Colaptes auratus_Northern Flicker,0.4022396504878998,2024-04-07T05:54:00Z,05:54:00
20240404_191100.WAV,33,36,Turdus migratorius_American Robin,0.5304402709007263,2024-04-04T19:11:00Z,19:11:00
20240408_141400.WAV,9,12,Certhia americana_Brown Creeper,0.818784236907959,2024-04-08T14:14:00Z,14:14:00
20240408_141400.WAV,36,39,Certhia americana_Brown Creeper,0.44129055738449097,2024-04-08T14:14:00Z,14:14:00
20240408_141400.WAV,42,45,Certhia americana_Brown Creeper,0.5705090761184692,2024-04-08T14:14:00Z,14:14:00
20240408_141400.WAV,48,51,Certhia americana_Brown Creeper,0.6292849183082581,2024-04-08T14:14:00Z,14:14:00
20240407_061000.WAV,3,6,Certhia americana_Brown Creeper,0.8725431561470032,2024-04-07T06:10:00Z,06:10:00
20240407_061000.WAV,15,18,Certhia americana_Brown Creeper,0.6348559260368347,2024-04-07T06:10:00Z,06:10:00
20240407_061000.WAV,21,24,Turdus migratorius_American Robin,0.4762032628059387,2024-04-07T06:10:00Z,06:10:00
20240407_061000.WAV,24,27,Certhia americana_Brown Creeper,0.6551420092582703,2024-04-07T06:10:00Z,06:10:00
20240407_061000.WAV,33,36,Certhia americana_Brown Creeper,0.8650773167610168,2024-04-07T06:10:00Z,06:10:00
20240407_061000.WAV,48,51,Certhia americana_Brown Creeper,0.849317193031311,2024-04-07T06:10:00Z,06:10:00
20240407_061000.WAV,51,54,Certhia americana_Brown Creeper,0.7494096159934998,2024-04-07T06:10:00Z,06:10:00
20240410_151900.WAV,9,12,Certhia americana_Brown Creeper,0.8280198574066162,2024-04-10T15:19:00Z,15:19:00
20240407_065500.WAV,3,6,Certhia americana_Brown Creeper,0.727070152759552,2024-04-07T06:55:00Z,06:55:00
20240407_065500.WAV,12,15,Certhia americana_Brown Creeper,0.9478231072425842,2024-04-07T06:55:00Z,06:55:00
20240407_065500.WAV,24,27,Certhia americana_Brown Creeper,0.5381702780723572,2024-04-07T06:55:00Z,06:55:00
20240414_151000.WAV,3,6,Certhia americana_Brown Creeper,0.4369400143623352,2024-04-14T15:10:00Z,15:10:00
20240414_151000.WAV,9,12,Certhia americana_Brown Creeper,0.807479977607727,2024-04-14T15:10:00Z,15:10:00
20240414_151000.WAV,33,36,Certhia americana_Brown Creeper,0.4529917538166046,2024-04-14T15:10:00Z,15:10:00
20240414_151000.WAV,42,45,Certhia americana_Brown Creeper,0.9667010307312012,2024-04-14T15:10:00Z,15:10:00
20240403_061900.WAV,0,3,Turdus migratorius_American Robin,0.9472914934158324,2024-04-03T06:19:00Z,06:19:00
20240403_061900.WAV,3,6,Turdus migratorius_American Robin,0.5640969276428223,2024-04-03T06:19:00Z,06:19:00
20240403_061900.WAV,6,9,Turdus migratorius_American Robin,0.933989405632019,2024-04-03T06:19:00Z,06:19:00
20240403_061900.WAV,9,12,Turdus migratorius_American Robin,0.9652225375175476,2024-04-03T06:19:00Z,06:19:00
20240403_061900.WAV,12,15,Turdus migratorius_American Robin,0.9014495015144348,2024-04-03T06:19:00Z,06:19:00
20240403_061900.WAV,18,21,Turdus migratorius_American Robin,0.431636780500412,2024-04-03T06:19:00Z,06:19:00
20240403_061900.WAV,21,24,Turdus migratorius_American Robin,0.4606976807117462,2024-04-03T06:19:00Z,06:19:00
20240403_061900.WAV,24,27,Turdus migratorius_American Robin,0.5200676321983337,2024-04-03T06:19:00Z,06:19:00
20240412_144200.WAV,0,3,Certhia americana_Brown Creeper,0.8064101338386536,2024-04-12T14:42:00Z,14:42:00
20240412_144200.WAV,6,9,Certhia americana_Brown Creeper,0.7634825706481934,2024-04-12T14:42:00Z,14:42:00
20240412_144200.WAV,18,21,Certhia americana_Brown Creeper,0.6189458966255188,2024-04-12T14:42:00Z,14:42:00
20240411_061500.WAV,0,3,Certhia americana_Brown Creeper,0.6908103823661804,2024-04-11T06:15:00Z,06:15:00
20240411_061500.WAV,6,9,Certhia americana_Brown Creeper,0.6527647972106934,2024-04-11T06:15:00Z,06:15:00
20240411_061500.WAV,9,12,Sayornis phoebe_Eastern Phoebe,0.5414340496063232,2024-04-11T06:15:00Z,06:15:00
20240411_061500.WAV,21,24,Certhia americana_Brown Creeper,0.5853379368782043,2024-04-11T06:15:00Z,06:15:00
20240411_061500.WAV,39,42,Certhia americana_Brown Creeper,0.853229284286499,2024-04-11T06:15:00Z,06:15:00
20240411_061500.WAV,51,54,Certhia americana_Brown Creeper,0.9016551971435548,2024-04-11T06:15:00Z,06:15:00
20240415_065900.WAV,39,42,Botaurus lentiginosus_American Bittern,0.6040313243865967,2024-04-15T06:59:00Z,06:59:00
20240404_140200.WAV,0,3,Porzana porzana_Spotted Crake,0.4347158372402191,2024-04-04T14:02:00Z,14:02:00
20240402_151500.WAV,24,27,Porzana porzana_Spotted Crake,0.8225375413894653,2024-04-02T15:15:00Z,15:15:00
20240404_144700.WAV,6,9,Porzana porzana_Spotted Crake,0.5357921719551086,2024-04-04T14:47:00Z,14:47:00
20240416_063600.WAV,42,45,Catharus guttatus_Hermit Thrush,0.4125887155532837,2024-04-16T06:36:00Z,06:36:00
20240406_055900.WAV,0,3,Anas platyrhynchos_Mallard,0.6448342800140381,2024-04-06T05:59:00Z,05:59:00
20240406_055900.WAV,42,45,Anas platyrhynchos_Mallard,0.5130375027656555,2024-04-06T05:59:00Z,05:59:00
20240415_193700.WAV,39,42,Regulus regulus_Goldcrest,0.48274722695350647,2024-04-15T19:37:00Z,19:37:00
20240331_070000.WAV,33,36,Turdus migratorius_American Robin,0.534972071647644,2024-03-31T07:00:00Z,07:00:00
20240331_070000.WAV,36,39,Turdus migratorius_American Robin,0.5279191136360168,2024-03-31T07:00:00Z,07:00:00
20240331_070000.WAV,45,48,Turdus migratorius_American Robin,0.6807020306587219,2024-03-31T07:00:00Z,07:00:00
20240331_070000.WAV,51,54,Turdus migratorius_American Robin,0.8044458627700806,2024-03-31T07:00:00Z,07:00:00
20240405_063700.WAV,0,3,Turdus migratorius_American Robin,0.6739633679389954,2024-04-05T06:37:00Z,06:37:00
20240405_063700.WAV,6,9,Turdus migratorius_American Robin,0.7926626801490784,2024-04-05T06:37:00Z,06:37:00
20240405_063700.WAV,9,12,Turdus migratorius_American Robin,0.7344505786895752,2024-04-05T06:37:00Z,06:37:00
20240405_063700.WAV,12,15,Turdus migratorius_American Robin,0.8279699087142944,2024-04-05T06:37:00Z,06:37:00
20240405_063700.WAV,18,21,Turdus migratorius_American Robin,0.4711419939994812,2024-04-05T06:37:00Z,06:37:00
20240415_055800.WAV,30,33,Poecile atricapillus_Black-capped Chickadee,0.4451682567596435,2024-04-15T05:58:00Z,05:58:00
20240402_161400.WAV,0,3,Corvus brachyrhynchos_American Crow,0.6530340909957886,2024-04-02T16:14:00Z,16:14:00
20240402_161400.WAV,3,6,Corvus brachyrhynchos_American Crow,0.5780160427093506,2024-04-02T16:14:00Z,16:14:00
20240402_161400.WAV,9,12,Corvus brachyrhynchos_American Crow,0.5104466676712036,2024-04-02T16:14:00Z,16:14:00
20240402_161400.WAV,15,18,Porzana porzana_Spotted Crake,0.4394771456718445,2024-04-02T16:14:00Z,16:14:00
20240402_161400.WAV,27,30,Corvus brachyrhynchos_American Crow,0.6383927464485168,2024-04-02T16:14:00Z,16:14:00
20240402_161400.WAV,30,33,Corvus brachyrhynchos_American Crow,0.5685316920280457,2024-04-02T16:14:00Z,16:14:00
20240402_161400.WAV,36,39,Corvus brachyrhynchos_American Crow,0.7074129581451416,2024-04-02T16:14:00Z,16:14:00
20240411_055100.WAV,45,48,Turdus migratorius_American Robin,0.6704500317573547,2024-04-11T05:51:00Z,05:51:00
20240415_155800.WAV,3,6,Regulus regulus_Goldcrest,0.6060049533843994,2024-04-15T15:58:00Z,15:58:00
20240402_065100.WAV,0,3,Poecile atricapillus_Black-capped Chickadee,0.4161928296089173,2024-04-02T06:51:00Z,06:51:00
20240411_151400.WAV,6,9,Certhia americana_Brown Creeper,0.5931525826454163,2024-04-11T15:14:00Z,15:14:00
20240402_061400.WAV,18,21,Turdus migratorius_American Robin,0.5062576532363892,2024-04-02T06:14:00Z,06:14:00
20240406_065800.WAV,9,12,Turdus migratorius_American Robin,0.41870951652526855,2024-04-06T06:58:00Z,06:58:00
20240401_195000.WAV,3,6,Turdus migratorius_American Robin,0.5875760316848755,2024-04-01T19:50:00Z,19:50:00
20240401_195000.WAV,6,9,Turdus migratorius_American Robin,0.5707544088363647,2024-04-01T19:50:00Z,19:50:00
20240401_195000.WAV,9,12,Turdus migratorius_American Robin,0.4075179994106293,2024-04-01T19:50:00Z,19:50:00
20240401_195000.WAV,12,15,Turdus migratorius_American Robin,0.7165396809577942,2024-04-01T19:50:00Z,19:50:00
20240401_195000.WAV,18,21,Turdus migratorius_American Robin,0.6837833523750305,2024-04-01T19:50:00Z,19:50:00
20240401_195000.WAV,21,24,Turdus migratorius_American Robin,0.872619092464447,2024-04-01T19:50:00Z,19:50:00
20240331_140100.WAV,18,21,Poecile atricapillus_Black-capped Chickadee,0.549087405204773,2024-03-31T14:01:00Z,14:01:00
20240331_140100.WAV,33,36,Poecile gambeli_Mountain Chickadee,0.6990131139755249,2024-03-31T14:01:00Z,14:01:00
20240331_140100.WAV,48,51,Poecile gambeli_Mountain Chickadee,0.752648115158081,2024-03-31T14:01:00Z,14:01:00
20240407_163400.WAV,45,48,Poecile gambeli_Mountain Chickadee,0.6230213642120361,2024-04-07T16:34:00Z,16:34:00
20240406_070000.WAV,15,18,Turdus migratorius_American Robin,0.8720581531524658,2024-04-06T07:00:00Z,07:00:00
20240406_070000.WAV,18,21,Turdus migratorius_American Robin,0.8003122210502625,2024-04-06T07:00:00Z,07:00:00
20240406_070000.WAV,24,27,Turdus migratorius_American Robin,0.6775106191635132,2024-04-06T07:00:00Z,07:00:00
20240415_140000.WAV,48,51,Certhia americana_Brown Creeper,0.9180759787559508,2024-04-15T14:00:00Z,14:00:00
20240402_070900.WAV,12,15,Turdus migratorius_American Robin,0.4717417359352112,2024-04-02T07:09:00Z,07:09:00
20240407_063400.WAV,18,21,Certhia americana_Brown Creeper,0.6756470203399658,2024-04-07T06:34:00Z,06:34:00
20240407_063400.WAV,27,30,Certhia americana_Brown Creeper,0.6231873035430908,2024-04-07T06:34:00Z,06:34:00
20240407_063400.WAV,39,42,Certhia americana_Brown Creeper,0.6195840835571289,2024-04-07T06:34:00Z,06:34:00
20240412_142300.WAV,6,9,Sitta carolinensis_White-breasted Nuthatch,0.8595876693725586,2024-04-12T14:23:00Z,14:23:00
20240412_142300.WAV,18,21,Certhia americana_Brown Creeper,0.4130869507789612,2024-04-12T14:23:00Z,14:23:00
20240412_142300.WAV,21,24,Sitta carolinensis_White-breasted Nuthatch,0.8980557918548584,2024-04-12T14:23:00Z,14:23:00
20240412_142300.WAV,27,30,Certhia americana_Brown Creeper,0.6299456357955933,2024-04-12T14:23:00Z,14:23:00
20240412_142300.WAV,48,51,Certhia americana_Brown Creeper,0.8340830206871033,2024-04-12T14:23:00Z,14:23:00
20240409_154100.WAV,24,27,Poecile atricapillus_Black-capped Chickadee,0.676518440246582,2024-04-09T15:41:00Z,15:41:00
20240409_064000.WAV,0,3,Dryobates pubescens_Downy Woodpecker,0.5097602605819702,2024-04-09T06:40:00Z,06:40:00
20240409_064000.WAV,48,51,Certhia americana_Brown Creeper,0.8618068099021912,2024-04-09T06:40:00Z,06:40:00
20240414_063500.WAV,0,3,Sphyrapicus varius_Yellow-bellied Sapsucker,0.6618562340736389,2024-04-14T06:35:00Z,06:35:00
20240414_063500.WAV,18,21,Sphyrapicus varius_Yellow-bellied Sapsucker,0.5205516815185547,2024-04-14T06:35:00Z,06:35:00
20240414_063500.WAV,48,51,Sphyrapicus varius_Yellow-bellied Sapsucker,0.41279837489128113,2024-04-14T06:35:00Z,06:35:00
20240409_060500.WAV,36,39,Certhia americana_Brown Creeper,0.6311908960342407,2024-04-09T06:05:00Z,06:05:00
20240411_070800.WAV,15,18,Turdus migratorius_American Robin,0.4137428402900696,2024-04-11T07:08:00Z,07:08:00
20240415_070100.WAV,6,9,Acanthiza reguloides_Buff-rumped Thornbill,0.4714621901512146,2024-04-15T07:01:00Z,07:01:00
20240331_065800.WAV,12,15,Turdus migratorius_American Robin,0.7438302636146545,2024-03-31T06:58:00Z,06:58:00
20240410_195200.WAV,33,36,Certhia americana_Brown Creeper,0.6862103343009949,2024-04-10T19:52:00Z,19:52:00
20240409_063800.WAV,6,9,Certhia americana_Brown Creeper,0.8905035853385925,2024-04-09T06:38:00Z,06:38:00
20240409_063800.WAV,15,18,Certhia americana_Brown Creeper,0.8018778562545776,2024-04-09T06:38:00Z,06:38:00
20240409_063800.WAV,27,30,Certhia americana_Brown Creeper,0.7601537108421326,2024-04-09T06:38:00Z,06:38:00
20240410_064400.WAV,48,51,Certhia americana_Brown Creeper,0.9178508520126344,2024-04-10T06:44:00Z,06:44:00
20240414_060800.WAV,0,3,Regulus satrapa_Golden-crowned Kinglet,0.4057677090167999,2024-04-14T06:08:00Z,06:08:00
20240414_060800.WAV,3,6,Certhia americana_Brown Creeper,0.8723265528678894,2024-04-14T06:08:00Z,06:08:00
20240414_060800.WAV,9,12,Certhia americana_Brown Creeper,0.8082323670387268,2024-04-14T06:08:00Z,06:08:00
20240414_060800.WAV,12,15,Certhia americana_Brown Creeper,0.9682025909423828,2024-04-14T06:08:00Z,06:08:00
20240414_060800.WAV,18,21,Certhia americana_Brown Creeper,0.9381704330444336,2024-04-14T06:08:00Z,06:08:00
20240414_060800.WAV,24,27,Certhia americana_Brown Creeper,0.8489435315132141,2024-04-14T06:08:00Z,06:08:00
20240414_060800.WAV,27,30,Certhia americana_Brown Creeper,0.9808644652366638,2024-04-14T06:08:00Z,06:08:00
20240414_060800.WAV,33,36,Certhia americana_Brown Creeper,0.9195634126663208,2024-04-14T06:08:00Z,06:08:00
20240414_060800.WAV,36,39,Certhia americana_Brown Creeper,0.981287956237793,2024-04-14T06:08:00Z,06:08:00
20240414_060800.WAV,42,45,Certhia americana_Brown Creeper,0.9353792071342468,2024-04-14T06:08:00Z,06:08:00
20240414_060800.WAV,48,51,Certhia americana_Brown Creeper,0.9506651163101196,2024-04-14T06:08:00Z,06:08:00
20240407_150800.WAV,45,48,Regulus regulus_Goldcrest,0.4258613884449005,2024-04-07T15:08:00Z,15:08:00
20240403_154400.WAV,0,3,Porzana porzana_Spotted Crake,0.5128752589225769,2024-04-03T15:44:00Z,15:44:00
20240410_164400.WAV,0,3,Poecile atricapillus_Black-capped Chickadee,0.603317141532898,2024-04-10T16:44:00Z,16:44:00
20240410_164400.WAV,12,15,Poecile atricapillus_Black-capped Chickadee,0.4645187258720398,2024-04-10T16:44:00Z,16:44:00
20240410_164400.WAV,30,33,Poecile atricapillus_Black-capped Chickadee,0.7540795803070068,2024-04-10T16:44:00Z,16:44:00
20240410_164400.WAV,33,36,Poecile atricapillus_Black-capped Chickadee,0.46192723512649536,2024-04-10T16:44:00Z,16:44:00
20240410_164400.WAV,39,42,Sphyrapicus varius_Yellow-bellied Sapsucker,0.5020195841789246,2024-04-10T16:44:00Z,16:44:00
20240410_164400.WAV,48,51,Poecile atricapillus_Black-capped Chickadee,0.6505420207977295,2024-04-10T16:44:00Z,16:44:00
20240410_164400.WAV,51,54,Poecile atricapillus_Black-capped Chickadee,0.7009388208389282,2024-04-10T16:44:00Z,16:44:00
20240414_192300.WAV,9,12,Turdus migratorius_American Robin,0.5807932615280151,2024-04-14T19:23:00Z,19:23:00
20240409_195600.WAV,27,30,Turdus migratorius_American Robin,0.5563954710960388,2024-04-09T19:56:00Z,19:56:00
20240331_062000.WAV,3,6,Turdus migratorius_American Robin,0.42688292264938354,2024-03-31T06:20:00Z,06:20:00
20240331_062000.WAV,6,9,Turdus migratorius_American Robin,0.4148800671100617,2024-03-31T06:20:00Z,06:20:00
20240331_062000.WAV,18,21,Turdus migratorius_American Robin,0.5539523363113403,2024-03-31T06:20:00Z,06:20:00
20240331_062000.WAV,39,42,Turdus migratorius_American Robin,0.5912162065505981,2024-03-31T06:20:00Z,06:20:00
20240331_062000.WAV,45,48,Turdus migratorius_American Robin,0.417610377073288,2024-03-31T06:20:00Z,06:20:00
20240331_062000.WAV,51,54,Turdus migratorius_American Robin,0.4877309799194336,2024-03-31T06:20:00Z,06:20:00
20240409_153900.WAV,42,45,Poecile atricapillus_Black-capped Chickadee,0.4532526433467865,2024-04-09T15:39:00Z,15:39:00
20240409_153900.WAV,45,48,Poecile atricapillus_Black-capped Chickadee,0.5894622802734375,2024-04-09T15:39:00Z,15:39:00
20240414_150900.WAV,0,3,Certhia americana_Brown Creeper,0.6913458704948425,2024-04-14T15:09:00Z,15:09:00
20240414_150900.WAV,6,9,Certhia americana_Brown Creeper,0.5077130198478699,2024-04-14T15:09:00Z,15:09:00
20240414_150900.WAV,12,15,Certhia americana_Brown Creeper,0.4099067747592926,2024-04-14T15:09:00Z,15:09:00
20240414_150900.WAV,15,18,Certhia americana_Brown Creeper,0.5924108624458313,2024-04-14T15:09:00Z,15:09:00
20240414_150900.WAV,18,21,Certhia americana_Brown Creeper,0.588573694229126,2024-04-14T15:09:00Z,15:09:00
20240414_150900.WAV,39,42,Regulus satrapa_Golden-crowned Kinglet,0.6820492744445801,2024-04-14T15:09:00Z,15:09:00
20240404_162300.WAV,9,12,Porzana porzana_Spotted Crake,0.4624033868312836,2024-04-04T16:23:00Z,16:23:00
20240403_064500.WAV,18,21,Certhia americana_Brown Creeper,0.7623699307441711,2024-04-03T06:45:00Z,06:45:00
20240403_064500.WAV,18,21,Poecile atricapillus_Black-capped Chickadee,0.41834044456481934,2024-04-03T06:45:00Z,06:45:00
20240403_064500.WAV,27,30,Certhia americana_Brown Creeper,0.4391430914402008,2024-04-03T06:45:00Z,06:45:00
20240407_060900.WAV,30,33,Certhia americana_Brown Creeper,0.5510892271995544,2024-04-07T06:09:00Z,06:09:00
20240407_060900.WAV,33,36,Certhia americana_Brown Creeper,0.9101606011390686,2024-04-07T06:09:00Z,06:09:00
20240407_060900.WAV,45,48,Certhia americana_Brown Creeper,0.82318878173828125,2024-04-07T06:09:00Z,06:09:00
20240404_190800.WAV,6,9,Certhia americana_Brown Creeper,0.46487149596214294,2024-04-04T19:08:00Z,19:08:00
20240410_145800.WAV,30,33,Certhia americana_Brown Creeper,0.49481648206710815,2024-04-10T14:58:00Z,14:58:00
20240401_060300.WAV,0,3,Regulus satrapa_Golden-crowned Kinglet,0.4638967216014862,2024-04-01T06:03:00Z,06:03:00
20240407_071400.WAV,15,18,Certhia americana_Brown Creeper,0.5259473919868469,2024-04-07T07:14:00Z,07:14:00
20240407_071400.WAV,15,18,Regulus regulus_Goldcrest,0.48049408197402954,2024-04-07T07:14:00Z,07:14:00
20240407_071400.WAV,27,30,Certhia americana_Brown Creeper,0.9043177366256714,2024-04-07T07:14:00Z,07:14:00
20240407_071400.WAV,36,39,Certhia americana_Brown Creeper,0.5245593190193176,2024-04-07T07:14:00Z,07:14:00
20240407_071400.WAV,39,42,Certhia americana_Brown Creeper,0.9048439264297484,2024-04-07T07:14:00Z,07:14:00
20240407_071400.WAV,39,42,Sitta carolinensis_White-breasted Nuthatch,0.6010362505912781,2024-04-07T07:14:00Z,07:14:00
20240407_071400.WAV,48,51,Certhia americana_Brown Creeper,0.5127393007278442,2024-04-07T07:14:00Z,07:14:00
20240407_071400.WAV,51,54,Certhia americana_Brown Creeper,0.6579400300979614,2024-04-07T07:14:00Z,07:14:00
20240407_071400.WAV,51,54,Regulus regulus_Goldcrest,0.48431438207626343,2024-04-07T07:14:00Z,07:14:00
20240401_064600.WAV,0,3,Sitta carolinensis_White-breasted Nuthatch,0.4073449969291687,2024-04-01T06:46:00Z,06:46:00
20240401_064600.WAV,6,9,Certhia americana_Brown Creeper,0.9825457334518432,2024-04-01T06:46:00Z,06:46:00
20240401_064600.WAV,9,12,Sitta carolinensis_White-breasted Nuthatch,0.4342412054538727,2024-04-01T06:46:00Z,06:46:00
20240401_064600.WAV,15,18,Certhia americana_Brown Creeper,0.9147827625274658,2024-04-01T06:46:00Z,06:46:00
20240401_064600.WAV,18,21,Certhia americana_Brown Creeper,0.9789159893989564,2024-04-01T06:46:00Z,06:46:00
20240401_064600.WAV,27,30,Certhia americana_Brown Creeper,0.7671345472335815,2024-04-01T06:46:00Z,06:46:00
20240401_064600.WAV,39,42,Certhia americana_Brown Creeper,0.8965387940406799,2024-04-01T06:46:00Z,06:46:00
20240401_064600.WAV,45,48,Sitta carolinensis_White-breasted Nuthatch,0.7217234969139099,2024-04-01T06:46:00Z,06:46:00
20240401_064600.WAV,51,54,Certhia americana_Brown Creeper,0.6936880350112915,2024-04-01T06:46:00Z,06:46:00
20240401_064600.WAV,51,54,Sitta carolinensis_White-breasted Nuthatch,0.41780662536621094,2024-04-01T06:46:00Z,06:46:00
20240408_055500.WAV,6,9,Turdus migratorius_American Robin,0.48747214674949646,2024-04-08T05:55:00Z,05:55:00
20240413_143700.WAV,12,15,Poecile gambeli_Mountain Chickadee,0.5210204124450684,2024-04-13T14:37:00Z,14:37:00
20240406_062000.WAV,0,3,Certhia americana_Brown Creeper,0.5851232409477234,2024-04-06T06:20:00Z,06:20:00
20240406_062000.WAV,6,9,Certhia americana_Brown Creeper,0.6500073671340942,2024-04-06T06:20:00Z,06:20:00
20240406_062000.WAV,21,24,Certhia americana_Brown Creeper,0.5377074480056763,2024-04-06T06:20:00Z,06:20:00
20240406_062000.WAV,33,36,Certhia americana_Brown Creeper,0.6806401014328003,2024-04-06T06:20:00Z,06:20:00
20240406_062000.WAV,54,55,Certhia americana_Brown Creeper,0.5168258547782898,2024-04-06T06:20:00Z,06:20:00
20240401_192800.WAV,0,3,Turdus migratorius_American Robin,0.6699955463409424,2024-04-01T19:28:00Z,19:28:00
20240401_192800.WAV,9,12,Turdus migratorius_American Robin,0.7393344640731812,2024-04-01T19:28:00Z,19:28:00
20240401_192800.WAV,12,15,Turdus migratorius_American Robin,0.518144428730011,2024-04-01T19:28:00Z,19:28:00
20240401_192800.WAV,15,18,Turdus migratorius_American Robin,0.7414625287055969,2024-04-01T19:28:00Z,19:28:00
20240401_192800.WAV,21,24,Turdus migratorius_American Robin,0.7271515727043152,2024-04-01T19:28:00Z,19:28:00
20240401_192800.WAV,24,27,Turdus migratorius_American Robin,0.6616823077201843,2024-04-01T19:28:00Z,19:28:00
20240401_192800.WAV,33,36,Turdus migratorius_American Robin,0.5304816961288452,2024-04-01T19:28:00Z,19:28:00
20240401_192800.WAV,36,39,Turdus migratorius_American Robin,0.4668134450912475,2024-04-01T19:28:00Z,19:28:00
20240401_192800.WAV,39,42,Turdus migratorius_American Robin,0.5996522307395935,2024-04-01T19:28:00Z,19:28:00
20240401_192800.WAV,42,45,Turdus migratorius_American Robin,0.8109983205795288,2024-04-01T19:28:00Z,19:28:00
20240401_192800.WAV,45,48,Turdus migratorius_American Robin,0.7032760381698608,2024-04-01T19:28:00Z,19:28:00
20240401_192800.WAV,48,51,Turdus migratorius_American Robin,0.7964218854904175,2024-04-01T19:28:00Z,19:28:00
20240401_192800.WAV,51,54,Turdus migratorius_American Robin,0.7783135771751404,2024-04-01T19:28:00Z,19:28:00
20240408_061100.WAV,9,12,Certhia americana_Brown Creeper,0.7319300770759583,2024-04-08T06:11:00Z,06:11:00
20240408_061100.WAV,21,24,Certhia americana_Brown Creeper,0.5427125692367554,2024-04-08T06:11:00Z,06:11:00
20240408_061100.WAV,45,48,Certhia americana_Brown Creeper,0.6327822208404541,2024-04-08T06:11:00Z,06:11:00
20240415_062100.WAV,0,3,Colaptes auratus_Northern Flicker,0.5167717337608337,2024-04-15T06:21:00Z,06:21:00
20240415_062100.WAV,3,6,Certhia americana_Brown Creeper,0.8585883975028992,2024-04-15T06:21:00Z,06:21:00
20240415_062100.WAV,12,15,Certhia americana_Brown Creeper,0.7122095227241516,2024-04-15T06:21:00Z,06:21:00
20240415_062100.WAV,15,18,Certhia americana_Brown Creeper,0.5592554211616516,2024-04-15T06:21:00Z,06:21:00
20240415_062100.WAV,18,21,Colaptes auratus_Northern Flicker,0.643132209777832,2024-04-15T06:21:00Z,06:21:00
20240415_062100.WAV,36,39,Colaptes auratus_Northern Flicker,0.6527931094169617,2024-04-15T06:21:00Z,06:21:00
20240415_062100.WAV,48,51,Colaptes auratus_Northern Flicker,0.5692067742347717,2024-04-15T06:21:00Z,06:21:00
20240402_152800.WAV,18,21,Porzana porzana_Spotted Crake,0.4136621356010437,2024-04-02T15:28:00Z,15:28:00
20240402_152800.WAV,33,36,Porzana porzana_Spotted Crake,0.479338139295578,2024-04-02T15:28:00Z,15:28:00
20240402_152800.WAV,39,42,Porzana porzana_Spotted Crake,0.68583083152771,2024-04-02T15:28:00Z,15:28:00
20240408_065400.WAV,3,6,Regulus regulus_Goldcrest,0.7289475798606873,2024-04-08T06:54:00Z,06:54:00
20240408_065400.WAV,15,18,Certhia americana_Brown Creeper,0.4590144157409668,2024-04-08T06:54:00Z,06:54:00
20240408_065400.WAV,18,21,Certhia americana_Brown Creeper,0.8401403427124023,2024-04-08T06:54:00Z,06:54:00
20240408_065400.WAV,18,21,Regulus regulus_Goldcrest,0.5720742344856262,2024-04-08T06:54:00Z,06:54:00
20240408_065400.WAV,30,33,Certhia americana_Brown Creeper,0.603338897228241,2024-04-08T06:54:00Z,06:54:00
20240408_065400.WAV,30,33,Regulus regulus_Goldcrest,0.4885849058628082,2024-04-08T06:54:00Z,06:54:00
20240408_065400.WAV,42,45,Regulus regulus_Goldcrest,0.6980714797973633,2024-04-08T06:54:00Z,06:54:00
20240411_062800.WAV,0,3,Certhia americana_Brown Creeper,0.6632746458053589,2024-04-11T06:28:00Z,06:28:00
20240411_062800.WAV,18,21,Certhia americana_Brown Creeper,0.4222440123558045,2024-04-11T06:28:00Z,06:28:00
20240411_062800.WAV,45,48,Certhia americana_Brown Creeper,0.406059592962265,2024-04-11T06:28:00Z,06:28:00
20240411_062800.WAV,51,54,Certhia americana_Brown Creeper,0.7151312232017517,2024-04-11T06:28:00Z,06:28:00
20240330_192200.WAV,18,21,Turdus migratorius_American Robin,0.4785289168357849,2024-03-30T19:22:00Z,19:22:00
20240330_192200.WAV,33,36,Turdus migratorius_American Robin,0.9048950672149658,2024-03-30T19:22:00Z,19:22:00
20240330_192200.WAV,39,42,Turdus migratorius_American Robin,0.6459895372390747,2024-03-30T19:22:00Z,19:22:00
20240330_192200.WAV,48,51,Turdus migratorius_American Robin,0.9023624062538148,2024-03-30T19:22:00Z,19:22:00
20240330_192200.WAV,51,54,Turdus migratorius_American Robin,0.768866777420044,2024-03-30T19:22:00Z,19:22:00
20240411_162800.WAV,27,30,Certhia americana_Brown Creeper,0.4617716670036316,2024-04-11T16:28:00Z,16:28:00
20240411_162800.WAV,36,39,Certhia americana_Brown Creeper,0.4228004515171051,2024-04-11T16:28:00Z,16:28:00
20240411_162800.WAV,42,45,Poecile atricapillus_Black-capped Chickadee,0.4613567590713501,2024-04-11T16:28:00Z,16:28:00
20240411_162800.WAV,48,51,Poecile atricapillus_Black-capped Chickadee,0.4730531573295593,2024-04-11T16:28:00Z,16:28:00
20240412_060200.WAV,30,33,Certhia americana_Brown Creeper,0.9176064729690552,2024-04-12T06:02:00Z,06:02:00
20240412_060200.WAV,42,45,Certhia americana_Brown Creeper,0.5690546035766602,2024-04-12T06:02:00Z,06:02:00
20240412_060200.WAV,54,55,Certhia americana_Brown Creeper,0.804485559463501,2024-04-12T06:02:00Z,06:02:00
20240411_194600.WAV,0,3,Certhia americana_Brown Creeper,0.5482283234596252,2024-04-11T19:46:00Z,19:46:00
20240411_190300.WAV,6,9,Certhia americana_Brown Creeper,0.8900676369667053,2024-04-11T19:03:00Z,19:03:00
20240411_190300.WAV,42,45,Botaurus lentiginosus_American Bittern,0.7295529246330261,2024-04-11T19:03:00Z,19:03:00
20240407_192000.WAV,30,33,Regulus regulus_Goldcrest,0.4986383020877838,2024-04-07T19:20:00Z,19:20:00
20240407_192000.WAV,39,42,Regulus regulus_Goldcrest,0.7912944555282593,2024-04-07T19:20:00Z,19:20:00
20240407_192000.WAV,48,51,Certhia americana_Brown Creeper,0.6436108946800232,2024-04-07T19:20:00Z,19:20:00
20240410_054700.WAV,21,24,Turdus migratorius_American Robin,0.4811418354511261,2024-04-10T05:47:00Z,05:47:00
20240410_054700.WAV,27,30,Turdus migratorius_American Robin,0.6845640540122986,2024-04-10T05:47:00Z,05:47:00
20240411_143600.WAV,0,3,Certhia americana_Brown Creeper,0.9122923016548156,2024-04-11T14:36:00Z,14:36:00
20240411_143600.WAV,18,21,Certhia americana_Brown Creeper,0.47566694021224976,2024-04-11T14:36:00Z,14:36:00
20240411_143600.WAV,21,24,Certhia americana_Brown Creeper,0.9223452210426332,2024-04-11T14:36:00Z,14:36:00
20240411_143600.WAV,51,54,Certhia americana_Brown Creeper,0.951066792011261,2024-04-11T14:36:00Z,14:36:00
20240404_062100.WAV,0,3,Turdus migratorius_American Robin,0.6976844668388367,2024-04-04T06:21:00Z,06:21:00
20240404_062100.WAV,9,12,Turdus migratorius_American Robin,0.6246643662452698,2024-04-04T06:21:00Z,06:21:00
20240412_145900.WAV,6,9,Certhia americana_Brown Creeper,0.650921106338501,2024-04-12T14:59:00Z,14:59:00
20240410_150200.WAV,6,9,Certhia americana_Brown Creeper,0.750872790813446,2024-04-10T15:02:00Z,15:02:00
20240410_150200.WAV,18,21,Certhia americana_Brown Creeper,0.9711824655532836,2024-04-10T15:02:00Z,15:02:00
20240410_150200.WAV,33,36,Certhia americana_Brown Creeper,0.914373517036438,2024-04-10T15:02:00Z,15:02:00
20240410_150200.WAV,36,39,Certhia americana_Brown Creeper,0.8590521216392517,2024-04-10T15:02:00Z,15:02:00
20240410_150200.WAV,48,51,Certhia americana_Brown Creeper,0.9734097719192504,2024-04-10T15:02:00Z,15:02:00
20240409_191100.WAV,15,18,Sayornis phoebe_Eastern Phoebe,0.923286497592926,2024-04-09T19:11:00Z,19:11:00
20240409_195400.WAV,18,21,Turdus migratorius_American Robin,0.47074171900749207,2024-04-09T19:54:00Z,19:54:00
20240409_195400.WAV,24,27,Turdus migratorius_American Robin,0.6315222978591919,2024-04-09T19:54:00Z,19:54:00
20240409_195400.WAV,27,30,Turdus migratorius_American Robin,0.94410902261734,2024-04-09T19:54:00Z,19:54:00
20240409_195400.WAV,30,33,Turdus migratorius_American Robin,0.5099687576293945,2024-04-09T19:54:00Z,19:54:00
20240409_195400.WAV,42,45,Turdus migratorius_American Robin,0.5904478430747986,2024-04-09T19:54:00Z,19:54:00
20240410_192800.WAV,0,3,Certhia americana_Brown Creeper,0.606674313545227,2024-04-10T19:28:00Z,19:28:00
20240410_192800.WAV,6,9,Certhia americana_Brown Creeper,0.5720886588096619,2024-04-10T19:28:00Z,19:28:00
20240410_192800.WAV,9,12,Certhia americana_Brown Creeper,0.8685252666473389,2024-04-10T19:28:00Z,19:28:00
20240410_192800.WAV,21,24,Certhia americana_Brown Creeper,0.8304392099380493,2024-04-10T19:28:00Z,19:28:00
20240410_192800.WAV,33,36,Certhia americana_Brown Creeper,0.9670513868331908,2024-04-10T19:28:00Z,19:28:00
20240410_192800.WAV,45,48,Certhia americana_Brown Creeper,0.9249566197395324,2024-04-10T19:28:00Z,19:28:00
20240331_062200.WAV,12,15,Turdus migratorius_American Robin,0.5218780636787415,2024-03-31T06:22:00Z,06:22:00
20240331_062200.WAV,15,18,Turdus migratorius_American Robin,0.6734407544136047,2024-03-31T06:22:00Z,06:22:00
20240331_062200.WAV,24,27,Turdus migratorius_American Robin,0.49644213914871216,2024-03-31T06:22:00Z,06:22:00
20240331_062200.WAV,33,36,Turdus migratorius_American Robin,0.5086202025413513,2024-03-31T06:22:00Z,06:22:00
20240331_062200.WAV,39,42,Turdus migratorius_American Robin,0.4644784927368164,2024-03-31T06:22:00Z,06:22:00
20240331_062200.WAV,42,45,Turdus migratorius_American Robin,0.6292941570281982,2024-03-31T06:22:00Z,06:22:00
20240331_062200.WAV,45,48,Turdus migratorius_American Robin,0.6274107694625854,2024-03-31T06:22:00Z,06:22:00
20240331_162200.WAV,24,27,Regulus satrapa_Golden-crowned Kinglet,0.5172518491744995,2024-03-31T16:22:00Z,16:22:00
20240410_064600.WAV,0,3,Certhia americana_Brown Creeper,0.5884095430374146,2024-04-10T06:46:00Z,06:46:00
20240410_064600.WAV,3,6,Turdus migratorius_American Robin,0.5404019355773926,2024-04-10T06:46:00Z,06:46:00
20240410_064600.WAV,9,12,Certhia americana_Brown Creeper,0.4249105453491211,2024-04-10T06:46:00Z,06:46:00
20240401_145800.WAV,42,45,Aegolius acadicus_Northern Saw-whet Owl,0.7063402533531189,2024-04-01T14:58:00Z,14:58:00
20240402_143700.WAV,42,45,Porzana porzana_Spotted Crake,0.7581270933151245,2024-04-02T14:37:00Z,14:37:00
20240402_143700.WAV,45,48,Porzana porzana_Spotted Crake,0.5529546737670898,2024-04-02T14:37:00Z,14:37:00
20240410_164600.WAV,6,9,Poecile atricapillus_Black-capped Chickadee,0.41464605927467346,2024-04-10T16:46:00Z,16:46:00
20240410_164600.WAV,15,18,Poecile atricapillus_Black-capped Chickadee,0.4126770198345184,2024-04-10T16:46:00Z,16:46:00
20240410_164600.WAV,21,24,Sphyrapicus varius_Yellow-bellied Sapsucker,0.555906355381012,2024-04-10T16:46:00Z,16:46:00
20240410_164600.WAV,33,36,Regulus regulus_Goldcrest,0.8830827474594116,2024-04-10T16:46:00Z,16:46:00
20240411_190100.WAV,39,42,Regulus regulus_Goldcrest,0.5711919069290161,2024-04-11T19:01:00Z,19:01:00
20240408_061300.WAV,9,12,Certhia americana_Brown Creeper,0.4880089163780213,2024-04-08T06:13:00Z,06:13:00
20240408_061300.WAV,21,24,Certhia americana_Brown Creeper,0.6094485521316528,2024-04-08T06:13:00Z,06:13:00
20240408_061300.WAV,30,33,Certhia americana_Brown Creeper,0.98835688829422,2024-04-08T06:13:00Z,06:13:00
20240415_062300.WAV,9,12,Colaptes auratus_Northern Flicker,0.5432774424552917,2024-04-15T06:23:00Z,06:23:00
20240415_062300.WAV,24,27,Colaptes auratus_Northern Flicker,0.5007604956626892,2024-04-15T06:23:00Z,06:23:00
20240415_062300.WAV,42,45,Colaptes auratus_Northern Flicker,0.6782957315444946,2024-04-15T06:23:00Z,06:23:00
20240330_192000.WAV,15,18,Turdus migratorius_American Robin,0.6702058911323547,2024-03-30T19:20:00Z,19:20:00
20240330_192000.WAV,30,33,Turdus migratorius_American Robin,0.615882933139801,2024-03-30T19:20:00Z,19:20:00
20240330_192000.WAV,33,36,Turdus migratorius_American Robin,0.643334150314331,2024-03-30T19:20:00Z,19:20:00
20240416_060900.WAV,6,9,Sphyrapicus varius_Yellow-bellied Sapsucker,0.4962960481643677,2024-04-16T06:09:00Z,06:09:00
20240416_060900.WAV,36,39,Sphyrapicus varius_Yellow-bellied Sapsucker,0.8767078518867493,2024-04-16T06:09:00Z,06:09:00
20240416_060900.WAV,42,45,Poecile atricapillus_Black-capped Chickadee,0.4521084725856781,2024-04-16T06:09:00Z,06:09:00
20240412_060000.WAV,3,6,Certhia americana_Brown Creeper,0.8182740807533264,2024-04-12T06:00:00Z,06:00:00
20240412_060000.WAV,12,15,Certhia americana_Brown Creeper,0.8046948909759521,2024-04-12T06:00:00Z,06:00:00
20240412_060000.WAV,21,24,Certhia americana_Brown Creeper,0.7879051566123962,2024-04-12T06:00:00Z,06:00:00
20240412_060000.WAV,27,30,Certhia americana_Brown Creeper,0.5938173532485962,2024-04-12T06:00:00Z,06:00:00
20240412_060000.WAV,30,33,Certhia americana_Brown Creeper,0.8564643859863281,2024-04-12T06:00:00Z,06:00:00
20240412_060000.WAV,36,39,Certhia americana_Brown Creeper,0.96590423583984375,2024-04-12T06:00:00Z,06:00:00
20240412_060000.WAV,42,45,Certhia americana_Brown Creeper,0.690057635307312,2024-04-12T06:00:00Z,06:00:00
20240402_190000.WAV,39,42,Turdus migratorius_American Robin,0.7223617434501648,2024-04-02T19:00:00Z,19:00:00
20240406_190900.WAV,15,18,Turdus migratorius_American Robin,0.5604109168052673,2024-04-06T19:09:00Z,19:09:00
20240401_064400.WAV,0,3,Certhia americana_Brown Creeper,0.9860921502113342,2024-04-01T06:44:00Z,06:44:00
20240401_064400.WAV,9,12,Certhia americana_Brown Creeper,0.9894680380821228,2024-04-01T06:44:00Z,06:44:00
20240401_064400.WAV,12,15,Certhia americana_Brown Creeper,0.988955020904541,2024-04-01T06:44:00Z,06:44:00
20240401_064400.WAV,15,18,Certhia americana_Brown Creeper,0.6375041007995605,2024-04-01T06:44:00Z,06:44:00
20240401_064400.WAV,21,24,Certhia americana_Brown Creeper,0.9959482550621032,2024-04-01T06:44:00Z,06:44:00
20240401_064400.WAV,24,27,Certhia americana_Brown Creeper,0.44629907608032227,2024-04-01T06:44:00Z,06:44:00
20240401_064400.WAV,27,30,Certhia americana_Brown Creeper,0.991555631160736,2024-04-01T06:44:00Z,06:44:00
20240401_064400.WAV,30,33,Certhia americana_Brown Creeper,0.9833651185035706,2024-04-01T06:44:00Z,06:44:00
20240401_064400.WAV,36,39,Certhia americana_Brown Creeper,0.5105212926864624,2024-04-01T06:44:00Z,06:44:00
20240401_064400.WAV,36,39,Regulus regulus_Goldcrest,0.418346643447876,2024-04-01T06:44:00Z,06:44:00
20240401_064400.WAV,39,42,Certhia americana_Brown Creeper,0.9949349761009216,2024-04-01T06:44:00Z,06:44:00
20240401_064400.WAV,45,48,Certhia americana_Brown Creeper,0.5247727036476135,2024-04-01T06:44:00Z,06:44:00
20240401_064400.WAV,48,51,Certhia americana_Brown Creeper,0.9835528135299684,2024-04-01T06:44:00Z,06:44:00
20240405_060800.WAV,36,39,Turdus migratorius_American Robin,0.5951393246650696,2024-04-05T06:08:00Z,06:08:00
20240405_060800.WAV,39,42,Turdus migratorius_American Robin,0.7196564674377441,2024-04-05T06:08:00Z,06:08:00
20240405_060800.WAV,45,48,Turdus migratorius_American Robin,0.4960945248603821,2024-04-05T06:08:00Z,06:08:00
20240405_060800.WAV,48,51,Turdus migratorius_American Robin,0.7585387229919434,2024-04-05T06:08:00Z,06:08:00
20240405_060800.WAV,51,54,Turdus migratorius_American Robin,0.8896277546882629,2024-04-05T06:08:00Z,06:08:00
20240413_143500.WAV,0,3,Poecile atricapillus_Black-capped Chickadee,0.4260446727275848,2024-04-13T14:35:00Z,14:35:00
20240413_143500.WAV,3,6,Poecile gambeli_Mountain Chickadee,0.6657639145851135,2024-04-13T14:35:00Z,14:35:00
20240413_143500.WAV,6,9,Poecile gambeli_Mountain Chickadee,0.470543771982193,2024-04-13T14:35:00Z,14:35:00
20240413_143500.WAV,12,15,Poecile gambeli_Mountain Chickadee,0.5367316007614136,2024-04-13T14:35:00Z,14:35:00
20240413_143500.WAV,30,33,Poecile gambeli_Mountain Chickadee,0.5367028117179871,2024-04-13T14:35:00Z,14:35:00
20240413_143500.WAV,33,36,Poecile gambeli_Mountain Chickadee,0.5872763991355896,2024-04-13T14:35:00Z,14:35:00
20240413_143500.WAV,36,39,Poecile gambeli_Mountain Chickadee,0.4149884581565857,2024-04-13T14:35:00Z,14:35:00
20240405_160800.WAV,39,42,Aegolius acadicus_Northern Saw-whet Owl,0.4875642955303192,2024-04-05T16:08:00Z,16:08:00
20240406_062200.WAV,3,6,Certhia americana_Brown Creeper,0.7039334774017334,2024-04-06T06:22:00Z,06:22:00
20240406_062200.WAV,6,9,Certhia americana_Brown Creeper,0.4908389151096344,2024-04-06T06:22:00Z,06:22:00
20240406_062200.WAV,9,12,Certhia americana_Brown Creeper,0.4747125804424286,2024-04-06T06:22:00Z,06:22:00
20240406_062200.WAV,15,18,Certhia americana_Brown Creeper,0.5598012804985046,2024-04-06T06:22:00Z,06:22:00
20240406_062200.WAV,18,21,Certhia americana_Brown Creeper,0.4706367552280426,2024-04-06T06:22:00Z,06:22:00
20240406_062200.WAV,24,27,Certhia americana_Brown Creeper,0.5708025097846985,2024-04-06T06:22:00Z,06:22:00
20240406_062200.WAV,36,39,Certhia americana_Brown Creeper,0.6046544909477234,2024-04-06T06:22:00Z,06:22:00
20240406_062200.WAV,42,45,Certhia americana_Brown Creeper,0.7513111233711243,2024-04-06T06:22:00Z,06:22:00
20240406_062200.WAV,48,51,Certhia americana_Brown Creeper,0.7572247982025146,2024-04-06T06:22:00Z,06:22:00
20240406_062200.WAV,51,54,Certhia americana_Brown Creeper,0.6607712507247925,2024-04-06T06:22:00Z,06:22:00
20240401_191700.WAV,12,15,Turdus migratorius_American Robin,0.4603384733200073,2024-04-01T19:17:00Z,19:17:00
20240401_191700.WAV,27,30,Turdus migratorius_American Robin,0.5095882415771484,2024-04-01T19:17:00Z,19:17:00
20240401_191700.WAV,33,36,Turdus migratorius_American Robin,0.46014243364334106,2024-04-01T19:17:00Z,19:17:00
20240405_063500.WAV,39,42,Turdus migratorius_American Robin,0.4904049336910248,2024-04-05T06:35:00Z,06:35:00
20240411_055300.WAV,21,24,Certhia americana_Brown Creeper,0.43918511271476746,2024-04-11T05:53:00Z,05:53:00
20240411_055300.WAV,24,27,Certhia americana_Brown Creeper,0.5896489024162292,2024-04-11T05:53:00Z,05:53:00
20240402_065300.WAV,21,24,Turdus migratorius_American Robin,0.46516650915145874,2024-04-02T06:53:00Z,06:53:00
20240402_065300.WAV,24,27,Turdus migratorius_American Robin,0.5418521165847778,2024-04-02T06:53:00Z,06:53:00
20240405_163500.WAV,39,42,Porzana porzana_Spotted Crake,0.4686393141746521,2024-04-05T16:35:00Z,16:35:00
20240415_193500.WAV,0,3,Certhia americana_Brown Creeper,0.7863591909408569,2024-04-15T19:35:00Z,19:35:00
20240415_193500.WAV,33,36,Certhia americana_Brown Creeper,0.7995815277099609,2024-04-15T19:35:00Z,19:35:00
20240331_070200.WAV,0,3,Turdus migratorius_American Robin,0.62554168701171875,2024-03-31T07:02:00Z,07:02:00
20240331_070200.WAV,33,36,Certhia americana_Brown Creeper,0.6304510831832886,2024-03-31T07:02:00Z,07:02:00
20240331_070200.WAV,39,42,Certhia americana_Brown Creeper,0.8772785067558289,2024-03-31T07:02:00Z,07:02:00
20240331_070200.WAV,51,54,Regulus satrapa_Golden-crowned Kinglet,0.5909572839736938,2024-03-31T07:02:00Z,07:02:00
20240411_061700.WAV,9,12,Certhia americana_Brown Creeper,0.9537627696990968,2024-04-11T06:17:00Z,06:17:00
20240411_061700.WAV,15,18,Certhia americana_Brown Creeper,0.40528279542922974,2024-04-11T06:17:00Z,06:17:00
20240411_061700.WAV,21,24,Certhia americana_Brown Creeper,0.5881885290145874,2024-04-11T06:17:00Z,06:17:00
20240411_065200.WAV,0,3,Certhia americana_Brown Creeper,0.9265683889389038,2024-04-11T06:52:00Z,06:52:00
20240411_065200.WAV,3,6,Dryobates pubescens_Downy Woodpecker,0.6893901228904724,2024-04-11T06:52:00Z,06:52:00
20240411_065200.WAV,9,12,Certhia americana_Brown Creeper,0.8885124921798706,2024-04-11T06:52:00Z,06:52:00
20240411_065200.WAV,18,21,Certhia americana_Brown Creeper,0.9202549457550048,2024-04-11T06:52:00Z,06:52:00
20240411_065200.WAV,27,30,Certhia americana_Brown Creeper,0.7949299216270447,2024-04-11T06:52:00Z,06:52:00
20240411_065200.WAV,36,39,Certhia americana_Brown Creeper,0.49944522976875305,2024-04-11T06:52:00Z,06:52:00
20240402_151700.WAV,39,42,Porzana porzana_Spotted Crake,0.5984148979187012,2024-04-02T15:17:00Z,15:17:00
20240402_151700.WAV,48,51,Porzana porzana_Spotted Crake,0.4243645668029785,2024-04-02T15:17:00Z,15:17:00
20240411_161700.WAV,15,18,Certhia americana_Brown Creeper,0.6365312337875366,2024-04-11T16:17:00Z,16:17:00
20240416_063400.WAV,3,6,Certhia americana_Brown Creeper,0.7118375301361084,2024-04-16T06:34:00Z,06:34:00
20240410_195000.WAV,0,3,Turdus migratorius_American Robin,0.4017181694507599,2024-04-10T19:50:00Z,19:50:00
20240410_195000.WAV,18,21,Turdus migratorius_American Robin,0.4449095726013184,2024-04-10T19:50:00Z,19:50:00
20240410_195000.WAV,33,36,Certhia americana_Brown Creeper,0.7717989683151245,2024-04-10T19:50:00Z,19:50:00
20240410_195000.WAV,36,39,Turdus migratorius_American Robin,0.4230986535549164,2024-04-10T19:50:00Z,19:50:00
20240410_195000.WAV,51,54,Turdus migratorius_American Robin,0.6806386113166809,2024-04-10T19:50:00Z,19:50:00
20240331_193400.WAV,9,12,Turdus migratorius_American Robin,0.7064440846443176,2024-03-31T19:34:00Z,19:34:00
20240409_064200.WAV,3,6,Certhia americana_Brown Creeper,0.8504405617713928,2024-04-09T06:42:00Z,06:42:00
20240409_064200.WAV,9,12,Certhia americana_Brown Creeper,0.5503061413764954,2024-04-09T06:42:00Z,06:42:00
20240409_064200.WAV,12,15,Certhia americana_Brown Creeper,0.8938309550285339,2024-04-09T06:42:00Z,06:42:00
20240409_064200.WAV,15,18,Certhia americana_Brown Creeper,0.6759535670280457,2024-04-09T06:42:00Z,06:42:00
20240409_064200.WAV,21,24,Certhia americana_Brown Creeper,0.8562005758285522,2024-04-09T06:42:00Z,06:42:00
20240409_064200.WAV,27,30,Certhia americana_Brown Creeper,0.9515038132667542,2024-04-09T06:42:00Z,06:42:00
20240409_064200.WAV,30,33,Certhia americana_Brown Creeper,0.8257817625999451,2024-04-09T06:42:00Z,06:42:00
20240409_064200.WAV,33,36,Certhia americana_Brown Creeper,0.907699465751648,2024-04-09T06:42:00Z,06:42:00
20240409_064200.WAV,36,39,Certhia americana_Brown Creeper,0.8555156588554382,2024-04-09T06:42:00Z,06:42:00
20240409_064200.WAV,39,42,Certhia americana_Brown Creeper,0.44341179728508,2024-04-09T06:42:00Z,06:42:00
20240409_064200.WAV,42,45,Certhia americana_Brown Creeper,0.9463298916816713,2024-04-09T06:42:00Z,06:42:00
20240409_064200.WAV,48,51,Certhia americana_Brown Creeper,0.9730976819992064,2024-04-09T06:42:00Z,06:42:00
20240409_064200.WAV,51,54,Certhia americana_Brown Creeper,0.9568231105804444,2024-04-09T06:42:00Z,06:42:00
20240414_063700.WAV,12,15,Sphyrapicus varius_Yellow-bellied Sapsucker,0.6045199036598206,2024-04-14T06:37:00Z,06:37:00
20240414_063700.WAV,24,27,Sphyrapicus varius_Yellow-bellied Sapsucker,0.5572959184646606,2024-04-14T06:37:00Z,06:37:00
20240409_060700.WAV,21,24,Certhia americana_Brown Creeper,0.4249748885631562,2024-04-09T06:07:00Z,06:07:00
20240409_060700.WAV,45,48,Certhia americana_Brown Creeper,0.7202209830284119,2024-04-09T06:07:00Z,06:07:00
20240409_164200.WAV,27,30,Regulus regulus_Goldcrest,0.7196569442749023,2024-04-09T16:42:00Z,16:42:00
20240409_164200.WAV,45,48,Certhia americana_Brown Creeper,0.923700749874115,2024-04-09T16:42:00Z,16:42:00
20240413_061400.WAV,0,3,Turdus migratorius_American Robin,0.5198940634727478,2024-04-13T06:14:00Z,06:14:00
20240406_140300.WAV,21,24,Turdus migratorius_American Robin,0.42601415514945984,2024-04-06T14:03:00Z,14:03:00
20240413_065100.WAV,36,39,Botaurus lentiginosus_American Bittern,0.4524163007736206,2024-04-13T06:51:00Z,06:51:00
20240406_144600.WAV,0,3,Poecile atricapillus_Black-capped Chickadee,0.5092476010322571,2024-04-06T14:46:00Z,14:46:00
20240406_144600.WAV,3,6,Poecile atricapillus_Black-capped Chickadee,0.4791400730609894,2024-04-06T14:46:00Z,14:46:00
20240406_144600.WAV,9,12,Poecile atricapillus_Black-capped Chickadee,0.6756508350372314,2024-04-06T14:46:00Z,14:46:00
20240406_144600.WAV,15,18,Poecile atricapillus_Black-capped Chickadee,0.583185613155365,2024-04-06T14:46:00Z,14:46:00
20240406_144600.WAV,18,21,Poecile atricapillus_Black-capped Chickadee,0.6459856629371643,2024-04-06T14:46:00Z,14:46:00
20240406_144600.WAV,21,24,Poecile atricapillus_Black-capped Chickadee,0.6020607948303223,2024-04-06T14:46:00Z,14:46:00
20240406_144600.WAV,36,39,Poecile atricapillus_Black-capped Chickadee,0.584701657295227,2024-04-06T14:46:00Z,14:46:00
20240406_144600.WAV,39,42,Poecile atricapillus_Black-capped Chickadee,0.596713662147522,2024-04-06T14:46:00Z,14:46:00
20240406_144600.WAV,42,45,Poecile atricapillus_Black-capped Chickadee,0.4577791094779968,2024-04-06T14:46:00Z,14:46:00
20240406_144600.WAV,48,51,Poecile atricapillus_Black-capped Chickadee,0.47653868794441223,2024-04-06T14:46:00Z,14:46:00
20240407_163600.WAV,0,3,Poecile atricapillus_Black-capped Chickadee,0.6022347807884216,2024-04-07T16:36:00Z,16:36:00
20240407_163600.WAV,3,6,Poecile atricapillus_Black-capped Chickadee,0.674176812171936,2024-04-07T16:36:00Z,16:36:00
20240407_163600.WAV,6,9,Poecile atricapillus_Black-capped Chickadee,0.43799105286598206,2024-04-07T16:36:00Z,16:36:00
20240407_163600.WAV,33,36,Poecile atricapillus_Black-capped Chickadee,0.458713561296463,2024-04-07T16:36:00Z,16:36:00
20240415_140200.WAV,6,9,Certhia americana_Brown Creeper,0.9774662852287292,2024-04-15T14:02:00Z,14:02:00
20240415_140200.WAV,9,12,Certhia americana_Brown Creeper,0.9796698093414308,2024-04-15T14:02:00Z,14:02:00
20240415_140200.WAV,24,27,Certhia americana_Brown Creeper,0.970015287399292,2024-04-15T14:02:00Z,14:02:00
20240415_140200.WAV,27,30,Certhia americana_Brown Creeper,0.9186906218528748,2024-04-15T14:02:00Z,14:02:00
20240415_140200.WAV,33,36,Certhia americana_Brown Creeper,0.9955025315284728,2024-04-15T14:02:00Z,14:02:00
20240415_140200.WAV,39,42,Certhia americana_Brown Creeper,0.4165842235088349,2024-04-15T14:02:00Z,14:02:00
20240415_140200.WAV,42,45,Certhia americana_Brown Creeper,0.9693175554275512,2024-04-15T14:02:00Z,14:02:00
20240415_140200.WAV,45,48,Certhia americana_Brown Creeper,0.918580174446106,2024-04-15T14:02:00Z,14:02:00
20240415_140200.WAV,48,51,Certhia americana_Brown Creeper,0.623721182346344,2024-04-15T14:02:00Z,14:02:00
20240407_063600.WAV,39,42,Certhia americana_Brown Creeper,0.8465864062309265,2024-04-07T06:36:00Z,06:36:00
20240407_063600.WAV,51,54,Certhia americana_Brown Creeper,0.5896677374839783,2024-04-07T06:36:00Z,06:36:00
20240412_142100.WAV,3,6,Sitta carolinensis_White-breasted Nuthatch,0.43913885951042175,2024-04-12T14:21:00Z,14:21:00
20240412_142100.WAV,21,24,Certhia americana_Brown Creeper,0.6882889866828918,2024-04-12T14:21:00Z,14:21:00
20240412_142100.WAV,30,33,Sitta carolinensis_White-breasted Nuthatch,0.675606369972229,2024-04-12T14:21:00Z,14:21:00
20240409_154300.WAV,45,48,Poecile atricapillus_Black-capped Chickadee,0.6145904064178467,2024-04-09T15:43:00Z,15:43:00
20240409_154300.WAV,51,54,Regulus regulus_Goldcrest,0.6755795478820801,2024-04-09T15:43:00Z,15:43:00
20240411_063300.WAV,48,51,Certhia americana_Brown Creeper,0.9533156752586364,2024-04-11T06:33:00Z,06:33:00
20240404_142400.WAV,51,54,Porzana porzana_Spotted Crake,0.4149651229381562,2024-04-04T14:24:00Z,14:24:00
20240412_061900.WAV,3,6,Sitta carolinensis_White-breasted Nuthatch,0.4018246829509735,2024-04-12T06:19:00Z,06:19:00
20240412_061900.WAV,6,9,Certhia americana_Brown Creeper,0.880185604095459,2024-04-12T06:19:00Z,06:19:00
20240412_061900.WAV,12,15,Certhia americana_Brown Creeper,0.9302408695220948,2024-04-12T06:19:00Z,06:19:00
20240412_061900.WAV,15,18,Certhia americana_Brown Creeper,0.5501375198364258,2024-04-12T06:19:00Z,06:19:00
20240412_061900.WAV,21,24,Certhia americana_Brown Creeper,0.843917965888977,2024-04-12T06:19:00Z,06:19:00
20240412_061900.WAV,27,30,Certhia americana_Brown Creeper,0.8789257407188416,2024-04-12T06:19:00Z,06:19:00
20240412_061900.WAV,30,33,Corvus brachyrhynchos_American Crow,0.6082085967063904,2024-04-12T06:19:00Z,06:19:00
20240412_061900.WAV,30,33,Certhia americana_Brown Creeper,0.7159140110015869,2024-04-12T06:19:00Z,06:19:00
20240412_061900.WAV,30,33,Poecile atricapillus_Black-capped Chickadee,0.6585373282432556,2024-04-12T06:19:00Z,06:19:00
20240412_061900.WAV,42,45,Certhia americana_Brown Creeper,0.9828745126724244,2024-04-12T06:19:00Z,06:19:00
20240412_061900.WAV,45,48,Certhia americana_Brown Creeper,0.6115885972976685,2024-04-12T06:19:00Z,06:19:00
20240412_061900.WAV,48,51,Certhia americana_Brown Creeper,0.9588317275047302,2024-04-12T06:19:00Z,06:19:00
20240410_070700.WAV,3,6,Certhia americana_Brown Creeper,0.5360116362571716,2024-04-10T07:07:00Z,07:07:00
20240410_070700.WAV,6,9,Certhia americana_Brown Creeper,0.7798726558685303,2024-04-10T07:07:00Z,07:07:00
20240410_070700.WAV,18,21,Certhia americana_Brown Creeper,0.8868646621704102,2024-04-10T07:07:00Z,07:07:00
20240410_070700.WAV,24,27,Certhia americana_Brown Creeper,0.6463623046875,2024-04-10T07:07:00Z,07:07:00
20240410_070700.WAV,33,36,Certhia americana_Brown Creeper,0.8728932738304138,2024-04-10T07:07:00Z,07:07:00
20240410_070700.WAV,42,45,Certhia americana_Brown Creeper,0.6987831592559814,2024-04-10T07:07:00Z,07:07:00
20240410_070700.WAV,45,48,Certhia americana_Brown Creeper,0.534608006477356,2024-04-10T07:07:00Z,07:07:00
20240416_061000.WAV,12,15,Sphyrapicus varius_Yellow-bellied Sapsucker,0.7115835547447205,2024-04-16T06:10:00Z,06:10:00
20240405_155500.WAV,30,33,Regulus satrapa_Golden-crowned Kinglet,0.420950710773468,2024-04-05T15:55:00Z,15:55:00
20240405_155500.WAV,36,39,Regulus satrapa_Golden-crowned Kinglet,0.625931441783905,2024-04-05T15:55:00Z,15:55:00
20240405_155500.WAV,51,54,Certhia americana_Brown Creeper,0.6883757710456848,2024-04-05T15:55:00Z,15:55:00
20240411_191800.WAV,12,15,Certhia americana_Brown Creeper,0.9780133366584778,2024-04-11T19:18:00Z,19:18:00
20240411_191800.WAV,27,30,Certhia americana_Brown Creeper,0.860495924949646,2024-04-11T19:18:00Z,19:18:00
20240415_191100.WAV,21,24,Certhia americana_Brown Creeper,0.5585051774978638,2024-04-15T19:11:00Z,19:11:00
20240415_191100.WAV,30,33,Certhia americana_Brown Creeper,0.4696349501609802,2024-04-15T19:11:00Z,19:11:00
20240405_061100.WAV,3,6,Turdus migratorius_American Robin,0.503634512424469,2024-04-05T06:11:00Z,06:11:00
20240405_061100.WAV,9,12,Turdus migratorius_American Robin,0.45569467544555664,2024-04-05T06:11:00Z,06:11:00
20240405_061100.WAV,15,18,Turdus migratorius_American Robin,0.40784046053886414,2024-04-05T06:11:00Z,06:11:00
20240405_061100.WAV,21,24,Turdus migratorius_American Robin,0.46207717061042786,2024-04-05T06:11:00Z,06:11:00
20240405_061100.WAV,36,39,Turdus migratorius_American Robin,0.4334447979927063,2024-04-05T06:11:00Z,06:11:00
20240405_061100.WAV,42,45,Turdus migratorius_American Robin,0.6211716532707214,2024-04-05T06:11:00Z,06:11:00
20240405_061100.WAV,48,51,Turdus migratorius_American Robin,0.7154701352119446,2024-04-05T06:11:00Z,06:11:00
20240405_061100.WAV,51,54,Turdus migratorius_American Robin,0.6031692028045654,2024-04-05T06:11:00Z,06:11:00
20240410_140600.WAV,15,18,Dryobates pubescens_Downy Woodpecker,0.9689822196960448,2024-04-10T14:06:00Z,14:06:00
20240405_065400.WAV,0,3,Turdus migratorius_American Robin,0.5184117555618286,2024-04-05T06:54:00Z,06:54:00
20240405_065400.WAV,3,6,Turdus migratorius_American Robin,0.5612355470657349,2024-04-05T06:54:00Z,06:54:00
20240405_065400.WAV,6,9,Turdus migratorius_American Robin,0.7452337741851807,2024-04-05T06:54:00Z,06:54:00
20240405_065400.WAV,24,27,Turdus migratorius_American Robin,0.7083371877670288,2024-04-05T06:54:00Z,06:54:00
20240405_065400.WAV,30,33,Turdus migratorius_American Robin,0.6064956784248352,2024-04-05T06:54:00Z,06:54:00
20240405_065400.WAV,33,36,Turdus migratorius_American Robin,0.4889554679393768,2024-04-05T06:54:00Z,06:54:00
20240405_065400.WAV,36,39,Turdus migratorius_American Robin,0.45366427302360535,2024-04-05T06:54:00Z,06:54:00
20240405_065400.WAV,42,45,Turdus migratorius_American Robin,0.5847475528717041,2024-04-05T06:54:00Z,06:54:00
20240405_065400.WAV,45,48,Turdus migratorius_American Robin,0.6269331574440002,2024-04-05T06:54:00Z,06:54:00
20240401_061800.WAV,12,15,Turdus migratorius_American Robin,0.5060670375823975,2024-04-01T06:18:00Z,06:18:00
20240411_153200.WAV,15,18,Regulus regulus_Goldcrest,0.4366327226161957,2024-04-11T15:32:00Z,15:32:00
20240411_153200.WAV,21,24,Certhia americana_Brown Creeper,0.42036867141723633,2024-04-11T15:32:00Z,15:32:00
20240402_063200.WAV,3,6,Turdus migratorius_American Robin,0.6192465424537659,2024-04-02T06:32:00Z,06:32:00
20240402_063200.WAV,51,54,Turdus migratorius_American Robin,0.41107600927352905,2024-04-02T06:32:00Z,06:32:00
20240406_191000.WAV,36,39,Turdus migratorius_American Robin,0.631067156791687,2024-04-06T19:10:00Z,19:10:00
20240404_063800.WAV,3,6,Certhia americana_Brown Creeper,0.9526638388633728,2024-04-04T06:38:00Z,06:38:00
20240404_063800.WAV,9,12,Corvus brachyrhynchos_American Crow,0.629181444644928,2024-04-04T06:38:00Z,06:38:00
20240404_063800.WAV,48,51,Certhia americana_Brown Creeper,0.6979020237922668,2024-04-04T06:38:00Z,06:38:00
20240413_153100.WAV,21,24,Porzana porzana_Spotted Crake,0.45560014247894287,2024-04-13T15:31:00Z,15:31:00
20240408_141600.WAV,0,3,Certhia americana_Brown Creeper,0.898266077041626,2024-04-08T14:16:00Z,14:16:00
20240408_141600.WAV,18,21,Certhia americana_Brown Creeper,0.7175857424736023,2024-04-08T14:16:00Z,14:16:00
20240408_141600.WAV,30,33,Regulus satrapa_Golden-crowned Kinglet,0.8486581444740295,2024-04-08T14:16:00Z,14:16:00
20240408_141600.WAV,33,36,Certhia americana_Brown Creeper,0.5455857515335083,2024-04-08T14:16:00Z,14:16:00
20240408_141600.WAV,45,48,Certhia americana_Brown Creeper,0.7731813192367554,2024-04-08T14:16:00Z,14:16:00
20240407_061200.WAV,21,24,Certhia americana_Brown Creeper,0.5440213680267334,2024-04-07T06:12:00Z,06:12:00
20240407_061200.WAV,24,27,Certhia americana_Brown Creeper,0.8203012347221375,2024-04-07T06:12:00Z,06:12:00
20240407_061200.WAV,42,45,Certhia americana_Brown Creeper,0.8875987529754639,2024-04-07T06:12:00Z,06:12:00
20240407_061200.WAV,51,54,Turdus migratorius_American Robin,0.5030959844589233,2024-04-07T06:12:00Z,06:12:00
20240404_163800.WAV,30,33,Porzana porzana_Spotted Crake,0.49186742305755615,2024-04-04T16:38:00Z,16:38:00
20240412_144000.WAV,3,6,Certhia americana_Brown Creeper,0.8683710098266602,2024-04-12T14:40:00Z,14:40:00
20240412_144000.WAV,6,9,Certhia americana_Brown Creeper,0.7819323539733887,2024-04-12T14:40:00Z,14:40:00
20240401_070500.WAV,33,36,Turdus migratorius_American Robin,0.4512318670749664,2024-04-01T07:05:00Z,07:05:00
20240414_065600.WAV,15,18,Turdus migratorius_American Robin,0.5264491438865662,2024-04-14T06:56:00Z,06:56:00
20240407_151300.WAV,6,9,Regulus satrapa_Golden-crowned Kinglet,0.7527729868888855,2024-04-07T15:13:00Z,15:13:00
20240407_151300.WAV,9,12,Regulus satrapa_Golden-crowned Kinglet,0.5332105159759521,2024-04-07T15:13:00Z,15:13:00
20240407_151300.WAV,21,24,Certhia americana_Brown Creeper,0.6751803159713745,2024-04-07T15:13:00Z,15:13:00
20240407_151300.WAV,24,27,Regulus satrapa_Golden-crowned Kinglet,0.5168833136558533,2024-04-07T15:13:00Z,15:13:00
20240401_144100.WAV,30,33,Regulus satrapa_Golden-crowned Kinglet,0.4098864495754242,2024-04-01T14:41:00Z,14:41:00
20240412_070400.WAV,3,6,Certhia americana_Brown Creeper,0.6935632824897766,2024-04-12T07:04:00Z,07:04:00
20240412_070400.WAV,21,24,Sphyrapicus varius_Yellow-bellied Sapsucker,0.4485495984554291,2024-04-12T07:04:00Z,07:04:00
20240412_070400.WAV,45,48,Sphyrapicus varius_Yellow-bellied Sapsucker,0.5859005451202393,2024-04-12T07:04:00Z,07:04:00
20240412_070400.WAV,51,54,Certhia americana_Brown Creeper,0.7793262600898743,2024-04-12T07:04:00Z,07:04:00
20240414_061300.WAV,0,3,Certhia americana_Brown Creeper,0.8936924934387207,2024-04-14T06:13:00Z,06:13:00
20240414_061300.WAV,9,12,Certhia americana_Brown Creeper,0.590743362903595,2024-04-14T06:13:00Z,06:13:00
20240414_061300.WAV,15,18,Certhia americana_Brown Creeper,0.9036835432052612,2024-04-14T06:13:00Z,06:13:00
20240414_061300.WAV,36,39,Certhia americana_Brown Creeper,0.8841193914413452,2024-04-14T06:13:00Z,06:13:00
20240414_061300.WAV,39,42,Certhia americana_Brown Creeper,0.5550859570503235,2024-04-14T06:13:00Z,06:13:00
20240414_061300.WAV,42,45,Certhia americana_Brown Creeper,0.40225133299827576,2024-04-14T06:13:00Z,06:13:00
20240414_061300.WAV,51,54,Certhia americana_Brown Creeper,0.8928420543670654,2024-04-14T06:13:00Z,06:13:00
20240414_061300.WAV,54,55,Certhia americana_Brown Creeper,0.4565913677215576,2024-04-14T06:13:00Z,06:13:00
20240331_195500.WAV,48,51,Branta canadensis_Canada Goose,0.5111775994300842,2024-03-31T19:55:00Z,19:55:00
20240331_195500.WAV,51,54,Branta canadensis_Canada Goose,0.41909679770469666,2024-03-31T19:55:00Z,19:55:00
20240401_140400.WAV,6,9,Poecile atricapillus_Black-capped Chickadee,0.5423303842544556,2024-04-01T14:04:00Z,14:04:00
20240405_144800.WAV,48,51,Porzana porzana_Spotted Crake,0.48879262804985046,2024-04-05T14:48:00Z,14:48:00
20240404_153900.WAV,15,18,Porzana porzana_Spotted Crake,0.6154935956001282,2024-04-04T15:39:00Z,15:39:00
20240413_063000.WAV,6,9,Botaurus lentiginosus_American Bittern,0.48725226521492,2024-04-13T06:30:00Z,06:30:00
20240407_055600.WAV,30,33,Turdus migratorius_American Robin,0.4103820919990539,2024-04-07T05:56:00Z,05:56:00
20240410_193100.WAV,3,6,Certhia americana_Brown Creeper,0.7903907895088196,2024-04-10T19:31:00Z,19:31:00
20240410_193100.WAV,9,12,Certhia americana_Brown Creeper,0.8167588710784912,2024-04-10T19:31:00Z,19:31:00
20240410_193100.WAV,33,36,Certhia americana_Brown Creeper,0.4154629409313202,2024-04-10T19:31:00Z,19:31:00
20240410_193100.WAV,45,48,Certhia americana_Brown Creeper,0.963346004486084,2024-04-10T19:31:00Z,19:31:00
20240410_193100.WAV,48,51,Certhia americana_Brown Creeper,0.7262888550758362,2024-04-10T19:31:00Z,19:31:00
20240410_193100.WAV,51,54,Certhia americana_Brown Creeper,0.8973664045333862,2024-04-10T19:31:00Z,19:31:00
20240414_193800.WAV,0,3,Turdus migratorius_American Robin,0.4821404814720154,2024-04-14T19:38:00Z,19:38:00
20240413_164800.WAV,42,45,Botaurus lentiginosus_American Bittern,0.6164414286613464,2024-04-13T16:48:00Z,16:48:00
20240410_062700.WAV,0,3,Sayornis phoebe_Eastern Phoebe,0.9287749528884888,2024-04-10T06:27:00Z,06:27:00
20240410_062700.WAV,6,9,Sayornis phoebe_Eastern Phoebe,0.9308741688728333,2024-04-10T06:27:00Z,06:27:00
20240410_062700.WAV,9,12,Sayornis phoebe_Eastern Phoebe,0.9991198182106018,2024-04-10T06:27:00Z,06:27:00
20240410_062700.WAV,12,15,Sayornis phoebe_Eastern Phoebe,0.9944728016853333,2024-04-10T06:27:00Z,06:27:00
20240410_062700.WAV,27,30,Sayornis phoebe_Eastern Phoebe,0.9948924779891968,2024-04-10T06:27:00Z,06:27:00
20240410_062700.WAV,27,30,Certhia americana_Brown Creeper,0.5711914300918579,2024-04-10T06:27:00Z,06:27:00
20240410_062700.WAV,30,33,Sayornis phoebe_Eastern Phoebe,0.987323760986328,2024-04-10T06:27:00Z,06:27:00
20240410_062700.WAV,33,36,Sayornis phoebe_Eastern Phoebe,0.9905861020088196,2024-04-10T06:27:00Z,06:27:00
20240410_062700.WAV,36,39,Sayornis phoebe_Eastern Phoebe,0.4177889823913574,2024-04-10T06:27:00Z,06:27:00
20240410_062700.WAV,42,45,Sayornis phoebe_Eastern Phoebe,0.9388068318367004,2024-04-10T06:27:00Z,06:27:00
20240410_062700.WAV,45,48,Certhia americana_Brown Creeper,0.8846895098686218,2024-04-10T06:27:00Z,06:27:00
20240410_162700.WAV,0,3,Certhia americana_Brown Creeper,0.7683742046356201,2024-04-10T16:27:00Z,16:27:00
20240410_162700.WAV,6,9,Poecile atricapillus_Black-capped Chickadee,0.8664507865905762,2024-04-10T16:27:00Z,16:27:00
20240410_162700.WAV,18,21,Poecile atricapillus_Black-capped Chickadee,0.440848171710968,2024-04-10T16:27:00Z,16:27:00
20240410_162700.WAV,21,24,Poecile atricapillus_Black-capped Chickadee,0.6253524422645569,2024-04-10T16:27:00Z,16:27:00
20240410_162700.WAV,24,27,Poecile atricapillus_Black-capped Chickadee,0.7111963033676147,2024-04-10T16:27:00Z,16:27:00
20240410_162700.WAV,33,36,Poecile gambeli_Mountain Chickadee,0.409535676240921,2024-04-10T16:27:00Z,16:27:00
20240402_145600.WAV,48,51,Porzana porzana_Spotted Crake,0.42419469356536865,2024-04-02T14:56:00Z,14:56:00
20240411_071300.WAV,3,6,Certhia americana_Brown Creeper,0.5464869141578674,2024-04-11T07:13:00Z,07:13:00
20240411_071300.WAV,36,39,Certhia americana_Brown Creeper,0.6081916689872742,2024-04-11T07:13:00Z,07:13:00
20240411_071300.WAV,39,42,Certhia americana_Brown Creeper,0.4520759880542755,2024-04-11T07:13:00Z,07:13:00
20240411_071300.WAV,45,48,Certhia americana_Brown Creeper,0.6499044895172119,2024-04-11T07:13:00Z,07:13:00
20240409_193500.WAV,30,33,Sayornis phoebe_Eastern Phoebe,0.8715936541557312,2024-04-09T19:35:00Z,19:35:00
20240409_193500.WAV,33,36,Sayornis phoebe_Eastern Phoebe,0.97977614402771,2024-04-09T19:35:00Z,19:35:00
20240409_193500.WAV,36,39,Sayornis phoebe_Eastern Phoebe,0.973620593547821,2024-04-09T19:35:00Z,19:35:00
20240409_193500.WAV,39,42,Sayornis phoebe_Eastern Phoebe,0.8349054455757141,2024-04-09T19:35:00Z,19:35:00
20240414_190500.WAV,18,21,Turdus migratorius_American Robin,0.4160616397857666,2024-04-14T19:05:00Z,19:05:00
20240414_190500.WAV,24,27,Turdus migratorius_American Robin,0.4395689070224762,2024-04-14T19:05:00Z,19:05:00
20240410_194900.WAV,15,18,Certhia americana_Brown Creeper,0.8800789713859558,2024-04-10T19:49:00Z,19:49:00
20240410_194900.WAV,30,33,Certhia americana_Brown Creeper,0.9096951484680176,2024-04-10T19:49:00Z,19:49:00
20240410_194900.WAV,45,48,Certhia americana_Brown Creeper,0.48386150598526,2024-04-10T19:49:00Z,19:49:00
20240331_064300.WAV,0,3,Turdus migratorius_American Robin,0.94648015499115,2024-03-31T06:43:00Z,06:43:00
20240331_064300.WAV,6,9,Turdus migratorius_American Robin,0.6428093314170837,2024-03-31T06:43:00Z,06:43:00
20240331_064300.WAV,12,15,Turdus migratorius_American Robin,0.5705092549324036,2024-03-31T06:43:00Z,06:43:00
20240331_064300.WAV,36,39,Turdus migratorius_American Robin,0.43504661321640015,2024-03-31T06:43:00Z,06:43:00
20240331_064300.WAV,45,48,Turdus migratorius_American Robin,0.4069786071777344,2024-03-31T06:43:00Z,06:43:00
20240331_064300.WAV,51,54,Turdus migratorius_American Robin,0.5811047554016113,2024-03-31T06:43:00Z,06:43:00
20240414_194000.WAV,48,51,Branta canadensis_Canada Goose,0.40334492921829224,2024-04-14T19:40:00Z,19:40:00
20240331_164300.WAV,0,3,Anthus hodgsoni_Olive-backed Pipit,0.5237219929695129,2024-03-31T16:43:00Z,16:43:00
20240413_192600.WAV,0,3,Botaurus lentiginosus_American Bittern,0.49635952711105347,2024-04-13T19:26:00Z,19:26:00
20240404_064000.WAV,9,12,Porzana porzana_Spotted Crake,0.5095280408859253,2024-04-04T06:40:00Z,06:40:00
20240411_141200.WAV,3,6,Sayornis phoebe_Eastern Phoebe,0.9822710752487184,2024-04-11T14:12:00Z,14:12:00
20240411_141200.WAV,6,9,Sayornis phoebe_Eastern Phoebe,0.45552530884742737,2024-04-11T14:12:00Z,14:12:00
20240411_141200.WAV,9,12,Sayornis phoebe_Eastern Phoebe,0.8384043574333191,2024-04-11T14:12:00Z,14:12:00
20240411_141200.WAV,12,15,Sayornis phoebe_Eastern Phoebe,0.8129235506057739,2024-04-11T14:12:00Z,14:12:00
20240411_141200.WAV,18,21,Sayornis phoebe_Eastern Phoebe,0.8328442573547363,2024-04-11T14:12:00Z,14:12:00
20240411_141200.WAV,21,24,Sayornis phoebe_Eastern Phoebe,0.8689371347427368,2024-04-11T14:12:00Z,14:12:00
20240411_141200.WAV,24,27,Sayornis phoebe_Eastern Phoebe,0.7385626435279846,2024-04-11T14:12:00Z,14:12:00
20240411_141200.WAV,27,30,Sayornis phoebe_Eastern Phoebe,0.4502483606338501,2024-04-11T14:12:00Z,14:12:00
20240411_141200.WAV,30,33,Sayornis phoebe_Eastern Phoebe,0.528867244720459,2024-04-11T14:12:00Z,14:12:00
20240403_062600.WAV,33,36,Turdus migratorius_American Robin,0.43063950538635254,2024-04-03T06:26:00Z,06:26:00
20240412_143800.WAV,15,18,Certhia americana_Brown Creeper,0.6224120259284973,2024-04-12T14:38:00Z,14:38:00
20240412_143800.WAV,51,54,Certhia americana_Brown Creeper,0.7171179056167603,2024-04-12T14:38:00Z,14:38:00
20240410_152600.WAV,33,36,Certhia americana_Brown Creeper,0.58101654052734375,2024-04-10T15:26:00Z,15:26:00
20240410_152600.WAV,39,42,Certhia americana_Brown Creeper,0.4836534857749939,2024-04-10T15:26:00Z,15:26:00
20240410_152600.WAV,42,45,Certhia americana_Brown Creeper,0.410902202129364,2024-04-10T15:26:00Z,15:26:00
20240331_150700.WAV,21,24,Certhia americana_Brown Creeper,0.7073466181755066,2024-03-31T15:07:00Z,15:07:00
20240331_150700.WAV,36,39,Certhia americana_Brown Creeper,0.4434880316257477,2024-03-31T15:07:00Z,15:07:00
20240406_230500.WAV,0,3,Strix varia_Barred Owl,0.586636483669281,2024-04-06T23:05:00Z,23:05:00
20240406_164300.WAV,3,6,Aegolius acadicus_Northern Saw-whet Owl,0.41065019369125366,2024-04-06T16:43:00Z,16:43:00
20240401_062500.WAV,3,6,Certhia americana_Brown Creeper,0.9854816198349,2024-04-01T06:25:00Z,06:25:00
20240401_062500.WAV,12,15,Certhia americana_Brown Creeper,0.4572392404079437,2024-04-01T06:25:00Z,06:25:00
20240401_062500.WAV,21,24,Certhia americana_Brown Creeper,0.7069409489631653,2024-04-01T06:25:00Z,06:25:00
20240401_062500.WAV,24,27,Poecile atricapillus_Black-capped Chickadee,0.5001088380813599,2024-04-01T06:25:00Z,06:25:00
20240401_062500.WAV,27,30,Certhia americana_Brown Creeper,0.8046914339065552,2024-04-01T06:25:00Z,06:25:00
20240401_062500.WAV,30,33,Certhia americana_Brown Creeper,0.7362150549888611,2024-04-01T06:25:00Z,06:25:00
20240401_062500.WAV,33,36,Poecile atricapillus_Black-capped Chickadee,0.5024065971374512,2024-04-01T06:25:00Z,06:25:00
20240401_062500.WAV,39,42,Certhia americana_Brown Creeper,0.40459737181663513,2024-04-01T06:25:00Z,06:25:00
20240401_062500.WAV,45,48,Certhia americana_Brown Creeper,0.9006199240684509,2024-04-01T06:25:00Z,06:25:00
20240401_062500.WAV,54,55,Certhia americana_Brown Creeper,0.5421892404556274,2024-04-01T06:25:00Z,06:25:00
20240409_144700.WAV,3,6,Certhia americana_Brown Creeper,0.81768798828125,2024-04-09T14:47:00Z,14:47:00
20240409_144700.WAV,12,15,Certhia americana_Brown Creeper,0.6071494817733765,2024-04-09T14:47:00Z,14:47:00
20240401_162500.WAV,9,12,Aegolius acadicus_Northern Saw-whet Owl,0.8737422227859497,2024-04-01T16:25:00Z,16:25:00
20240401_162500.WAV,27,30,Aegolius acadicus_Northern Saw-whet Owl,0.45695042610168457,2024-04-01T16:25:00Z,16:25:00
20240401_162500.WAV,39,42,Anas platyrhynchos_Mallard,0.8112747669219971,2024-04-01T16:25:00Z,16:25:00
20240401_162500.WAV,42,45,Anas platyrhynchos_Mallard,0.9316363334655762,2024-04-01T16:25:00Z,16:25:00
20240401_162500.WAV,45,48,Anas platyrhynchos_Mallard,0.869426429271698,2024-04-01T16:25:00Z,16:25:00
20240406_064300.WAV,12,15,Turdus migratorius_American Robin,0.44027042388916016,2024-04-06T06:43:00Z,06:43:00
20240406_064300.WAV,18,21,Turdus migratorius_American Robin,0.43849924206733704,2024-04-06T06:43:00Z,06:43:00
20240413_141100.WAV,42,45,Turdus migratorius_American Robin,0.4683626890182495,2024-04-13T14:11:00Z,14:11:00
20240405_190700.WAV,3,6,Turdus migratorius_American Robin,0.6669320464134216,2024-04-05T19:07:00Z,19:07:00
20240405_190700.WAV,6,9,Turdus migratorius_American Robin,0.6887126564979553,2024-04-05T19:07:00Z,19:07:00
20240408_063700.WAV,3,6,Certhia americana_Brown Creeper,0.9406371712684632,2024-04-08T06:37:00Z,06:37:00
20240408_063700.WAV,12,15,Certhia americana_Brown Creeper,0.6725407838821411,2024-04-08T06:37:00Z,06:37:00
20240415_060700.WAV,9,12,Certhia americana_Brown Creeper,0.6799195408821106,2024-04-15T06:07:00Z,06:07:00
20240415_060700.WAV,24,27,Certhia americana_Brown Creeper,0.8947871327400208,2024-04-15T06:07:00Z,06:07:00
20240415_060700.WAV,36,39,Certhia americana_Brown Creeper,0.7184467911720276,2024-04-15T06:07:00Z,06:07:00
20240415_060700.WAV,51,54,Certhia americana_Brown Creeper,0.4482249617576599,2024-04-15T06:07:00Z,06:07:00
20240404_141900.WAV,21,24,Porzana porzana_Spotted Crake,0.4116339981555938,2024-04-04T14:19:00Z,14:19:00
20240413_071000.WAV,39,42,Botaurus lentiginosus_American Bittern,0.4828941822052002,2024-04-13T07:10:00Z,07:10:00
20240415_064200.WAV,0,3,Certhia americana_Brown Creeper,0.4070043861865998,2024-04-15T06:42:00Z,06:42:00
20240415_064200.WAV,6,9,Certhia americana_Brown Creeper,0.5311792492866516,2024-04-15T06:42:00Z,06:42:00
20240415_064200.WAV,15,18,Certhia americana_Brown Creeper,0.4666888117790222,2024-04-15T06:42:00Z,06:42:00
20240415_064200.WAV,21,24,Certhia americana_Brown Creeper,0.4236063063144684,2024-04-15T06:42:00Z,06:42:00
20240415_064200.WAV,24,27,Certhia americana_Brown Creeper,0.7804751992225647,2024-04-15T06:42:00Z,06:42:00
20240415_064200.WAV,33,36,Certhia americana_Brown Creeper,0.6266350746154785,2024-04-15T06:42:00Z,06:42:00
20240415_064200.WAV,48,51,Certhia americana_Brown Creeper,0.7074998617172241,2024-04-15T06:42:00Z,06:42:00
20240406_150700.WAV,0,3,Catharus guttatus_Hermit Thrush,0.4307968318462372,2024-04-06T15:07:00Z,15:07:00
20240330_190400.WAV,0,3,Turdus migratorius_American Robin,0.46690648794174194,2024-03-30T19:04:00Z,19:04:00
20240330_190400.WAV,24,27,Turdus migratorius_American Robin,0.4006476402282715,2024-03-30T19:04:00Z,19:04:00
20240330_190400.WAV,30,33,Turdus migratorius_American Robin,0.6621460914611816,2024-03-30T19:04:00Z,19:04:00
20240330_190400.WAV,33,36,Turdus migratorius_American Robin,0.4873253405094147,2024-03-30T19:04:00Z,19:04:00
20240330_190400.WAV,36,39,Turdus migratorius_American Robin,0.5415807366371155,2024-03-30T19:04:00Z,19:04:00
20240409_070300.WAV,21,24,Certhia americana_Brown Creeper,0.4723287522792816,2024-04-09T07:03:00Z,07:03:00
20240412_062400.WAV,15,18,Colaptes auratus_Northern Flicker,0.4418794810771942,2024-04-12T06:24:00Z,06:24:00
20240412_062400.WAV,18,21,Colaptes auratus_Northern Flicker,0.5204372406005859,2024-04-12T06:24:00Z,06:24:00
20240412_062400.WAV,51,54,Colaptes auratus_Northern Flicker,0.5428515076637268,2024-04-12T06:24:00Z,06:24:00
20240411_192500.WAV,3,6,Certhia americana_Brown Creeper,0.9597793817520142,2024-04-11T19:25:00Z,19:25:00
20240411_192500.WAV,15,18,Certhia americana_Brown Creeper,0.9901050925254822,2024-04-11T19:25:00Z,19:25:00
20240411_192500.WAV,33,36,Certhia americana_Brown Creeper,0.9944182634353638,2024-04-11T19:25:00Z,19:25:00
20240411_192500.WAV,42,45,Certhia americana_Brown Creeper,0.9656116366386414,2024-04-11T19:25:00Z,19:25:00
20240331_191400.WAV,33,36,Turdus migratorius_American Robin,0.7552939057350159,2024-03-31T19:14:00Z,19:14:00
20240407_151700.WAV,6,9,Certhia americana_Brown Creeper,0.4460906386375427,2024-04-07T15:17:00Z,15:17:00
20240407_151700.WAV,33,36,Regulus satrapa_Golden-crowned Kinglet,0.4931836426258087,2024-04-07T15:17:00Z,15:17:00
20240412_070000.WAV,51,54,Sayornis phoebe_Eastern Phoebe,0.794230043888092,2024-04-12T07:00:00Z,07:00:00
20240414_061700.WAV,0,3,Certhia americana_Brown Creeper,0.7582259178161621,2024-04-14T06:17:00Z,06:17:00
20240414_061700.WAV,6,9,Colaptes auratus_Northern Flicker,0.5279925465583801,2024-04-14T06:17:00Z,06:17:00
20240414_061700.WAV,9,12,Certhia americana_Brown Creeper,0.5118871927261353,2024-04-14T06:17:00Z,06:17:00
20240414_061700.WAV,12,15,Certhia americana_Brown Creeper,0.7627363801002502,2024-04-14T06:17:00Z,06:17:00
20240414_061700.WAV,18,21,Certhia americana_Brown Creeper,0.4638082087039947,2024-04-14T06:17:00Z,06:17:00
20240414_061700.WAV,36,39,Certhia americana_Brown Creeper,0.7010276913642883,2024-04-14T06:17:00Z,06:17:00
20240414_061700.WAV,54,55,Certhia americana_Brown Creeper,0.6913818717002869,2024-04-14T06:17:00Z,06:17:00
20240331_195100.WAV,6,9,Turdus migratorius_American Robin,0.41992810368537903,2024-03-31T19:51:00Z,19:51:00
20240331_195100.WAV,15,18,Turdus migratorius_American Robin,0.668276846408844,2024-03-31T19:51:00Z,19:51:00
20240331_195100.WAV,18,21,Turdus migratorius_American Robin,0.6021880507469177,2024-03-31T19:51:00Z,19:51:00
20240401_140000.WAV,9,12,Poecile atricapillus_Black-capped Chickadee,0.6912863850593567,2024-04-01T14:00:00Z,14:00:00
20240401_140000.WAV,30,33,Poecile gambeli_Mountain Chickadee,0.44174841046333313,2024-04-01T14:00:00Z,14:00:00
20240409_062700.WAV,6,9,Turdus migratorius_American Robin,0.40778154134750366,2024-04-09T06:27:00Z,06:27:00
20240409_062700.WAV,33,36,Turdus migratorius_American Robin,0.5235845446586609,2024-04-09T06:27:00Z,06:27:00
20240409_062700.WAV,36,39,Turdus migratorius_American Robin,0.4004344046115875,2024-04-09T06:27:00Z,06:27:00
20240409_062700.WAV,45,48,Turdus migratorius_American Robin,0.5242342352867126,2024-04-09T06:27:00Z,06:27:00
20240409_162700.WAV,12,15,Regulus regulus_Goldcrest,0.6375110149383545,2024-04-09T16:27:00Z,16:27:00
20240408_071300.WAV,27,30,Poecile gambeli_Mountain Chickadee,0.5897262096405029,2024-04-08T07:13:00Z,07:13:00
20240407_055200.WAV,6,9,Turdus migratorius_American Robin,0.5249521732330322,2024-04-07T05:52:00Z,05:52:00
20240410_193500.WAV,0,3,Certhia americana_Brown Creeper,0.8211396932601929,2024-04-10T19:35:00Z,19:35:00
20240410_193500.WAV,9,12,Certhia americana_Brown Creeper,0.9273927807807922,2024-04-10T19:35:00Z,19:35:00
20240410_193500.WAV,42,45,Certhia americana_Brown Creeper,0.7384442090988159,2024-04-10T19:35:00Z,19:35:00
20240408_145700.WAV,6,9,Certhia americana_Brown Creeper,0.4041052758693695,2024-04-08T14:57:00Z,14:57:00
20240408_141200.WAV,6,9,Certhia americana_Brown Creeper,0.5801491141319275,2024-04-08T14:12:00Z,14:12:00
20240408_141200.WAV,6,9,Regulus satrapa_Golden-crowned Kinglet,0.4325307607650757,2024-04-08T14:12:00Z,14:12:00
20240407_061600.WAV,3,6,Certhia americana_Brown Creeper,0.8973038196563721,2024-04-07T06:16:00Z,06:16:00
20240407_061600.WAV,12,15,Certhia americana_Brown Creeper,0.9585500359535216,2024-04-07T06:16:00Z,06:16:00
20240407_061600.WAV,24,27,Certhia americana_Brown Creeper,0.9010089039802552,2024-04-07T06:16:00Z,06:16:00
20240407_061600.WAV,33,36,Certhia americana_Brown Creeper,0.8651766777038574,2024-04-07T06:16:00Z,06:16:00
20240407_061600.WAV,42,45,Certhia americana_Brown Creeper,0.6943337321281433,2024-04-07T06:16:00Z,06:16:00
20240407_061600.WAV,45,48,Certhia americana_Brown Creeper,0.7500322461128235,2024-04-07T06:16:00Z,06:16:00
20240407_061600.WAV,51,54,Certhia americana_Brown Creeper,0.87569659948349,2024-04-07T06:16:00Z,06:16:00
20240405_070800.WAV,0,3,Turdus migratorius_American Robin,0.688861608505249,2024-04-05T07:08:00Z,07:08:00
20240405_070800.WAV,18,21,Turdus migratorius_American Robin,0.5423275828361511,2024-04-05T07:08:00Z,07:08:00
20240405_070800.WAV,27,30,Turdus migratorius_American Robin,0.6758913397789001,2024-04-05T07:08:00Z,07:08:00
20240405_070800.WAV,39,42,Turdus migratorius_American Robin,0.6210281848907471,2024-04-05T07:08:00Z,07:08:00
20240405_070800.WAV,45,48,Turdus migratorius_American Robin,0.48528042435646057,2024-04-05T07:08:00Z,07:08:00
20240407_065300.WAV,6,9,Certhia americana_Brown Creeper,0.8775638341903687,2024-04-07T06:53:00Z,06:53:00
20240407_065300.WAV,21,24,Certhia americana_Brown Creeper,0.6643207669258118,2024-04-07T06:53:00Z,06:53:00
20240407_065300.WAV,24,27,Certhia americana_Brown Creeper,0.8639283776283264,2024-04-07T06:53:00Z,06:53:00
20240407_065300.WAV,27,30,Certhia americana_Brown Creeper,0.90218985080719,2024-04-07T06:53:00Z,06:53:00
20240407_065300.WAV,30,33,Certhia americana_Brown Creeper,0.48211732506752014,2024-04-07T06:53:00Z,06:53:00
20240407_065300.WAV,33,36,Certhia americana_Brown Creeper,0.7563855648040771,2024-04-07T06:53:00Z,06:53:00
20240407_065300.WAV,51,54,Certhia americana_Brown Creeper,0.9100040197372437,2024-04-07T06:53:00Z,06:53:00
20240401_070100.WAV,6,9,Certhia americana_Brown Creeper,0.646398663520813,2024-04-01T07:01:00Z,07:01:00
20240401_070100.WAV,21,24,Certhia americana_Brown Creeper,0.8492900133132935,2024-04-01T07:01:00Z,07:01:00
20240401_070100.WAV,51,54,Nucifraga caryocatactes_Eurasian Nutcracker,0.6888943314552307,2024-04-01T07:01:00Z,07:01:00
20240405_061500.WAV,3,6,Turdus migratorius_American Robin,0.8069667220115662,2024-04-05T06:15:00Z,06:15:00
20240405_061500.WAV,12,15,Turdus migratorius_American Robin,0.4518981873989105,2024-04-05T06:15:00Z,06:15:00
20240405_061500.WAV,33,36,Turdus migratorius_American Robin,0.47899195551872253,2024-04-05T06:15:00Z,06:15:00
20240401_065900.WAV,9,12,Certhia americana_Brown Creeper,0.7130342125892639,2024-04-01T06:59:00Z,06:59:00
20240401_065900.WAV,24,27,Certhia americana_Brown Creeper,0.9166867733001708,2024-04-01T06:59:00Z,06:59:00
20240410_140200.WAV,6,9,Certhia americana_Brown Creeper,0.8667265176773071,2024-04-10T14:02:00Z,14:02:00
20240410_140200.WAV,18,21,Certhia americana_Brown Creeper,0.6829038858413696,2024-04-10T14:02:00Z,14:02:00
20240410_140200.WAV,30,33,Regulus satrapa_Golden-crowned Kinglet,0.7047492265701294,2024-04-10T14:02:00Z,14:02:00
20240410_140200.WAV,33,36,Certhia americana_Brown Creeper,0.9809229969978333,2024-04-10T14:02:00Z,14:02:00
20240410_140200.WAV,39,42,Regulus satrapa_Golden-crowned Kinglet,0.6426528692245483,2024-04-10T14:02:00Z,14:02:00
20240410_140200.WAV,42,45,Regulus regulus_Goldcrest,0.47874346375465393,2024-04-10T14:02:00Z,14:02:00
20240410_140200.WAV,42,45,Regulus satrapa_Golden-crowned Kinglet,0.4347721040248871,2024-04-10T14:02:00Z,14:02:00
20240410_144700.WAV,3,6,Corvus brachyrhynchos_American Crow,0.6767300963401794,2024-04-10T14:47:00Z,14:47:00
20240416_055000.WAV,33,36,Poecile atricapillus_Black-capped Chickadee,0.5734102129936218,2024-04-16T05:50:00Z,05:50:00
20240416_055000.WAV,51,54,Certhia americana_Brown Creeper,0.500235378742218,2024-04-16T05:50:00Z,05:50:00
20240412_055900.WAV,3,6,Certhia americana_Brown Creeper,0.7770979404449463,2024-04-12T05:59:00Z,05:59:00
20240412_055900.WAV,12,15,Certhia americana_Brown Creeper,0.7929012179374695,2024-04-12T05:59:00Z,05:59:00
20240412_055900.WAV,21,24,Certhia americana_Brown Creeper,0.7252718210220337,2024-04-12T05:59:00Z,05:59:00
20240412_055900.WAV,30,33,Certhia americana_Brown Creeper,0.8644335269927979,2024-04-12T05:59:00Z,05:59:00
20240412_055900.WAV,45,48,Certhia americana_Brown Creeper,0.509691059589386,2024-04-12T05:59:00Z,05:59:00
20240401_193700.WAV,27,30,Turdus migratorius_American Robin,0.4913385808467865,2024-04-01T19:37:00Z,19:37:00
20240411_063700.WAV,0,3,Dryobates pubescens_Downy Woodpecker,0.7074015736579895,2024-04-11T06:37:00Z,06:37:00
20240411_063700.WAV,6,9,Dryobates pubescens_Downy Woodpecker,0.4677896499633789,2024-04-11T06:37:00Z,06:37:00
20240411_063700.WAV,12,15,Dryobates pubescens_Downy Woodpecker,0.9271231889724731,2024-04-11T06:37:00Z,06:37:00
20240411_063700.WAV,24,27,Dryobates pubescens_Downy Woodpecker,0.7243170142173767,2024-04-11T06:37:00Z,06:37:00
20240411_063700.WAV,27,30,Dryobates pubescens_Downy Woodpecker,0.505055844783783,2024-04-11T06:37:00Z,06:37:00
20240411_063700.WAV,33,36,Dryobates pubescens_Downy Woodpecker,0.7139091491699219,2024-04-11T06:37:00Z,06:37:00
20240411_063700.WAV,45,48,Dryobates pubescens_Downy Woodpecker,0.4215508997440338,2024-04-11T06:37:00Z,06:37:00
20240411_063700.WAV,48,51,Dryobates pubescens_Downy Woodpecker,0.6709680557250977,2024-04-11T06:37:00Z,06:37:00
20240402_153700.WAV,3,6,Porzana porzana_Spotted Crake,0.4899992048740387,2024-04-02T15:37:00Z,15:37:00
20240402_153700.WAV,27,30,Porzana porzana_Spotted Crake,0.4866020083427429,2024-04-02T15:37:00Z,15:37:00
20240411_163700.WAV,9,12,Regulus satrapa_Golden-crowned Kinglet,0.49993860721588135,2024-04-11T16:37:00Z,16:37:00
20240410_070300.WAV,3,6,Regulus satrapa_Golden-crowned Kinglet,0.8926085233688354,2024-04-10T07:03:00Z,07:03:00
20240410_070300.WAV,15,18,Regulus satrapa_Golden-crowned Kinglet,0.6462773680686951,2024-04-10T07:03:00Z,07:03:00
20240410_070300.WAV,18,21,Certhia americana_Brown Creeper,0.6789071559906006,2024-04-10T07:03:00Z,07:03:00
20240410_070300.WAV,33,36,Certhia americana_Brown Creeper,0.7836316823959351,2024-04-10T07:03:00Z,07:03:00
20240412_065800.WAV,0,3,Certhia americana_Brown Creeper,0.5899747014045715,2024-04-12T06:58:00Z,06:58:00
20240412_065800.WAV,3,6,Certhia americana_Brown Creeper,0.8376911878585815,2024-04-12T06:58:00Z,06:58:00
20240412_065800.WAV,12,15,Certhia americana_Brown Creeper,0.6263745427131653,2024-04-12T06:58:00Z,06:58:00
20240412_065800.WAV,24,27,Certhia americana_Brown Creeper,0.5452890396118164,2024-04-12T06:58:00Z,06:58:00
20240412_065800.WAV,33,36,Certhia americana_Brown Creeper,0.4555591642856598,2024-04-12T06:58:00Z,06:58:00
20240412_065800.WAV,42,45,Certhia americana_Brown Creeper,0.8713012337684631,2024-04-12T06:58:00Z,06:58:00
20240412_065800.WAV,48,51,Certhia americana_Brown Creeper,0.8239274621009827,2024-04-12T06:58:00Z,06:58:00
20240405_155100.WAV,27,30,Aegolius acadicus_Northern Saw-whet Owl,0.543666660785675,2024-04-05T15:51:00Z,15:51:00
20240415_191500.WAV,9,12,Certhia americana_Brown Creeper,0.4766227900981903,2024-04-15T19:15:00Z,19:15:00
20240412_193600.WAV,30,33,Botaurus lentiginosus_American Bittern,0.5592882037162781,2024-04-12T19:36:00Z,19:36:00
20240412_193600.WAV,33,36,Botaurus lentiginosus_American Bittern,0.45668086409568787,2024-04-12T19:36:00Z,19:36:00
20240408_063300.WAV,18,21,Catharus guttatus_Hermit Thrush,0.5401661992073059,2024-04-08T06:33:00Z,06:33:00
20240415_060300.WAV,3,6,Certhia americana_Brown Creeper,0.47280946373939514,2024-04-15T06:03:00Z,06:03:00
20240415_060300.WAV,9,12,Certhia americana_Brown Creeper,0.4269782304763794,2024-04-15T06:03:00Z,06:03:00
20240415_060300.WAV,24,27,Certhia americana_Brown Creeper,0.5137046575546265,2024-04-15T06:03:00Z,06:03:00
20240415_060300.WAV,39,42,Certhia americana_Brown Creeper,0.7292863726615906,2024-04-15T06:03:00Z,06:03:00
20240415_064600.WAV,6,9,Certhia americana_Brown Creeper,0.7470952868461609,2024-04-15T06:46:00Z,06:46:00
20240415_064600.WAV,42,45,Branta canadensis_Canada Goose,0.5622058510780334,2024-04-15T06:46:00Z,06:46:00
20240415_064600.WAV,45,48,Branta canadensis_Canada Goose,0.5354720950126648,2024-04-15T06:46:00Z,06:46:00
20240415_064600.WAV,48,51,Branta canadensis_Canada Goose,0.5765460729598999,2024-04-15T06:46:00Z,06:46:00
20240415_064600.WAV,51,54,Branta canadensis_Canada Goose,0.6812037229537964,2024-04-15T06:46:00Z,06:46:00
20240330_190000.WAV,0,3,Turdus migratorius_American Robin,0.6755690574645996,2024-03-30T19:00:00Z,19:00:00
20240330_190000.WAV,18,21,Turdus migratorius_American Robin,0.4212367534637451,2024-03-30T19:00:00Z,19:00:00
20240330_190000.WAV,27,30,Turdus migratorius_American Robin,0.4456934332847595,2024-03-30T19:00:00Z,19:00:00
20240330_190000.WAV,30,33,Turdus migratorius_American Robin,0.5279265642166138,2024-03-30T19:00:00Z,19:00:00
20240330_190000.WAV,33,36,Turdus migratorius_American Robin,0.6559227705001831,2024-03-30T19:00:00Z,19:00:00
20240330_190000.WAV,36,39,Turdus migratorius_American Robin,0.6093894839286804,2024-03-30T19:00:00Z,19:00:00
20240330_190000.WAV,39,42,Turdus migratorius_American Robin,0.5950627326965332,2024-03-30T19:00:00Z,19:00:00
20240330_190000.WAV,42,45,Turdus migratorius_American Robin,0.5563491582870483,2024-03-30T19:00:00Z,19:00:00
20240330_190000.WAV,45,48,Turdus migratorius_American Robin,0.5314294099807739,2024-03-30T19:00:00Z,19:00:00
20240330_190000.WAV,48,51,Turdus migratorius_American Robin,0.604147732257843,2024-03-30T19:00:00Z,19:00:00
20240330_190000.WAV,51,54,Turdus migratorius_American Robin,0.5749258995056152,2024-03-30T19:00:00Z,19:00:00
20240415_160300.WAV,15,18,Regulus regulus_Goldcrest,0.5384587645530701,2024-04-15T16:03:00Z,16:03:00
20240416_062900.WAV,0,3,Sphyrapicus varius_Yellow-bellied Sapsucker,0.6528211832046509,2024-04-16T06:29:00Z,06:29:00
20240409_070700.WAV,6,9,Certhia americana_Brown Creeper,0.7199263572692871,2024-04-09T07:07:00Z,07:07:00
20240409_070700.WAV,9,12,Aix sponsa_Wood Duck,0.5334284901618958,2024-04-09T07:07:00Z,07:07:00
20240409_070700.WAV,12,15,Aix sponsa_Wood Duck,0.7099300622940063,2024-04-09T07:07:00Z,07:07:00
20240409_070700.WAV,18,21,Aix sponsa_Wood Duck,0.8855727314949036,2024-04-09T07:07:00Z,07:07:00
20240409_070700.WAV,24,27,Certhia americana_Brown Creeper,0.735941469669342,2024-04-09T07:07:00Z,07:07:00
20240409_070700.WAV,39,42,Certhia americana_Brown Creeper,0.5201447606086731,2024-04-09T07:07:00Z,07:07:00
20240412_062000.WAV,6,9,Certhia americana_Brown Creeper,0.9709705710411072,2024-04-12T06:20:00Z,06:20:00
20240412_062000.WAV,15,18,Certhia americana_Brown Creeper,0.943537712097168,2024-04-12T06:20:00Z,06:20:00
20240412_062000.WAV,18,21,Colaptes auratus_Northern Flicker,0.8782555460929871,2024-04-12T06:20:00Z,06:20:00
20240412_062000.WAV,24,27,Certhia americana_Brown Creeper,0.9272052645683287,2024-04-12T06:20:00Z,06:20:00
20240412_062000.WAV,33,36,Certhia americana_Brown Creeper,0.6588788032531738,2024-04-12T06:20:00Z,06:20:00
20240412_062000.WAV,42,45,Certhia americana_Brown Creeper,0.9134917855262756,2024-04-12T06:20:00Z,06:20:00
20240412_062000.WAV,48,51,Certhia americana_Brown Creeper,0.9503756761550904,2024-04-12T06:20:00Z,06:20:00
20240412_062000.WAV,51,54,Certhia americana_Brown Creeper,0.535771906375885,2024-04-12T06:20:00Z,06:20:00
20240411_192100.WAV,48,51,Certhia americana_Brown Creeper,0.6981746554374695,2024-04-11T19:21:00Z,19:21:00
20240406_164700.WAV,0,3,Aegolius acadicus_Northern Saw-whet Owl,0.4956190288066864,2024-04-06T16:47:00Z,16:47:00
20240401_062100.WAV,3,6,Aix sponsa_Wood Duck,0.9226855635643004,2024-04-01T06:21:00Z,06:21:00
20240401_062100.WAV,21,24,Turdus migratorius_American Robin,0.6086480021476746,2024-04-01T06:21:00Z,06:21:00
20240406_160200.WAV,30,33,Porzana porzana_Spotted Crake,0.4111803472042084,2024-04-06T16:02:00Z,16:02:00
20240406_064700.WAV,12,15,Dryobates pubescens_Downy Woodpecker,0.8147412538528442,2024-04-06T06:47:00Z,06:47:00
20240406_064700.WAV,15,18,Turdus migratorius_American Robin,0.5800167322158813,2024-04-06T06:47:00Z,06:47:00
20240415_150200.WAV,3,6,Corvus brachyrhynchos_American Crow,0.6062151789665222,2024-04-15T15:02:00Z,15:02:00
20240415_150200.WAV,24,27,Corvus brachyrhynchos_American Crow,0.42432305216789246,2024-04-15T15:02:00Z,15:02:00
20240405_190300.WAV,12,15,Turdus migratorius_American Robin,0.4494337439537048,2024-04-05T19:03:00Z,19:03:00
20240405_190300.WAV,24,27,Turdus migratorius_American Robin,0.7496621012687683,2024-04-05T19:03:00Z,19:03:00
20240405_190300.WAV,27,30,Turdus migratorius_American Robin,0.6552616953849792,2024-04-05T19:03:00Z,19:03:00
20240405_190300.WAV,48,51,Turdus migratorius_American Robin,0.6648706793785095,2024-04-05T19:03:00Z,19:03:00
20240406_192900.WAV,12,15,Branta canadensis_Canada Goose,0.7323036193847656,2024-04-06T19:29:00Z,19:29:00
20240406_192900.WAV,15,18,Branta canadensis_Canada Goose,0.6388757824897766,2024-04-06T19:29:00Z,19:29:00
20240406_192900.WAV,18,21,Branta canadensis_Canada Goose,0.4976740777492523,2024-04-06T19:29:00Z,19:29:00
20240406_192900.WAV,33,36,Branta canadensis_Canada Goose,0.48572665452957153,2024-04-06T19:29:00Z,19:29:00
20240411_145300.WAV,12,15,Certhia americana_Brown Creeper,0.7945181727409363,2024-04-11T14:53:00Z,14:53:00
20240404_064400.WAV,9,12,Poecile atricapillus_Black-capped Chickadee,0.4603367447853088,2024-04-04T06:44:00Z,06:44:00
20240404_064400.WAV,12,15,Catharus guttatus_Hermit Thrush,0.623218297958374,2024-04-04T06:44:00Z,06:44:00
20240404_064400.WAV,24,27,Poecile atricapillus_Black-capped Chickadee,0.7890681624412537,2024-04-04T06:44:00Z,06:44:00
20240404_064400.WAV,48,51,Sitta carolinensis_White-breasted Nuthatch,0.7803783416748047,2024-04-04T06:44:00Z,06:44:00
20240411_141600.WAV,36,39,Turdus migratorius_American Robin,0.5037949085235596,2024-04-11T14:16:00Z,14:16:00
20240411_141600.WAV,48,51,Certhia americana_Brown Creeper,0.6409510374069214,2024-04-11T14:16:00Z,14:16:00
20240403_062200.WAV,15,18,Turdus migratorius_American Robin,0.4176275134086609,2024-04-03T06:22:00Z,06:22:00
20240403_062200.WAV,27,30,Turdus migratorius_American Robin,0.8732762932777405,2024-04-03T06:22:00Z,06:22:00
20240403_062200.WAV,48,51,Turdus migratorius_American Robin,0.4856789410114288,2024-04-03T06:22:00Z,06:22:00
20240410_152200.WAV,3,6,Certhia americana_Brown Creeper,0.7632855772972107,2024-04-10T15:22:00Z,15:22:00
20240405_143400.WAV,27,30,Turdus migratorius_American Robin,0.4344742000102997,2024-04-05T14:34:00Z,14:34:00
20240410_062300.WAV,9,12,Certhia americana_Brown Creeper,0.6532353758811951,2024-04-10T06:23:00Z,06:23:00
20240410_062300.WAV,21,24,Sayornis phoebe_Eastern Phoebe,0.9599615931510924,2024-04-10T06:23:00Z,06:23:00
20240410_062300.WAV,24,27,Sayornis phoebe_Eastern Phoebe,0.9972646236419678,2024-04-10T06:23:00Z,06:23:00
20240410_062300.WAV,27,30,Sayornis phoebe_Eastern Phoebe,0.9959153532981871,2024-04-10T06:23:00Z,06:23:00
20240410_062300.WAV,30,33,Sayornis phoebe_Eastern Phoebe,0.996364951133728,2024-04-10T06:23:00Z,06:23:00
20240410_062300.WAV,39,42,Sayornis phoebe_Eastern Phoebe,0.9205170273780824,2024-04-10T06:23:00Z,06:23:00
20240410_062300.WAV,42,45,Sayornis phoebe_Eastern Phoebe,0.9576424360275269,2024-04-10T06:23:00Z,06:23:00
20240410_062300.WAV,45,48,Sayornis phoebe_Eastern Phoebe,0.9704151153564452,2024-04-10T06:23:00Z,06:23:00
20240410_062300.WAV,48,51,Sayornis phoebe_Eastern Phoebe,0.8443717360496521,2024-04-10T06:23:00Z,06:23:00
20240410_062300.WAV,51,54,Sayornis phoebe_Eastern Phoebe,0.9608727097511292,2024-04-10T06:23:00Z,06:23:00
20240410_062300.WAV,54,55,Sayornis phoebe_Eastern Phoebe,0.5382747054100037,2024-04-10T06:23:00Z,06:23:00
20240331_192900.WAV,39,42,Turdus migratorius_American Robin,0.4131278395652771,2024-03-31T19:29:00Z,19:29:00
20240331_192900.WAV,51,54,Turdus migratorius_American Robin,0.592032253742218,2024-03-31T19:29:00Z,19:29:00
20240410_162300.WAV,0,3,Certhia americana_Brown Creeper,0.7463182210922241,2024-04-10T16:23:00Z,16:23:00
20240402_145200.WAV,21,24,Porzana porzana_Spotted Crake,0.8138468265533447,2024-04-02T14:52:00Z,14:52:00
20240404_150000.WAV,0,3,Porzana porzana_Spotted Crake,0.942740559577942,2024-04-04T15:00:00Z,15:00:00
20240413_060900.WAV,3,6,Certhia americana_Brown Creeper,0.43295300006866455,2024-04-13T06:09:00Z,06:09:00
20240413_060900.WAV,12,15,Certhia americana_Brown Creeper,0.6750064492225647,2024-04-13T06:09:00Z,06:09:00
20240413_060900.WAV,21,24,Certhia americana_Brown Creeper,0.6096996068954468,2024-04-13T06:09:00Z,06:09:00
20240413_060900.WAV,36,39,Certhia americana_Brown Creeper,0.6150215268135071,2024-04-13T06:09:00Z,06:09:00
20240413_060900.WAV,45,48,Certhia americana_Brown Creeper,0.8001923561096191,2024-04-13T06:09:00Z,06:09:00
20240409_193100.WAV,45,48,Regulus regulus_Goldcrest,0.5188720226287842,2024-04-09T19:31:00Z,19:31:00
20240414_190100.WAV,18,21,Turdus migratorius_American Robin,0.4765459597110748,2024-04-14T19:01:00Z,19:01:00
20240331_064700.WAV,3,6,Turdus migratorius_American Robin,0.4033967256546021,2024-03-31T06:47:00Z,06:47:00
20240331_064700.WAV,18,21,Turdus migratorius_American Robin,0.6168400049209595,2024-03-31T06:47:00Z,06:47:00
20240331_064700.WAV,30,33,Turdus migratorius_American Robin,0.5697113871574402,2024-03-31T06:47:00Z,06:47:00
20240331_064700.WAV,33,36,Turdus migratorius_American Robin,0.48599663376808167,2024-03-31T06:47:00Z,06:47:00
20240331_064700.WAV,51,54,Turdus migratorius_American Robin,0.8371975421905518,2024-03-31T06:47:00Z,06:47:00
20240415_230000.WAV,12,15,Strix varia_Barred Owl,0.8314212560653687,2024-04-15T23:00:00Z,23:00:00
20240415_230000.WAV,15,18,Strix varia_Barred Owl,0.6995295882225037,2024-04-15T23:00:00Z,23:00:00
20240415_230000.WAV,27,30,Strix varia_Barred Owl,0.807959258556366,2024-04-15T23:00:00Z,23:00:00
20240415_230000.WAV,30,33,Strix varia_Barred Owl,0.8302993178367615,2024-04-15T23:00:00Z,23:00:00
20240415_230000.WAV,42,45,Strix varia_Barred Owl,0.7004620432853699,2024-04-15T23:00:00Z,23:00:00
20240415_230000.WAV,45,48,Strix varia_Barred Owl,0.7932131290435791,2024-04-15T23:00:00Z,23:00:00
20240414_194400.WAV,0,3,Branta canadensis_Canada Goose,0.7838307023048401,2024-04-14T19:44:00Z,19:44:00
20240414_194400.WAV,3,6,Branta canadensis_Canada Goose,0.9433410167694092,2024-04-14T19:44:00Z,19:44:00
20240414_194400.WAV,6,9,Branta canadensis_Canada Goose,0.9267458915710448,2024-04-14T19:44:00Z,19:44:00
20240414_194400.WAV,9,12,Branta canadensis_Canada Goose,0.8815943002700806,2024-04-14T19:44:00Z,19:44:00
20240414_194400.WAV,12,15,Branta canadensis_Canada Goose,0.9666154384613036,2024-04-14T19:44:00Z,19:44:00
20240414_194400.WAV,15,18,Branta canadensis_Canada Goose,0.9445030093193054,2024-04-14T19:44:00Z,19:44:00
20240414_194400.WAV,18,21,Branta canadensis_Canada Goose,0.8955373764038086,2024-04-14T19:44:00Z,19:44:00
20240414_194400.WAV,21,24,Branta canadensis_Canada Goose,0.8744428157806396,2024-04-14T19:44:00Z,19:44:00
20240414_194400.WAV,24,27,Branta canadensis_Canada Goose,0.8286740183830261,2024-04-14T19:44:00Z,19:44:00
20240414_194400.WAV,27,30,Branta canadensis_Canada Goose,0.9555559754371644,2024-04-14T19:44:00Z,19:44:00
20240414_194400.WAV,30,33,Branta canadensis_Canada Goose,0.6193728446960449,2024-04-14T19:44:00Z,19:44:00
20240414_194400.WAV,33,36,Branta canadensis_Canada Goose,0.8922346234321594,2024-04-14T19:44:00Z,19:44:00
20240414_194400.WAV,36,39,Branta canadensis_Canada Goose,0.8632946014404297,2024-04-14T19:44:00Z,19:44:00
20240413_192200.WAV,33,36,Botaurus lentiginosus_American Bittern,0.7389746308326721,2024-04-13T19:22:00Z,19:22:00
20240413_192200.WAV,39,42,Botaurus lentiginosus_American Bittern,0.4727689027786255,2024-04-13T19:22:00Z,19:22:00
20240405_192700.WAV,21,24,Turdus migratorius_American Robin,0.5263808369636536,2024-04-05T19:27:00Z,19:27:00
20240402_194100.WAV,36,39,Turdus migratorius_American Robin,0.5155472159385681,2024-04-02T19:41:00Z,19:41:00
20240401_060500.WAV,12,15,Turdus migratorius_American Robin,0.5304532051086426,2024-04-01T06:05:00Z,06:05:00
20240401_060500.WAV,42,45,Turdus migratorius_American Robin,0.41546475887298584,2024-04-01T06:05:00Z,06:05:00
20240401_060500.WAV,45,48,Turdus migratorius_American Robin,0.4070274531841278,2024-04-01T06:05:00Z,06:05:00
20240409_142200.WAV,48,51,Certhia americana_Brown Creeper,0.7890403866767883,2024-04-09T14:22:00Z,14:22:00
20240405_064900.WAV,33,36,Aix sponsa_Wood Duck,0.8443384170532227,2024-04-05T06:49:00Z,06:49:00
20240407_071200.WAV,15,18,Certhia americana_Brown Creeper,0.4654397666454315,2024-04-07T07:12:00Z,07:12:00
20240407_071200.WAV,30,33,Certhia americana_Brown Creeper,0.5721917748451233,2024-04-07T07:12:00Z,07:12:00
20240407_071200.WAV,30,33,Regulus regulus_Goldcrest,0.8314937949180603,2024-04-07T07:12:00Z,07:12:00
20240407_071200.WAV,42,45,Certhia americana_Brown Creeper,0.5395870804786682,2024-04-07T07:12:00Z,07:12:00
20240407_071200.WAV,42,45,Regulus regulus_Goldcrest,0.6114339232444763,2024-04-07T07:12:00Z,07:12:00
20240412_150500.WAV,21,24,Porzana porzana_Spotted Crake,0.563621461391449,2024-04-12T15:05:00Z,15:05:00
20240412_150500.WAV,39,42,Aix sponsa_Wood Duck,0.9114174842834472,2024-04-12T15:05:00Z,15:05:00
20240401_160500.WAV,9,12,Aegolius acadicus_Northern Saw-whet Owl,0.7773768305778503,2024-04-01T16:05:00Z,16:05:00
20240406_062600.WAV,21,24,Certhia americana_Brown Creeper,0.7300349473953247,2024-04-06T06:26:00Z,06:26:00
20240406_062600.WAV,27,30,Certhia americana_Brown Creeper,0.7590892910957336,2024-04-06T06:26:00Z,06:26:00
20240406_062600.WAV,45,48,Certhia americana_Brown Creeper,0.8260960578918457,2024-04-06T06:26:00Z,06:26:00
20240406_062600.WAV,51,54,Certhia americana_Brown Creeper,0.5892364382743835,2024-04-06T06:26:00Z,06:26:00
20240415_194900.WAV,42,45,Turdus migratorius_American Robin,0.4020677506923675,2024-04-15T19:49:00Z,19:49:00
20240408_061700.WAV,0,3,Certhia americana_Brown Creeper,0.8088383674621582,2024-04-08T06:17:00Z,06:17:00
20240408_061700.WAV,12,15,Certhia americana_Brown Creeper,0.7622012495994568,2024-04-08T06:17:00Z,06:17:00
20240408_061700.WAV,30,33,Certhia americana_Brown Creeper,0.9604595899581908,2024-04-08T06:17:00Z,06:17:00
20240408_061700.WAV,33,36,Certhia americana_Brown Creeper,0.5460622906684875,2024-04-08T06:17:00Z,06:17:00
20240408_061700.WAV,42,45,Certhia americana_Brown Creeper,0.9846280813217164,2024-04-08T06:17:00Z,06:17:00
20240408_061700.WAV,51,54,Certhia americana_Brown Creeper,0.9059266448020936,2024-04-08T06:17:00Z,06:17:00
20240415_062700.WAV,51,54,Sphyrapicus varius_Yellow-bellied Sapsucker,0.558178722858429,2024-04-15T06:27:00Z,06:27:00
20240412_160400.WAV,12,15,Porzana porzana_Spotted Crake,0.43850135803222656,2024-04-12T16:04:00Z,16:04:00
20240330_192400.WAV,0,3,Turdus migratorius_American Robin,0.5804186463356018,2024-03-30T19:24:00Z,19:24:00
20240330_192400.WAV,6,9,Turdus migratorius_American Robin,0.7113074064254761,2024-03-30T19:24:00Z,19:24:00
20240330_192400.WAV,9,12,Turdus migratorius_American Robin,0.7610882520675659,2024-03-30T19:24:00Z,19:24:00
20240330_192400.WAV,18,21,Turdus migratorius_American Robin,0.6469302773475647,2024-03-30T19:24:00Z,19:24:00
20240330_192400.WAV,21,24,Turdus migratorius_American Robin,0.622931182384491,2024-03-30T19:24:00Z,19:24:00
20240330_192400.WAV,24,27,Turdus migratorius_American Robin,0.5778472423553467,2024-03-30T19:24:00Z,19:24:00
20240407_145600.WAV,0,3,Certhia americana_Brown Creeper,0.901469111442566,2024-04-07T14:56:00Z,14:56:00
20240407_145600.WAV,9,12,Certhia americana_Brown Creeper,0.701606810092926,2024-04-07T14:56:00Z,14:56:00
20240407_145600.WAV,9,12,Regulus regulus_Goldcrest,0.7400529980659485,2024-04-07T14:56:00Z,14:56:00
20240407_145600.WAV,42,45,Certhia americana_Brown Creeper,0.5822683572769165,2024-04-07T14:56:00Z,14:56:00
20240414_071300.WAV,48,51,Strepera versicolor_Gray Currawong,0.7529871463775635,2024-04-14T07:13:00Z,07:13:00
20240412_064100.WAV,30,33,Poecile atricapillus_Black-capped Chickadee,0.5058375000953674,2024-04-12T06:41:00Z,06:41:00
20240412_064100.WAV,48,51,Poecile atricapillus_Black-capped Chickadee,0.460601806640625,2024-04-12T06:41:00Z,06:41:00
20240412_064100.WAV,51,54,Poecile atricapillus_Black-capped Chickadee,0.4506163001060486,2024-04-12T06:41:00Z,06:41:00
20240401_150400.WAV,18,21,Aegolius acadicus_Northern Saw-whet Owl,0.5418500900268555,2024-04-01T15:04:00Z,15:04:00
20240412_060400.WAV,0,3,Certhia americana_Brown Creeper,0.4131575524806976,2024-04-12T06:04:00Z,06:04:00
20240412_060400.WAV,3,6,Certhia americana_Brown Creeper,0.5799887180328369,2024-04-12T06:04:00Z,06:04:00
20240412_060400.WAV,6,9,Certhia americana_Brown Creeper,0.484754353761673,2024-04-12T06:04:00Z,06:04:00
20240412_060400.WAV,21,24,Certhia americana_Brown Creeper,0.9190759062767028,2024-04-12T06:04:00Z,06:04:00
20240412_060400.WAV,24,27,Poecile atricapillus_Black-capped Chickadee,0.6240453124046326,2024-04-12T06:04:00Z,06:04:00
20240416_064800.WAV,45,48,Sphyrapicus varius_Yellow-bellied Sapsucker,0.6434864401817322,2024-04-16T06:48:00Z,06:48:00
20240416_064800.WAV,51,54,Sphyrapicus varius_Yellow-bellied Sapsucker,0.41217562556266785,2024-04-16T06:48:00Z,06:48:00
20240409_191500.WAV,39,42,Regulus satrapa_Golden-crowned Kinglet,0.6252545714378357,2024-04-09T19:15:00Z,19:15:00
20240409_195000.WAV,15,18,Turdus migratorius_American Robin,0.43535423278808594,2024-04-09T19:50:00Z,19:50:00
20240409_195000.WAV,33,36,Turdus migratorius_American Robin,0.5325948596000671,2024-04-09T19:50:00Z,19:50:00
20240409_195000.WAV,48,51,Turdus migratorius_American Robin,0.7205719351768494,2024-04-09T19:50:00Z,19:50:00
20240331_062600.WAV,15,18,Turdus migratorius_American Robin,0.6172767281532288,2024-03-31T06:26:00Z,06:26:00
20240331_062600.WAV,21,24,Turdus migratorius_American Robin,0.46570074558258057,2024-03-31T06:26:00Z,06:26:00
20240331_062600.WAV,27,30,Turdus migratorius_American Robin,0.4286809861660004,2024-03-31T06:26:00Z,06:26:00
20240413_194300.WAV,39,42,Botaurus lentiginosus_American Bittern,0.4853533208370209,2024-04-13T19:43:00Z,19:43:00
20240413_190600.WAV,15,18,Certhia americana_Brown Creeper,0.4410252869129181,2024-04-13T19:06:00Z,19:06:00
20240413_190600.WAV,27,30,Certhia americana_Brown Creeper,0.6569255590438843,2024-04-13T19:06:00Z,19:06:00
20240405_145500.WAV,0,3,Porzana porzana_Spotted Crake,0.7293047904968262,2024-04-05T14:55:00Z,14:55:00
20240416_071000.WAV,9,12,Certhia americana_Brown Creeper,0.8554320335388184,2024-04-16T07:10:00Z,07:10:00
20240416_071000.WAV,9,12,Regulus regulus_Goldcrest,0.4632501602172851,2024-04-16T07:10:00Z,07:10:00
20240416_071000.WAV,45,48,Certhia americana_Brown Creeper,0.7969641089439392,2024-04-16T07:10:00Z,07:10:00
20240410_064200.WAV,3,6,Certhia americana_Brown Creeper,0.47425562143325806,2024-04-10T06:42:00Z,06:42:00
20240410_064200.WAV,6,9,Certhia americana_Brown Creeper,0.9804620742797852,2024-04-10T06:42:00Z,06:42:00
20240410_064200.WAV,12,15,Certhia americana_Brown Creeper,0.44540438055992126,2024-04-10T06:42:00Z,06:42:00
20240410_064200.WAV,15,18,Certhia americana_Brown Creeper,0.8268492221832275,2024-04-10T06:42:00Z,06:42:00
20240410_064200.WAV,18,21,Certhia americana_Brown Creeper,0.4676534235477447,2024-04-10T06:42:00Z,06:42:00
20240410_064200.WAV,21,24,Certhia americana_Brown Creeper,0.9597230553627014,2024-04-10T06:42:00Z,06:42:00
20240410_064200.WAV,27,30,Certhia americana_Brown Creeper,0.8614464402198792,2024-04-10T06:42:00Z,06:42:00
20240410_064200.WAV,30,33,Certhia americana_Brown Creeper,0.9842892289161682,2024-04-10T06:42:00Z,06:42:00
20240410_064200.WAV,36,39,Certhia americana_Brown Creeper,0.949399709701538,2024-04-10T06:42:00Z,06:42:00
20240410_064200.WAV,39,42,Certhia americana_Brown Creeper,0.6836240887641907,2024-04-10T06:42:00Z,06:42:00
20240410_064200.WAV,45,48,Certhia americana_Brown Creeper,0.9521927833557128,2024-04-10T06:42:00Z,06:42:00
20240410_064200.WAV,48,51,Certhia americana_Brown Creeper,0.6611800193786621,2024-04-10T06:42:00Z,06:42:00
20240410_064200.WAV,51,54,Certhia americana_Brown Creeper,0.8689141273498535,2024-04-10T06:42:00Z,06:42:00
20240331_194800.WAV,3,6,Turdus migratorius_American Robin,0.4654015600681305,2024-03-31T19:48:00Z,19:48:00
20240331_194800.WAV,6,9,Turdus migratorius_American Robin,0.6548386812210083,2024-03-31T19:48:00Z,19:48:00
20240331_194800.WAV,9,12,Turdus migratorius_American Robin,0.42942044138908386,2024-03-31T19:48:00Z,19:48:00
20240331_194800.WAV,33,36,Turdus migratorius_American Robin,0.44537293910980225,2024-03-31T19:48:00Z,19:48:00
20240405_141000.WAV,6,9,Porzana porzana_Spotted Crake,0.4508097469806671,2024-04-05T14:10:00Z,14:10:00
20240405_141000.WAV,30,33,Corvus brachyrhynchos_American Crow,0.4379401206970215,2024-04-05T14:10:00Z,14:10:00
20240410_060700.WAV,42,45,Certhia americana_Brown Creeper,0.7847476601600647,2024-04-10T06:07:00Z,06:07:00
20240410_060700.WAV,51,54,Certhia americana_Brown Creeper,0.7899506092071533,2024-04-10T06:07:00Z,06:07:00
20240410_164200.WAV,15,18,Poecile atricapillus_Black-capped Chickadee,0.4551093876361847,2024-04-10T16:42:00Z,16:42:00
20240410_164200.WAV,21,24,Poecile atricapillus_Black-capped Chickadee,0.4152713716030121,2024-04-10T16:42:00Z,16:42:00
20240410_164200.WAV,27,30,Poecile atricapillus_Black-capped Chickadee,0.5596029758453369,2024-04-10T16:42:00Z,16:42:00
20240410_164200.WAV,30,33,Poecile atricapillus_Black-capped Chickadee,0.4874260425567627,2024-04-10T16:42:00Z,16:42:00
20240410_164200.WAV,42,45,Poecile atricapillus_Black-capped Chickadee,0.5302770137786865,2024-04-10T16:42:00Z,16:42:00
20240410_160700.WAV,51,54,Sphyrapicus varius_Yellow-bellied Sapsucker,0.5489762425422668,2024-04-10T16:07:00Z,16:07:00
20240411_143200.WAV,0,3,Poecile gambeli_Mountain Chickadee,0.4915335476398468,2024-04-11T14:32:00Z,14:32:00
20240411_143200.WAV,6,9,Regulus regulus_Goldcrest,0.4141668379306793,2024-04-11T14:32:00Z,14:32:00
20240411_143200.WAV,39,42,Regulus regulus_Goldcrest,0.598896324634552,2024-04-11T14:32:00Z,14:32:00
20240410_154300.WAV,6,9,Poecile atricapillus_Black-capped Chickadee,0.4688380658626557,2024-04-10T15:43:00Z,15:43:00
20240410_154300.WAV,15,18,Poecile atricapillus_Black-capped Chickadee,0.43715929985046387,2024-04-10T15:43:00Z,15:43:00
20240404_162500.WAV,39,42,Porzana porzana_Spotted Crake,0.5472220182418823,2024-04-04T16:25:00Z,16:25:00
20240404_162500.WAV,51,54,Porzana porzana_Spotted Crake,0.7099147439002991,2024-04-04T16:25:00Z,16:25:00
20240405_071100.WAV,0,3,Certhia americana_Brown Creeper,0.7917953133583069,2024-04-05T07:11:00Z,07:11:00
20240405_071100.WAV,3,6,Regulus satrapa_Golden-crowned Kinglet,0.41178959608078,2024-04-05T07:11:00Z,07:11:00
20240405_071100.WAV,12,15,Certhia americana_Brown Creeper,0.4340212345123291,2024-04-05T07:11:00Z,07:11:00
20240405_071100.WAV,15,18,Turdus migratorius_American Robin,0.42562830448150635,2024-04-05T07:11:00Z,07:11:00
20240405_071100.WAV,18,21,Certhia americana_Brown Creeper,0.4890859127044678,2024-04-05T07:11:00Z,07:11:00
20240405_071100.WAV,21,24,Certhia americana_Brown Creeper,0.49826374650001526,2024-04-05T07:11:00Z,07:11:00
20240405_071100.WAV,27,30,Turdus migratorius_American Robin,0.46752873063087463,2024-04-05T07:11:00Z,07:11:00
20240405_071100.WAV,51,54,Poecile atricapillus_Black-capped Chickadee,0.6356639862060547,2024-04-05T07:11:00Z,07:11:00
20240403_064300.WAV,0,3,Certhia americana_Brown Creeper,0.867080569267273,2024-04-03T06:43:00Z,06:43:00
20240403_064300.WAV,12,15,Certhia americana_Brown Creeper,0.5393754839897156,2024-04-03T06:43:00Z,06:43:00
20240403_064300.WAV,21,24,Poecile atricapillus_Black-capped Chickadee,0.4117787182331085,2024-04-03T06:43:00Z,06:43:00
20240403_064300.WAV,48,51,Sitta carolinensis_White-breasted Nuthatch,0.4541043639183045,2024-04-03T06:43:00Z,06:43:00
20240404_193300.WAV,18,21,Nucifraga caryocatactes_Eurasian Nutcracker,0.40296199917793274,2024-04-04T19:33:00Z,19:33:00
20240413_151100.WAV,9,12,Porzana porzana_Spotted Crake,0.5221752524375916,2024-04-13T15:11:00Z,15:11:00
20240404_061800.WAV,39,42,Turdus migratorius_American Robin,0.5328336358070374,2024-04-04T06:18:00Z,06:18:00
20240404_061800.WAV,42,45,Turdus migratorius_American Robin,0.7191664576530457,2024-04-04T06:18:00Z,06:18:00
20240404_061800.WAV,45,48,Strepera versicolor_Gray Currawong,0.8245447278022766,2024-04-04T06:18:00Z,06:18:00
20240404_061800.WAV,51,54,Turdus migratorius_American Robin,0.681785523891449,2024-04-04T06:18:00Z,06:18:00
20240406_070600.WAV,6,9,Dryobates pubescens_Downy Woodpecker,0.4555383622646332,2024-04-06T07:06:00Z,07:06:00
20240406_070600.WAV,51,54,Dryobates pubescens_Downy Woodpecker,0.43944182991981506,2024-04-06T07:06:00Z,07:06:00
20240415_140600.WAV,27,30,Corvus brachyrhynchos_American Crow,0.6036284565925598,2024-04-15T14:06:00Z,14:06:00
20240415_140600.WAV,30,33,Corvus brachyrhynchos_American Crow,0.9351799488067628,2024-04-15T14:06:00Z,14:06:00
20240415_140600.WAV,33,36,Corvus brachyrhynchos_American Crow,0.550977349281311,2024-04-15T14:06:00Z,14:06:00
20240415_140600.WAV,39,42,Corvus brachyrhynchos_American Crow,0.8516336679458618,2024-04-15T14:06:00Z,14:06:00
20240415_140600.WAV,42,45,Corvus brachyrhynchos_American Crow,0.5626078248023987,2024-04-15T14:06:00Z,14:06:00
20240415_140600.WAV,45,48,Corvus brachyrhynchos_American Crow,0.7428351640701294,2024-04-15T14:06:00Z,14:06:00
20240407_063200.WAV,30,33,Certhia americana_Brown Creeper,0.9529737830162048,2024-04-07T06:32:00Z,06:32:00
20240407_063200.WAV,42,45,Certhia americana_Brown Creeper,0.8344056606292725,2024-04-07T06:32:00Z,06:32:00
20240412_142500.WAV,6,9,Certhia americana_Brown Creeper,0.8767833709716797,2024-04-12T14:25:00Z,14:25:00
20240412_142500.WAV,18,21,Certhia americana_Brown Creeper,0.7935246825218201,2024-04-12T14:25:00Z,14:25:00
20240412_142500.WAV,30,33,Certhia americana_Brown Creeper,0.6058324575424194,2024-04-12T14:25:00Z,14:25:00
20240412_142500.WAV,33,36,Certhia americana_Brown Creeper,0.81049346923828125,2024-04-12T14:25:00Z,14:25:00
20240409_192800.WAV,27,30,Certhia americana_Brown Creeper,0.4915940463542938,2024-04-09T19:28:00Z,19:28:00
20240409_192800.WAV,39,42,Certhia americana_Brown Creeper,0.6275781989097595,2024-04-09T19:28:00Z,19:28:00
20240409_192800.WAV,45,48,Certhia americana_Brown Creeper,0.8606870770454407,2024-04-09T19:28:00Z,19:28:00
20240331_193000.WAV,6,9,Turdus migratorius_American Robin,0.6013190150260925,2024-03-31T19:30:00Z,19:30:00
20240331_193000.WAV,12,15,Turdus migratorius_American Robin,0.6009194254875183,2024-03-31T19:30:00Z,19:30:00
20240331_193000.WAV,15,18,Turdus migratorius_American Robin,0.5250044465065002,2024-03-31T19:30:00Z,19:30:00
20240414_063300.WAV,33,36,Corvus brachyrhynchos_American Crow,0.934272825717926,2024-04-14T06:33:00Z,06:33:00
20240409_060300.WAV,30,33,Poecile atricapillus_Black-capped Chickadee,0.41101986169815063,2024-04-09T06:03:00Z,06:03:00
20240413_061000.WAV,3,6,Certhia americana_Brown Creeper,0.79317474365234375,2024-04-13T06:10:00Z,06:10:00
20240413_061000.WAV,18,21,Certhia americana_Brown Creeper,0.9459397792816162,2024-04-13T06:10:00Z,06:10:00
20240413_061000.WAV,27,30,Certhia americana_Brown Creeper,0.7064050436019897,2024-04-13T06:10:00Z,06:10:00
20240413_061000.WAV,36,39,Certhia americana_Brown Creeper,0.614004909992218,2024-04-13T06:10:00Z,06:10:00
20240413_061000.WAV,45,48,Certhia americana_Brown Creeper,0.4914619028568268,2024-04-13T06:10:00Z,06:10:00
20240413_065500.WAV,33,36,Aix sponsa_Wood Duck,0.4304847717285156,2024-04-13T06:55:00Z,06:55:00
20240413_065500.WAV,36,39,Aix sponsa_Wood Duck,0.5108729600906372,2024-04-13T06:55:00Z,06:55:00
20240406_144200.WAV,3,6,Poecile atricapillus_Black-capped Chickadee,0.7467336058616638,2024-04-06T14:42:00Z,14:42:00
20240406_144200.WAV,9,12,Poecile atricapillus_Black-capped Chickadee,0.5998881459236145,2024-04-06T14:42:00Z,14:42:00
20240406_144200.WAV,12,15,Poecile atricapillus_Black-capped Chickadee,0.665092408657074,2024-04-06T14:42:00Z,14:42:00
20240406_144200.WAV,15,18,Poecile atricapillus_Black-capped Chickadee,0.6118615865707397,2024-04-06T14:42:00Z,14:42:00
20240406_144200.WAV,18,21,Poecile atricapillus_Black-capped Chickadee,0.4069932699203491,2024-04-06T14:42:00Z,14:42:00
20240406_144200.WAV,27,30,Poecile atricapillus_Black-capped Chickadee,0.4271493256092071,2024-04-06T14:42:00Z,14:42:00
20240406_144200.WAV,39,42,Poecile atricapillus_Black-capped Chickadee,0.7594149708747864,2024-04-06T14:42:00Z,14:42:00
20240406_144200.WAV,48,51,Regulus satrapa_Golden-crowned Kinglet,0.776215136051178,2024-04-06T14:42:00Z,14:42:00
20240415_070700.WAV,9,12,Dryobates pubescens_Downy Woodpecker,0.501253068447113,2024-04-15T07:07:00Z,07:07:00
20240415_070700.WAV,15,18,Dryobates pubescens_Downy Woodpecker,0.4110826253890991,2024-04-15T07:07:00Z,07:07:00
20240415_070700.WAV,42,45,Dryobates pubescens_Downy Woodpecker,0.5868676900863647,2024-04-15T07:07:00Z,07:07:00
20240415_193100.WAV,6,9,Certhia americana_Brown Creeper,0.773796796798706,2024-04-15T19:31:00Z,19:31:00
20240415_193100.WAV,21,24,Certhia americana_Brown Creeper,0.7699069976806641,2024-04-15T19:31:00Z,19:31:00
20240331_070600.WAV,36,39,Poecile atricapillus_Black-capped Chickadee,0.6260737180709839,2024-03-31T07:06:00Z,07:06:00
20240331_070600.WAV,42,45,Turdus migratorius_American Robin,0.6576435565948486,2024-03-31T07:06:00Z,07:06:00
20240330_191900.WAV,0,3,Turdus migratorius_American Robin,0.4785403311252594,2024-03-30T19:19:00Z,19:19:00
20240330_191900.WAV,6,9,Turdus migratorius_American Robin,0.41334056854248047,2024-03-30T19:19:00Z,19:19:00
20240330_191900.WAV,12,15,Turdus migratorius_American Robin,0.5154298543930054,2024-03-30T19:19:00Z,19:19:00
20240330_191900.WAV,45,48,Turdus migratorius_American Robin,0.5187773704528809,2024-03-30T19:19:00Z,19:19:00
20240330_191900.WAV,48,51,Turdus migratorius_American Robin,0.8208187222480774,2024-03-30T19:19:00Z,19:19:00
20240330_191900.WAV,51,54,Turdus migratorius_American Robin,0.5016902089118958,2024-03-30T19:19:00Z,19:19:00
20240411_061300.WAV,3,6,Corvus brachyrhynchos_American Crow,0.7657627463340759,2024-04-11T06:13:00Z,06:13:00
20240411_061300.WAV,9,12,Certhia americana_Brown Creeper,0.9290301203727722,2024-04-11T06:13:00Z,06:13:00
20240411_061300.WAV,12,15,Certhia americana_Brown Creeper,0.6419718861579895,2024-04-11T06:13:00Z,06:13:00
20240411_061300.WAV,15,18,Certhia americana_Brown Creeper,0.5810277462005615,2024-04-11T06:13:00Z,06:13:00
20240411_061300.WAV,21,24,Certhia americana_Brown Creeper,0.6601710915565491,2024-04-11T06:13:00Z,06:13:00
20240411_061300.WAV,33,36,Certhia americana_Brown Creeper,0.6585853099822998,2024-04-11T06:13:00Z,06:13:00
20240411_061300.WAV,36,39,Certhia americana_Brown Creeper,0.7971326112747192,2024-04-11T06:13:00Z,06:13:00
20240411_061300.WAV,36,39,Regulus satrapa_Golden-crowned Kinglet,0.44572439789772034,2024-04-11T06:13:00Z,06:13:00
20240411_061300.WAV,42,45,Regulus satrapa_Golden-crowned Kinglet,0.4692930579185486,2024-04-11T06:13:00Z,06:13:00
20240404_140400.WAV,39,42,Porzana porzana_Spotted Crake,0.6290904879570007,2024-04-04T14:04:00Z,14:04:00
20240411_065600.WAV,0,3,Dryobates pubescens_Downy Woodpecker,0.7418219447135925,2024-04-11T06:56:00Z,06:56:00
20240411_065600.WAV,3,6,Dryobates pubescens_Downy Woodpecker,0.9723148941993712,2024-04-11T06:56:00Z,06:56:00
20240411_065600.WAV,6,9,Dryobates pubescens_Downy Woodpecker,0.97477525472641,2024-04-11T06:56:00Z,06:56:00
20240411_065600.WAV,9,12,Dryobates pubescens_Downy Woodpecker,0.8780807256698608,2024-04-11T06:56:00Z,06:56:00
20240411_065600.WAV,12,15,Dryobates pubescens_Downy Woodpecker,0.9125837683677672,2024-04-11T06:56:00Z,06:56:00
20240411_065600.WAV,15,18,Dryobates pubescens_Downy Woodpecker,0.9557632803916932,2024-04-11T06:56:00Z,06:56:00
20240411_065600.WAV,18,21,Dryobates pubescens_Downy Woodpecker,0.5509020686149597,2024-04-11T06:56:00Z,06:56:00
20240411_065600.WAV,21,24,Dryobates pubescens_Downy Woodpecker,0.9295485615730286,2024-04-11T06:56:00Z,06:56:00
20240411_065600.WAV,24,27,Dryobates pubescens_Downy Woodpecker,0.4165349900722504,2024-04-11T06:56:00Z,06:56:00
20240411_065600.WAV,27,30,Dryobates pubescens_Downy Woodpecker,0.7241164445877075,2024-04-11T06:56:00Z,06:56:00
20240411_065600.WAV,30,33,Dryobates pubescens_Downy Woodpecker,0.567848801612854,2024-04-11T06:56:00Z,06:56:00
20240411_065600.WAV,33,36,Dryobates pubescens_Downy Woodpecker,0.8142771124839783,2024-04-11T06:56:00Z,06:56:00
20240411_065600.WAV,36,39,Dryobates pubescens_Downy Woodpecker,0.4843842387199402,2024-04-11T06:56:00Z,06:56:00
20240411_065600.WAV,39,42,Dryobates pubescens_Downy Woodpecker,0.7924791574478149,2024-04-11T06:56:00Z,06:56:00
20240411_065600.WAV,42,45,Dryobates pubescens_Downy Woodpecker,0.7830322980880737,2024-04-11T06:56:00Z,06:56:00
20240411_065600.WAV,45,48,Dryobates pubescens_Downy Woodpecker,0.8876051306724548,2024-04-11T06:56:00Z,06:56:00
20240411_065600.WAV,48,51,Dryobates pubescens_Downy Woodpecker,0.7701989412307739,2024-04-11T06:56:00Z,06:56:00
20240411_065600.WAV,51,54,Dryobates pubescens_Downy Woodpecker,0.8736089468002319,2024-04-11T06:56:00Z,06:56:00
20240412_063900.WAV,30,33,Poecile atricapillus_Black-capped Chickadee,0.7041471600532532,2024-04-12T06:39:00Z,06:39:00
20240412_063900.WAV,48,51,Poecile atricapillus_Black-capped Chickadee,0.731006383895874,2024-04-12T06:39:00Z,06:39:00
20240411_161300.WAV,12,15,Regulus regulus_Goldcrest,0.5334482789039612,2024-04-11T16:13:00Z,16:13:00
20240411_161300.WAV,27,30,Certhia americana_Brown Creeper,0.8485375046730042,2024-04-11T16:13:00Z,16:13:00
20240411_161300.WAV,42,45,Certhia americana_Brown Creeper,0.8972262740135193,2024-04-11T16:13:00Z,16:13:00
20240411_161300.WAV,45,48,Certhia americana_Brown Creeper,0.415812075138092,2024-04-11T16:13:00Z,16:13:00
20240402_055600.WAV,3,6,Turdus migratorius_American Robin,0.5382837057113647,2024-04-02T05:56:00Z,05:56:00
20240402_055600.WAV,15,18,Turdus migratorius_American Robin,0.4050460755825043,2024-04-02T05:56:00Z,05:56:00
20240402_055600.WAV,39,42,Turdus migratorius_American Robin,0.429811030626297,2024-04-02T05:56:00Z,05:56:00
20240401_191300.WAV,21,24,Turdus migratorius_American Robin,0.4377138018608093,2024-04-01T19:13:00Z,19:13:00
20240401_191300.WAV,33,36,Turdus migratorius_American Robin,0.5774039626121521,2024-04-01T19:13:00Z,19:13:00
20240405_063100.WAV,3,6,Turdus migratorius_American Robin,0.66928863525390625,2024-04-05T06:31:00Z,06:31:00
20240405_063100.WAV,33,36,Turdus migratorius_American Robin,0.8522828817367554,2024-04-05T06:31:00Z,06:31:00
20240405_063100.WAV,36,39,Turdus migratorius_American Robin,0.4815210998058319,2024-04-05T06:31:00Z,06:31:00
20240402_161200.WAV,30,33,Corvus brachyrhynchos_American Crow,0.7997854948043823,2024-04-02T16:12:00Z,16:12:00
20240402_161200.WAV,36,39,Corvus brachyrhynchos_American Crow,0.6855319738388062,2024-04-02T16:12:00Z,16:12:00
20240402_161200.WAV,48,51,Corvus brachyrhynchos_American Crow,0.7758063673973083,2024-04-02T16:12:00Z,16:12:00
20240402_065700.WAV,3,6,Turdus migratorius_American Robin,0.4010160565376282,2024-04-02T06:57:00Z,06:57:00
20240402_065700.WAV,12,15,Turdus migratorius_American Robin,0.7214322686195374,2024-04-02T06:57:00Z,06:57:00
20240402_065700.WAV,36,39,Turdus migratorius_American Robin,0.8118544816970825,2024-04-02T06:57:00Z,06:57:00
20240411_151200.WAV,33,36,Certhia americana_Brown Creeper,0.6185601949691772,2024-04-11T15:12:00Z,15:12:00
20240411_151200.WAV,45,48,Certhia americana_Brown Creeper,0.79531097412109375,2024-04-11T15:12:00Z,15:12:00
20240402_061200.WAV,48,51,Turdus migratorius_American Robin,0.43448084592819214,2024-04-02T06:12:00Z,06:12:00
20240411_155700.WAV,33,36,Corvus brachyrhynchos_American Crow,0.710651159286499,2024-04-11T15:57:00Z,15:57:00
20240331_193200.WAV,3,6,Turdus migratorius_American Robin,0.4999202489852905,2024-03-31T19:32:00Z,19:32:00
20240331_193200.WAV,18,21,Turdus migratorius_American Robin,0.9087201952934264,2024-03-31T19:32:00Z,19:32:00
20240331_193200.WAV,27,30,Turdus migratorius_American Robin,0.5406830906867981,2024-03-31T19:32:00Z,19:32:00
20240331_193200.WAV,30,33,Turdus migratorius_American Robin,0.4979489743709564,2024-03-31T19:32:00Z,19:32:00
20240331_193200.WAV,42,45,Turdus migratorius_American Robin,0.42315560579299927,2024-03-31T19:32:00Z,19:32:00
20240410_063800.WAV,9,12,Dryobates pubescens_Downy Woodpecker,0.4716969132423401,2024-04-10T06:38:00Z,06:38:00
20240409_064400.WAV,0,3,Regulus satrapa_Golden-crowned Kinglet,0.6038109660148621,2024-04-09T06:44:00Z,06:44:00
20240409_064400.WAV,9,12,Certhia americana_Brown Creeper,0.6170105338096619,2024-04-09T06:44:00Z,06:44:00
20240409_064400.WAV,21,24,Certhia americana_Brown Creeper,0.9085008502006532,2024-04-09T06:44:00Z,06:44:00
20240409_064400.WAV,33,36,Certhia americana_Brown Creeper,0.8373609185218811,2024-04-09T06:44:00Z,06:44:00
20240409_064400.WAV,39,42,Nucifraga caryocatactes_Eurasian Nutcracker,0.4453037083148956,2024-04-09T06:44:00Z,06:44:00
20240409_064400.WAV,42,45,Certhia americana_Brown Creeper,0.8750696778297424,2024-04-09T06:44:00Z,06:44:00
20240414_063100.WAV,27,30,Turdus migratorius_American Robin,0.4171260595321655,2024-04-14T06:31:00Z,06:31:00
20240409_060100.WAV,18,21,Poecile atricapillus_Black-capped Chickadee,0.4351363480091095,2024-04-09T06:01:00Z,06:01:00
20240409_060100.WAV,27,30,Poecile atricapillus_Black-capped Chickadee,0.5366786122322083,2024-04-09T06:01:00Z,06:01:00
20240413_061200.WAV,6,9,Certhia americana_Brown Creeper,0.5463588237762451,2024-04-13T06:12:00Z,06:12:00
20240413_061200.WAV,18,21,Certhia americana_Brown Creeper,0.6629967093467712,2024-04-13T06:12:00Z,06:12:00
20240409_164400.WAV,6,9,Certhia americana_Brown Creeper,0.9393233060836792,2024-04-09T16:44:00Z,16:44:00
20240409_164400.WAV,36,39,Regulus regulus_Goldcrest,0.6229057908058167,2024-04-09T16:44:00Z,16:44:00
20240402_144900.WAV,6,9,Porzana porzana_Spotted Crake,0.5367321968078613,2024-04-02T14:49:00Z,14:49:00
20240402_144900.WAV,18,21,Porzana porzana_Spotted Crake,0.6332930326461792,2024-04-02T14:49:00Z,14:49:00
20240410_163800.WAV,27,30,Sphyrapicus varius_Yellow-bellied Sapsucker,0.46104633808135986,2024-04-10T16:38:00Z,16:38:00
20240410_163800.WAV,51,54,Poecile atricapillus_Black-capped Chickadee,0.47860392928123474,2024-04-10T16:38:00Z,16:38:00
20240413_065700.WAV,21,24,Aix sponsa_Wood Duck,0.9728742241859436,2024-04-13T06:57:00Z,06:57:00
20240413_065700.WAV,30,33,Aix sponsa_Wood Duck,0.9580318331718444,2024-04-13T06:57:00Z,06:57:00
20240413_065700.WAV,36,39,Aix sponsa_Wood Duck,0.5963959097862244,2024-04-13T06:57:00Z,06:57:00
20240413_065700.WAV,42,45,Aix sponsa_Wood Duck,0.8906285762786865,2024-04-13T06:57:00Z,06:57:00
20240413_065700.WAV,48,51,Aix sponsa_Wood Duck,0.944530189037323,2024-04-13T06:57:00Z,06:57:00
20240406_144000.WAV,0,3,Poecile atricapillus_Black-capped Chickadee,0.6628821492195129,2024-04-06T14:40:00Z,14:40:00
20240406_144000.WAV,3,6,Poecile atricapillus_Black-capped Chickadee,0.42724719643592834,2024-04-06T14:40:00Z,14:40:00
20240406_144000.WAV,9,12,Poecile atricapillus_Black-capped Chickadee,0.6707836985588074,2024-04-06T14:40:00Z,14:40:00
20240406_144000.WAV,15,18,Poecile atricapillus_Black-capped Chickadee,0.47020500898361206,2024-04-06T14:40:00Z,14:40:00
20240406_144000.WAV,21,24,Poecile atricapillus_Black-capped Chickadee,0.4055499732494354,2024-04-06T14:40:00Z,14:40:00
20240406_144000.WAV,24,27,Poecile atricapillus_Black-capped Chickadee,0.6732727885246277,2024-04-06T14:40:00Z,14:40:00
20240406_144000.WAV,27,30,Poecile atricapillus_Black-capped Chickadee,0.5632996559143066,2024-04-06T14:40:00Z,14:40:00
20240406_144000.WAV,42,45,Poecile atricapillus_Black-capped Chickadee,0.455260694026947,2024-04-06T14:40:00Z,14:40:00
20240406_144000.WAV,45,48,Poecile atricapillus_Black-capped Chickadee,0.7990192770957947,2024-04-06T14:40:00Z,14:40:00
20240415_070500.WAV,9,12,Dryobates pubescens_Downy Woodpecker,0.855217456817627,2024-04-15T07:05:00Z,07:05:00
20240415_070500.WAV,21,24,Dryobates pubescens_Downy Woodpecker,0.6383781433105469,2024-04-15T07:05:00Z,07:05:00
20240415_070500.WAV,39,42,Dryobates pubescens_Downy Woodpecker,0.5171514749526978,2024-04-15T07:05:00Z,07:05:00
20240415_070500.WAV,45,48,Dryobates pubescens_Downy Woodpecker,0.6935826539993286,2024-04-15T07:05:00Z,07:05:00
20240331_061900.WAV,24,27,Turdus migratorius_American Robin,0.618645429611206,2024-03-31T06:19:00Z,06:19:00
20240331_061900.WAV,27,30,Turdus migratorius_American Robin,0.46399062871932983,2024-03-31T06:19:00Z,06:19:00
20240331_061900.WAV,45,48,Turdus migratorius_American Robin,0.4427999258041382,2024-03-31T06:19:00Z,06:19:00
20240406_070400.WAV,9,12,Dryobates pubescens_Downy Woodpecker,0.4233368337154389,2024-04-06T07:04:00Z,07:04:00
20240406_070400.WAV,15,18,Dryobates pubescens_Downy Woodpecker,0.483724445104599,2024-04-06T07:04:00Z,07:04:00
20240411_144800.WAV,18,21,Certhia americana_Brown Creeper,0.48287585377693176,2024-04-11T14:48:00Z,14:48:00
20240411_144800.WAV,48,51,Regulus satrapa_Golden-crowned Kinglet,0.5496323704719543,2024-04-11T14:48:00Z,14:48:00
20240407_063000.WAV,39,42,Certhia americana_Brown Creeper,0.8299673795700073,2024-04-07T06:30:00Z,06:30:00
20240412_142700.WAV,21,24,Certhia americana_Brown Creeper,0.8499147891998291,2024-04-12T14:27:00Z,14:27:00
20240409_154500.WAV,6,9,Certhia americana_Brown Creeper,0.6726504564285278,2024-04-09T15:45:00Z,15:45:00
20240409_154500.WAV,15,18,Certhia americana_Brown Creeper,0.7162479162216187,2024-04-09T15:45:00Z,15:45:00
20240409_154500.WAV,15,18,Regulus satrapa_Golden-crowned Kinglet,0.5236989259719849,2024-04-09T15:45:00Z,15:45:00
20240409_154500.WAV,18,21,Certhia americana_Brown Creeper,0.9308799505233764,2024-04-09T15:45:00Z,15:45:00
20240409_154500.WAV,21,24,Poecile atricapillus_Black-capped Chickadee,0.4266797602176666,2024-04-09T15:45:00Z,15:45:00
20240409_154500.WAV,30,33,Certhia americana_Brown Creeper,0.9898287653923036,2024-04-09T15:45:00Z,15:45:00
20240409_154500.WAV,45,48,Certhia americana_Brown Creeper,0.47290945053100586,2024-04-09T15:45:00Z,15:45:00
20240403_063900.WAV,27,30,Turdus migratorius_American Robin,0.41578295826911926,2024-04-03T06:39:00Z,06:39:00
20240403_063900.WAV,36,39,Poecile gambeli_Mountain Chickadee,0.40498682856559753,2024-04-03T06:39:00Z,06:39:00
20240404_193100.WAV,0,3,Aegolius acadicus_Northern Saw-whet Owl,0.4029999375343323,2024-04-04T19:31:00Z,19:31:00
20240331_151800.WAV,3,6,Certhia americana_Brown Creeper,0.5659952759742737,2024-03-31T15:18:00Z,15:18:00
20240331_151800.WAV,48,51,Certhia americana_Brown Creeper,0.7799572348594666,2024-03-31T15:18:00Z,15:18:00
20240405_063300.WAV,6,9,Turdus migratorius_American Robin,0.5571451187133789,2024-04-05T06:33:00Z,06:33:00
20240402_161000.WAV,12,15,Porzana porzana_Spotted Crake,0.5039414167404175,2024-04-02T16:10:00Z,16:10:00
20240402_161000.WAV,15,18,Porzana porzana_Spotted Crake,0.7022796273231506,2024-04-02T16:10:00Z,16:10:00
20240402_161000.WAV,18,21,Porzana porzana_Spotted Crake,0.4798172116279602,2024-04-02T16:10:00Z,16:10:00
20240402_161000.WAV,24,27,Porzana porzana_Spotted Crake,0.8067132830619812,2024-04-02T16:10:00Z,16:10:00
20240402_161000.WAV,30,33,Porzana porzana_Spotted Crake,0.5339044332504272,2024-04-02T16:10:00Z,16:10:00
20240402_161000.WAV,33,36,Porzana porzana_Spotted Crake,0.46499818563461304,2024-04-02T16:10:00Z,16:10:00
20240411_055500.WAV,9,12,Certhia americana_Brown Creeper,0.5198864936828613,2024-04-11T05:55:00Z,05:55:00
20240411_055500.WAV,42,45,Certhia americana_Brown Creeper,0.7588777542114258,2024-04-11T05:55:00Z,05:55:00
20240411_055500.WAV,51,54,Certhia americana_Brown Creeper,0.7553550601005554,2024-04-11T05:55:00Z,05:55:00
20240402_065500.WAV,12,15,Turdus migratorius_American Robin,0.488179087638855,2024-04-02T06:55:00Z,06:55:00
20240402_065500.WAV,51,54,Turdus migratorius_American Robin,0.5820929408073425,2024-04-02T06:55:00Z,06:55:00
20240406_061900.WAV,9,12,Turdus migratorius_American Robin,0.459672212600708,2024-04-06T06:19:00Z,06:19:00
20240406_061900.WAV,18,21,Certhia americana_Brown Creeper,0.6230954527854919,2024-04-06T06:19:00Z,06:19:00
20240406_061900.WAV,30,33,Certhia americana_Brown Creeper,0.47335106134414673,2024-04-06T06:19:00Z,06:19:00
20240406_061900.WAV,42,45,Certhia americana_Brown Creeper,0.4712693691253662,2024-04-06T06:19:00Z,06:19:00
20240406_061900.WAV,51,54,Certhia americana_Brown Creeper,0.8123493194580078,2024-04-06T06:19:00Z,06:19:00
20240411_151000.WAV,15,18,Certhia americana_Brown Creeper,0.5915262699127197,2024-04-11T15:10:00Z,15:10:00
20240411_151000.WAV,24,27,Certhia americana_Brown Creeper,0.880036473274231,2024-04-11T15:10:00Z,15:10:00
20240402_061000.WAV,18,21,Turdus migratorius_American Robin,0.5949991345405579,2024-04-02T06:10:00Z,06:10:00
20240402_061000.WAV,24,27,Turdus migratorius_American Robin,0.41092410683631897,2024-04-02T06:10:00Z,06:10:00
20240402_061000.WAV,36,39,Turdus migratorius_American Robin,0.5113041996955872,2024-04-02T06:10:00Z,06:10:00
20240402_061000.WAV,48,51,Turdus migratorius_American Robin,0.8692529201507568,2024-04-02T06:10:00Z,06:10:00
20240408_152900.WAV,6,9,Corvus brachyrhynchos_American Crow,0.5945478081703186,2024-04-08T15:29:00Z,15:29:00
20240411_061100.WAV,3,6,Certhia americana_Brown Creeper,0.4832228720188141,2024-04-11T06:11:00Z,06:11:00
20240411_061100.WAV,9,12,Certhia americana_Brown Creeper,0.5424204468727112,2024-04-11T06:11:00Z,06:11:00
20240411_061100.WAV,18,21,Certhia americana_Brown Creeper,0.72735595703125,2024-04-11T06:11:00Z,06:11:00
20240411_061100.WAV,21,24,Certhia americana_Brown Creeper,0.8954507112503052,2024-04-11T06:11:00Z,06:11:00
20240411_061100.WAV,27,30,Certhia americana_Brown Creeper,0.5653874278068542,2024-04-11T06:11:00Z,06:11:00
20240411_061100.WAV,30,33,Certhia americana_Brown Creeper,0.8439279198646545,2024-04-11T06:11:00Z,06:11:00
20240411_061100.WAV,36,39,Certhia americana_Brown Creeper,0.7966749668121338,2024-04-11T06:11:00Z,06:11:00
20240411_061100.WAV,39,42,Certhia americana_Brown Creeper,0.9394659399986268,2024-04-11T06:11:00Z,06:11:00
20240411_061100.WAV,42,45,Certhia americana_Brown Creeper,0.4140523672103882,2024-04-11T06:11:00Z,06:11:00
20240411_061100.WAV,45,48,Certhia americana_Brown Creeper,0.7144996523857117,2024-04-11T06:11:00Z,06:11:00
20240411_061100.WAV,48,51,Certhia americana_Brown Creeper,0.8359594345092773,2024-04-11T06:11:00Z,06:11:00
20240402_155400.WAV,39,42,Porzana porzana_Spotted Crake,0.5323463678359985,2024-04-02T15:54:00Z,15:54:00
20240411_065400.WAV,3,6,Dryobates pubescens_Downy Woodpecker,0.677606999874115,2024-04-11T06:54:00Z,06:54:00
20240411_065400.WAV,6,9,Certhia americana_Brown Creeper,0.5962622165679932,2024-04-11T06:54:00Z,06:54:00
20240411_065400.WAV,12,15,Certhia americana_Brown Creeper,0.7415786981582642,2024-04-11T06:54:00Z,06:54:00
20240411_065400.WAV,12,15,Dryobates pubescens_Downy Woodpecker,0.5892621874809265,2024-04-11T06:54:00Z,06:54:00
20240411_065400.WAV,18,21,Certhia americana_Brown Creeper,0.446973592042923,2024-04-11T06:54:00Z,06:54:00
20240411_065400.WAV,24,27,Dryobates pubescens_Downy Woodpecker,0.7344487905502319,2024-04-11T06:54:00Z,06:54:00
20240411_065400.WAV,27,30,Dryobates pubescens_Downy Woodpecker,0.5743367671966553,2024-04-11T06:54:00Z,06:54:00
20240411_065400.WAV,33,36,Dryobates pubescens_Downy Woodpecker,0.5670644640922546,2024-04-11T06:54:00Z,06:54:00
20240411_065400.WAV,51,54,Dryobates pubescens_Downy Woodpecker,0.9763990044593812,2024-04-11T06:54:00Z,06:54:00
20240411_065400.WAV,54,55,Dryobates pubescens_Downy Woodpecker,0.4591598510742187,2024-04-11T06:54:00Z,06:54:00
20240415_061800.WAV,6,9,Certhia americana_Brown Creeper,0.8618005514144897,2024-04-15T06:18:00Z,06:18:00
20240415_061800.WAV,21,24,Certhia americana_Brown Creeper,0.6587026119232178,2024-04-15T06:18:00Z,06:18:00
20240415_061800.WAV,27,30,Colaptes auratus_Northern Flicker,0.5075536966323853,2024-04-15T06:18:00Z,06:18:00
20240415_061800.WAV,33,36,Certhia americana_Brown Creeper,0.7971622943878174,2024-04-15T06:18:00Z,06:18:00
20240415_061800.WAV,42,45,Certhia americana_Brown Creeper,0.8380370736122131,2024-04-15T06:18:00Z,06:18:00
20240415_061800.WAV,45,48,Colaptes auratus_Northern Flicker,0.4291914701461792,2024-04-15T06:18:00Z,06:18:00
20240415_061800.WAV,48,51,Certhia americana_Brown Creeper,0.4300050735473633,2024-04-15T06:18:00Z,06:18:00
20240404_144300.WAV,0,3,Porzana porzana_Spotted Crake,0.925665318965912,2024-04-04T14:43:00Z,14:43:00
20240404_144300.WAV,6,9,Porzana porzana_Spotted Crake,0.4921363592147827,2024-04-04T14:43:00Z,14:43:00
20240404_144300.WAV,9,12,Porzana porzana_Spotted Crake,0.4595887064933777,2024-04-04T14:43:00Z,14:43:00
20240404_144300.WAV,42,45,Porzana porzana_Spotted Crake,0.7062211632728577,2024-04-04T14:43:00Z,14:43:00
20240402_055400.WAV,3,6,Turdus migratorius_American Robin,0.5392920970916748,2024-04-02T05:54:00Z,05:54:00
20240402_055400.WAV,12,15,Turdus migratorius_American Robin,0.542644202709198,2024-04-02T05:54:00Z,05:54:00
20240402_055400.WAV,21,24,Turdus migratorius_American Robin,0.4519503116607666,2024-04-02T05:54:00Z,05:54:00
20240402_055400.WAV,30,33,Turdus migratorius_American Robin,0.413571298122406,2024-04-02T05:54:00Z,05:54:00
20240402_055400.WAV,36,39,Turdus migratorius_American Robin,0.4933191537857056,2024-04-02T05:54:00Z,05:54:00
20240402_055400.WAV,45,48,Turdus migratorius_American Robin,0.4843156635761261,2024-04-02T05:54:00Z,05:54:00
20240402_055400.WAV,48,51,Turdus migratorius_American Robin,0.534735918045044,2024-04-02T05:54:00Z,05:54:00
20240416_063200.WAV,0,3,Certhia americana_Brown Creeper,0.8723278045654297,2024-04-16T06:32:00Z,06:32:00
20240416_063200.WAV,15,18,Certhia americana_Brown Creeper,0.8811591863632202,2024-04-16T06:32:00Z,06:32:00
20240416_063200.WAV,18,21,Certhia americana_Brown Creeper,0.8379014134407043,2024-04-16T06:32:00Z,06:32:00
20240416_063200.WAV,30,33,Certhia americana_Brown Creeper,0.6747671365737915,2024-04-16T06:32:00Z,06:32:00
20240415_193300.WAV,48,51,Regulus satrapa_Golden-crowned Kinglet,0.41469573974609375,2024-04-15T19:33:00Z,19:33:00
20240331_070400.WAV,21,24,Certhia americana_Brown Creeper,0.4921981692314148,2024-03-31T07:04:00Z,07:04:00
20240331_070400.WAV,21,24,Regulus regulus_Goldcrest,0.5049100518226624,2024-03-31T07:04:00Z,07:04:00
20240408_061500.WAV,0,3,Certhia americana_Brown Creeper,0.5431415438652039,2024-04-08T06:15:00Z,06:15:00
20240408_061500.WAV,9,12,Certhia americana_Brown Creeper,0.4498797059059143,2024-04-08T06:15:00Z,06:15:00
20240408_061500.WAV,30,33,Certhia americana_Brown Creeper,0.5570339560508728,2024-04-08T06:15:00Z,06:15:00
20240408_061500.WAV,42,45,Certhia americana_Brown Creeper,0.7535263299942017,2024-04-08T06:15:00Z,06:15:00
20240415_062500.WAV,9,12,Colaptes auratus_Northern Flicker,0.5523073673248291,2024-04-15T06:25:00Z,06:25:00
20240415_062500.WAV,21,24,Certhia americana_Brown Creeper,0.6099726557731628,2024-04-15T06:25:00Z,06:25:00
20240415_062500.WAV,27,30,Certhia americana_Brown Creeper,0.9268621802330016,2024-04-15T06:25:00Z,06:25:00
20240415_062500.WAV,30,33,Colaptes auratus_Northern Flicker,0.4595884680747986,2024-04-15T06:25:00Z,06:25:00
20240415_062500.WAV,33,36,Colaptes auratus_Northern Flicker,0.7128103375434875,2024-04-15T06:25:00Z,06:25:00
20240408_065000.WAV,9,12,Certhia americana_Brown Creeper,0.4779864251613617,2024-04-08T06:50:00Z,06:50:00
20240330_192600.WAV,6,9,Turdus migratorius_American Robin,0.6131263971328735,2024-03-30T19:26:00Z,19:26:00
20240330_192600.WAV,9,12,Turdus migratorius_American Robin,0.5046364068984985,2024-03-30T19:26:00Z,19:26:00
20240330_192600.WAV,15,18,Turdus migratorius_American Robin,0.7319821715354919,2024-03-30T19:26:00Z,19:26:00
20240330_192600.WAV,18,21,Turdus migratorius_American Robin,0.5062069296836853,2024-03-30T19:26:00Z,19:26:00
20240330_192600.WAV,24,27,Turdus migratorius_American Robin,0.7358212471008301,2024-03-30T19:26:00Z,19:26:00
20240330_192600.WAV,30,33,Turdus migratorius_American Robin,0.6489954590797424,2024-03-30T19:26:00Z,19:26:00
20240330_192600.WAV,36,39,Turdus migratorius_American Robin,0.5115261673927307,2024-03-30T19:26:00Z,19:26:00
20240330_192600.WAV,42,45,Turdus migratorius_American Robin,0.6389333009719849,2024-03-30T19:26:00Z,19:26:00
20240330_192600.WAV,45,48,Turdus migratorius_American Robin,0.7055203914642334,2024-03-30T19:26:00Z,19:26:00
20240330_192600.WAV,48,51,Turdus migratorius_American Robin,0.5388548970222473,2024-03-30T19:26:00Z,19:26:00
20240330_192600.WAV,51,54,Turdus migratorius_American Robin,0.6681528091430664,2024-03-30T19:26:00Z,19:26:00
20240414_071100.WAV,3,6,Turdus migratorius_American Robin,0.4888487756252289,2024-04-14T07:11:00Z,07:11:00
20240408_161500.WAV,33,36,Branta canadensis_Canada Goose,0.5702492594718933,2024-04-08T16:15:00Z,16:15:00
20240408_161500.WAV,36,39,Aegolius acadicus_Northern Saw-whet Owl,0.4787156879901886,2024-04-08T16:15:00Z,16:15:00
20240412_064300.WAV,12,15,Regulus satrapa_Golden-crowned Kinglet,0.4009557366371155,2024-04-12T06:43:00Z,06:43:00
20240412_064300.WAV,48,51,Sitta carolinensis_White-breasted Nuthatch,0.461196094751358,2024-04-12T06:43:00Z,06:43:00
20240401_150600.WAV,39,42,Porzana porzana_Spotted Crake,0.5300391316413879,2024-04-01T15:06:00Z,15:06:00
20240411_190700.WAV,0,3,Certhia americana_Brown Creeper,0.8040770888328552,2024-04-11T19:07:00Z,19:07:00
20240401_060700.WAV,6,9,Turdus migratorius_American Robin,0.4692962169647217,2024-04-01T06:07:00Z,06:07:00
20240401_060700.WAV,9,12,Turdus migratorius_American Robin,0.44551464915275574,2024-04-01T06:07:00Z,06:07:00
20240401_060700.WAV,21,24,Turdus migratorius_American Robin,0.4231295585632324,2024-04-01T06:07:00Z,06:07:00
20240401_060700.WAV,27,30,Turdus migratorius_American Robin,0.4861353635787964,2024-04-01T06:07:00Z,06:07:00
20240406_162400.WAV,33,36,Aegolius acadicus_Northern Saw-whet Owl,0.5888553261756897,2024-04-06T16:24:00Z,16:24:00
20240410_141900.WAV,51,54,Certhia americana_Brown Creeper,0.7578511238098145,2024-04-10T14:19:00Z,14:19:00
20240407_071000.WAV,3,6,Regulus satrapa_Golden-crowned Kinglet,0.5473776459693909,2024-04-07T07:10:00Z,07:10:00
20240407_071000.WAV,6,9,Certhia americana_Brown Creeper,0.48229071497917175,2024-04-07T07:10:00Z,07:10:00
20240407_071000.WAV,18,21,Certhia americana_Brown Creeper,0.599362313747406,2024-04-07T07:10:00Z,07:10:00
20240407_071000.WAV,33,36,Certhia americana_Brown Creeper,0.4120912253856659,2024-04-07T07:10:00Z,07:10:00
20240412_150700.WAV,6,9,Certhia americana_Brown Creeper,0.7311732769012451,2024-04-12T15:07:00Z,15:07:00
20240412_150700.WAV,48,51,Certhia americana_Brown Creeper,0.4358791708946228,2024-04-12T15:07:00Z,15:07:00
20240412_150700.WAV,51,54,Aegolius acadicus_Northern Saw-whet Owl,0.6793702244758606,2024-04-12T15:07:00Z,15:07:00
20240408_055100.WAV,33,36,Turdus migratorius_American Robin,0.6096433997154236,2024-04-08T05:51:00Z,05:51:00
20240408_055100.WAV,42,45,Turdus migratorius_American Robin,0.4130152761936188,2024-04-08T05:51:00Z,05:51:00
20240401_160700.WAV,42,45,Aegolius acadicus_Northern Saw-whet Owl,0.46955159306526184,2024-04-01T16:07:00Z,16:07:00
20240413_143300.WAV,0,3,Poecile gambeli_Mountain Chickadee,0.4994897544384002,2024-04-13T14:33:00Z,14:33:00
20240413_143300.WAV,12,15,Poecile atricapillus_Black-capped Chickadee,0.5577981472015381,2024-04-13T14:33:00Z,14:33:00
20240413_143300.WAV,45,48,Poecile atricapillus_Black-capped Chickadee,0.42967161536216736,2024-04-13T14:33:00Z,14:33:00
20240406_062400.WAV,3,6,Corvus brachyrhynchos_American Crow,0.7123677730560303,2024-04-06T06:24:00Z,06:24:00
20240406_062400.WAV,15,18,Certhia americana_Brown Creeper,0.5518954396247864,2024-04-06T06:24:00Z,06:24:00
20240406_062400.WAV,36,39,Certhia americana_Brown Creeper,0.4058774709701538,2024-04-06T06:24:00Z,06:24:00
20240402_194300.WAV,12,15,Turdus migratorius_American Robin,0.6135971546173096,2024-04-02T19:43:00Z,19:43:00
20240408_140900.WAV,21,24,Aegolius acadicus_Northern Saw-whet Owl,0.6217711567878723,2024-04-08T14:09:00Z,14:09:00
20240404_062700.WAV,0,3,Certhia americana_Brown Creeper,0.582770824432373,2024-04-04T06:27:00Z,06:27:00
20240404_062700.WAV,21,24,Regulus satrapa_Golden-crowned Kinglet,0.7098819613456726,2024-04-04T06:27:00Z,06:27:00
20240407_064800.WAV,21,24,Certhia americana_Brown Creeper,0.574481189250946,2024-04-07T06:48:00Z,06:48:00
20240407_064800.WAV,24,27,Dryobates pubescens_Downy Woodpecker,0.4103692770004273,2024-04-07T06:48:00Z,06:48:00
20240404_162700.WAV,24,27,Porzana porzana_Spotted Crake,0.4211781919002533,2024-04-04T16:27:00Z,16:27:00
20240404_162700.WAV,36,39,Porzana porzana_Spotted Crake,0.4358566701412201,2024-04-04T16:27:00Z,16:27:00
20240404_162700.WAV,45,48,Porzana porzana_Spotted Crake,0.4575998485088349,2024-04-04T16:27:00Z,16:27:00
20240405_071300.WAV,15,18,Certhia americana_Brown Creeper,0.8504016995429993,2024-04-05T07:13:00Z,07:13:00
20240405_071300.WAV,30,33,Certhia americana_Brown Creeper,0.9544235467910768,2024-04-05T07:13:00Z,07:13:00
20240405_071300.WAV,36,39,Regulus regulus_Goldcrest,0.642153799533844,2024-04-05T07:13:00Z,07:13:00
20240405_071300.WAV,39,42,Certhia americana_Brown Creeper,0.7753568291664124,2024-04-05T07:13:00Z,07:13:00
20240405_071300.WAV,48,51,Regulus regulus_Goldcrest,0.5384631752967834,2024-04-05T07:13:00Z,07:13:00
20240405_071300.WAV,51,54,Certhia americana_Brown Creeper,0.8532202243804932,2024-04-05T07:13:00Z,07:13:00
20240403_064100.WAV,36,39,Tetrastes bonasia_Hazel Grouse,0.42502716183662415,2024-04-03T06:41:00Z,06:41:00
20240410_150400.WAV,3,6,Certhia americana_Brown Creeper,0.8222242593765259,2024-04-10T15:04:00Z,15:04:00
20240410_150400.WAV,30,33,Certhia americana_Brown Creeper,0.6512798070907593,2024-04-10T15:04:00Z,15:04:00
20240331_152500.WAV,3,6,Corvus brachyrhynchos_American Crow,0.5338383913040161,2024-03-31T15:25:00Z,15:25:00
20240405_145700.WAV,36,39,Turdus migratorius_American Robin,0.584194004535675,2024-04-05T14:57:00Z,14:57:00
20240405_145700.WAV,51,54,Turdus migratorius_American Robin,0.4881037175655365,2024-04-05T14:57:00Z,14:57:00
20240416_071200.WAV,21,24,Regulus regulus_Goldcrest,0.5663344264030457,2024-04-16T07:12:00Z,07:12:00
20240410_064000.WAV,18,21,Dryobates pubescens_Downy Woodpecker,0.40210458636283875,2024-04-10T06:40:00Z,06:40:00
20240410_064000.WAV,21,24,Certhia americana_Brown Creeper,0.5308655500411987,2024-04-10T06:40:00Z,06:40:00
20240405_141200.WAV,24,27,Corvus brachyrhynchos_American Crow,0.41761261224746704,2024-04-05T14:12:00Z,14:12:00
20240407_054900.WAV,39,42,Turdus migratorius_American Robin,0.43008506298065186,2024-04-07T05:49:00Z,05:49:00
20240410_164000.WAV,6,9,Poecile atricapillus_Black-capped Chickadee,0.4834885895252228,2024-04-10T16:40:00Z,16:40:00
20240410_164000.WAV,12,15,Poecile atricapillus_Black-capped Chickadee,0.6208983659744263,2024-04-10T16:40:00Z,16:40:00
20240410_164000.WAV,15,18,Sphyrapicus varius_Yellow-bellied Sapsucker,0.5394302010536194,2024-04-10T16:40:00Z,16:40:00
20240410_164000.WAV,18,21,Sphyrapicus varius_Yellow-bellied Sapsucker,0.8372821807861328,2024-04-10T16:40:00Z,16:40:00
20240410_164000.WAV,21,24,Sphyrapicus varius_Yellow-bellied Sapsucker,0.5000302195549011,2024-04-10T16:40:00Z,16:40:00
20240410_164000.WAV,27,30,Poecile gambeli_Mountain Chickadee,0.5779755711555481,2024-04-10T16:40:00Z,16:40:00
20240402_143100.WAV,48,51,Dryobates pubescens_Downy Woodpecker,0.5122361183166504,2024-04-02T14:31:00Z,14:31:00
20240408_070800.WAV,39,42,Certhia americana_Brown Creeper,0.4406872093677521,2024-04-08T07:08:00Z,07:08:00
20240409_191700.WAV,33,36,Regulus satrapa_Golden-crowned Kinglet,0.7940397262573242,2024-04-09T19:17:00Z,19:17:00
20240409_191700.WAV,39,42,Regulus satrapa_Golden-crowned Kinglet,0.42082542181015015,2024-04-09T19:17:00Z,19:17:00
20240414_192700.WAV,36,39,Tetrastes bonasia_Hazel Grouse,0.5115140080451965,2024-04-14T19:27:00Z,19:27:00
20240409_195200.WAV,51,54,Certhia americana_Brown Creeper,0.8664306402206421,2024-04-09T19:52:00Z,19:52:00
20240331_062400.WAV,30,33,Aix sponsa_Wood Duck,0.928827166557312,2024-03-31T06:24:00Z,06:24:00
20240331_062400.WAV,39,42,Turdus migratorius_American Robin,0.41922086477279663,2024-03-31T06:24:00Z,06:24:00
20240331_062400.WAV,51,54,Turdus migratorius_American Robin,0.6792992353439331,2024-03-31T06:24:00Z,06:24:00
20240413_194100.WAV,3,6,Botaurus lentiginosus_American Bittern,0.565828263759613,2024-04-13T19:41:00Z,19:41:00
20240405_190100.WAV,0,3,Turdus migratorius_American Robin,0.5639744400978088,2024-04-05T19:01:00Z,19:01:00
20240405_190100.WAV,3,6,Turdus migratorius_American Robin,0.6516187787055969,2024-04-05T19:01:00Z,19:01:00
20240405_190100.WAV,9,12,Turdus migratorius_American Robin,0.6483540534973145,2024-04-05T19:01:00Z,19:01:00
20240405_190100.WAV,36,39,Turdus migratorius_American Robin,0.5021975636482239,2024-04-05T19:01:00Z,19:01:00
20240405_190100.WAV,42,45,Turdus migratorius_American Robin,0.43088459968566895,2024-04-05T19:01:00Z,19:01:00
20240402_160900.WAV,6,9,Porzana porzana_Spotted Crake,0.45380592346191406,2024-04-02T16:09:00Z,16:09:00
20240402_160900.WAV,12,15,Porzana porzana_Spotted Crake,0.5793929696083069,2024-04-02T16:09:00Z,16:09:00
20240402_160900.WAV,21,24,Porzana porzana_Spotted Crake,0.44093114137649536,2024-04-02T16:09:00Z,16:09:00
20240401_062300.WAV,3,6,Certhia americana_Brown Creeper,0.5719640851020813,2024-04-01T06:23:00Z,06:23:00
20240401_062300.WAV,36,39,Certhia americana_Brown Creeper,0.9259238243103028,2024-04-01T06:23:00Z,06:23:00
20240401_062300.WAV,42,45,Certhia americana_Brown Creeper,0.5250658988952637,2024-04-01T06:23:00Z,06:23:00
20240401_062300.WAV,45,48,Poecile atricapillus_Black-capped Chickadee,0.5526993274688721,2024-04-01T06:23:00Z,06:23:00
20240401_062300.WAV,48,51,Certhia americana_Brown Creeper,0.9792863726615906,2024-04-01T06:23:00Z,06:23:00
20240409_140400.WAV,0,3,Certhia americana_Brown Creeper,0.40087923407554626,2024-04-09T14:04:00Z,14:04:00
20240409_140400.WAV,0,3,Regulus regulus_Goldcrest,0.5176668763160706,2024-04-09T14:04:00Z,14:04:00
20240409_144100.WAV,6,9,Certhia americana_Brown Creeper,0.607295036315918,2024-04-09T14:41:00Z,14:41:00
20240401_162300.WAV,51,54,Aegolius acadicus_Northern Saw-whet Owl,0.7970813512802124,2024-04-01T16:23:00Z,16:23:00
20240402_060900.WAV,0,3,Turdus migratorius_American Robin,0.45325225591659546,2024-04-02T06:09:00Z,06:09:00
20240402_060900.WAV,3,6,Turdus migratorius_American Robin,0.7080584168434143,2024-04-02T06:09:00Z,06:09:00
20240402_060900.WAV,6,9,Turdus migratorius_American Robin,0.6416841149330139,2024-04-02T06:09:00Z,06:09:00
20240402_060900.WAV,9,12,Turdus migratorius_American Robin,0.8395959734916687,2024-04-02T06:09:00Z,06:09:00
20240402_060900.WAV,18,21,Turdus migratorius_American Robin,0.5507721304893494,2024-04-02T06:09:00Z,06:09:00
20240402_060900.WAV,27,30,Turdus migratorius_American Robin,0.6949620842933655,2024-04-02T06:09:00Z,06:09:00
20240402_060900.WAV,30,33,Turdus migratorius_American Robin,0.5912721753120422,2024-04-02T06:09:00Z,06:09:00
20240402_060900.WAV,33,36,Turdus migratorius_American Robin,0.5844585299491882,2024-04-02T06:09:00Z,06:09:00
20240402_060900.WAV,45,48,Turdus migratorius_American Robin,0.6591182351112366,2024-04-02T06:09:00Z,06:09:00
20240402_060900.WAV,48,51,Turdus migratorius_American Robin,0.5638096332550049,2024-04-02T06:09:00Z,06:09:00
20240415_150000.WAV,9,12,Corvus brachyrhynchos_American Crow,0.5365254878997803,2024-04-15T15:00:00Z,15:00:00
20240411_150900.WAV,33,36,Certhia americana_Brown Creeper,0.7134132981300354,2024-04-11T15:09:00Z,15:09:00
20240411_192300.WAV,18,21,Certhia americana_Brown Creeper,0.8984710574150085,2024-04-11T19:23:00Z,19:23:00
20240411_192300.WAV,30,33,Certhia americana_Brown Creeper,0.9469459652900696,2024-04-11T19:23:00Z,19:23:00
20240411_192300.WAV,36,39,Certhia americana_Brown Creeper,0.9512454271316528,2024-04-11T19:23:00Z,19:23:00
20240411_192300.WAV,45,48,Certhia americana_Brown Creeper,0.9737136960029602,2024-04-11T19:23:00Z,19:23:00
20240411_192300.WAV,51,54,Certhia americana_Brown Creeper,0.9842222332954408,2024-04-11T19:23:00Z,19:23:00
20240415_060100.WAV,24,27,Certhia americana_Brown Creeper,0.4592700600624085,2024-04-15T06:01:00Z,06:01:00
20240415_060100.WAV,33,36,Certhia americana_Brown Creeper,0.6689155101776123,2024-04-15T06:01:00Z,06:01:00
20240406_154400.WAV,21,24,Porzana porzana_Spotted Crake,0.5897833704948425,2024-04-06T15:44:00Z,15:44:00
20240411_060800.WAV,9,12,Certhia americana_Brown Creeper,0.4498303830623626,2024-04-11T06:08:00Z,06:08:00
20240411_060800.WAV,18,21,Certhia americana_Brown Creeper,0.7604613304138184,2024-04-11T06:08:00Z,06:08:00
20240411_060800.WAV,36,39,Certhia americana_Brown Creeper,0.504234790802002,2024-04-11T06:08:00Z,06:08:00
20240330_190200.WAV,3,6,Turdus migratorius_American Robin,0.5000964999198914,2024-03-30T19:02:00Z,19:02:00
20240330_190200.WAV,12,15,Turdus migratorius_American Robin,0.723602831363678,2024-03-30T19:02:00Z,19:02:00
20240330_190200.WAV,15,18,Turdus migratorius_American Robin,0.4596245288848877,2024-03-30T19:02:00Z,19:02:00
20240330_190200.WAV,18,21,Turdus migratorius_American Robin,0.4993802309036255,2024-03-30T19:02:00Z,19:02:00
20240330_190200.WAV,21,24,Turdus migratorius_American Robin,0.5459994077682495,2024-03-30T19:02:00Z,19:02:00
20240330_190200.WAV,39,42,Turdus migratorius_American Robin,0.5061652660369873,2024-03-30T19:02:00Z,19:02:00
20240330_190200.WAV,42,45,Turdus migratorius_American Robin,0.6337958574295044,2024-03-30T19:02:00Z,19:02:00
20240330_190200.WAV,45,48,Turdus migratorius_American Robin,0.4157640337944031,2024-03-30T19:02:00Z,19:02:00
20240330_190200.WAV,48,51,Turdus migratorius_American Robin,0.7135457992553711,2024-03-30T19:02:00Z,19:02:00
20240330_190200.WAV,51,54,Turdus migratorius_American Robin,0.8419945240020752,2024-03-30T19:02:00Z,19:02:00
20240415_160100.WAV,9,12,Certhia americana_Brown Creeper,0.7493587136268616,2024-04-15T16:01:00Z,16:01:00
20240415_160100.WAV,18,21,Certhia americana_Brown Creeper,0.6575954556465149,2024-04-15T16:01:00Z,16:01:00
20240415_160100.WAV,30,33,Certhia americana_Brown Creeper,0.6520098447799683,2024-04-15T16:01:00Z,16:01:00
20240415_160100.WAV,42,45,Regulus regulus_Goldcrest,0.4736950099468231,2024-04-15T16:01:00Z,16:01:00
20240409_070500.WAV,9,12,Certhia americana_Brown Creeper,0.7509863972663879,2024-04-09T07:05:00Z,07:05:00
20240411_160800.WAV,24,27,Turdus migratorius_American Robin,0.8307010531425476,2024-04-11T16:08:00Z,16:08:00
20240411_160800.WAV,45,48,Certhia americana_Brown Creeper,0.471385270357132,2024-04-11T16:08:00Z,16:08:00
20240411_160800.WAV,48,51,Certhia americana_Brown Creeper,0.8984639048576355,2024-04-11T16:08:00Z,16:08:00
20240412_062200.WAV,3,6,Poecile gambeli_Mountain Chickadee,0.6781932711601257,2024-04-12T06:22:00Z,06:22:00
20240412_062200.WAV,6,9,Certhia americana_Brown Creeper,0.450450986623764,2024-04-12T06:22:00Z,06:22:00
20240412_062200.WAV,9,12,Colaptes auratus_Northern Flicker,0.9335799813270568,2024-04-12T06:22:00Z,06:22:00
20240412_062200.WAV,15,18,Certhia americana_Brown Creeper,0.6711192727088928,2024-04-12T06:22:00Z,06:22:00
20240412_062200.WAV,21,24,Poecile gambeli_Mountain Chickadee,0.481216698884964,2024-04-12T06:22:00Z,06:22:00
20240412_062200.WAV,27,30,Certhia americana_Brown Creeper,0.486020565032959,2024-04-12T06:22:00Z,06:22:00
20240412_062200.WAV,30,33,Colaptes auratus_Northern Flicker,0.9368539452552797,2024-04-12T06:22:00Z,06:22:00
20240412_062200.WAV,33,36,Certhia americana_Brown Creeper,0.568991482257843,2024-04-12T06:22:00Z,06:22:00
20240412_062200.WAV,33,36,Colaptes auratus_Northern Flicker,0.46798205375671387,2024-04-12T06:22:00Z,06:22:00
20240412_062200.WAV,36,39,Certhia americana_Brown Creeper,0.733440637588501,2024-04-12T06:22:00Z,06:22:00
20240412_062200.WAV,42,45,Certhia americana_Brown Creeper,0.47318583726882935,2024-04-12T06:22:00Z,06:22:00
20240412_062200.WAV,45,48,Certhia americana_Brown Creeper,0.7333567142486572,2024-04-12T06:22:00Z,06:22:00
20240414_190300.WAV,12,15,Certhia americana_Brown Creeper,0.5701345801353455,2024-04-14T19:03:00Z,19:03:00
20240414_190300.WAV,18,21,Certhia americana_Brown Creeper,0.6672521829605103,2024-04-14T19:03:00Z,19:03:00
20240414_190300.WAV,27,30,Certhia americana_Brown Creeper,0.8589291572570801,2024-04-14T19:03:00Z,19:03:00
20240414_190300.WAV,33,36,Turdus migratorius_American Robin,0.4688161015510559,2024-04-14T19:03:00Z,19:03:00
20240331_064500.WAV,6,9,Turdus migratorius_American Robin,0.5248499512672424,2024-03-31T06:45:00Z,06:45:00
20240331_064500.WAV,15,18,Turdus migratorius_American Robin,0.42470571398735046,2024-03-31T06:45:00Z,06:45:00
20240331_064500.WAV,33,36,Turdus migratorius_American Robin,0.6660318374633789,2024-03-31T06:45:00Z,06:45:00
20240331_064500.WAV,36,39,Turdus migratorius_American Robin,0.7252861857414246,2024-03-31T06:45:00Z,06:45:00
20240331_064500.WAV,45,48,Turdus migratorius_American Robin,0.649426281452179,2024-03-31T06:45:00Z,06:45:00
20240331_064500.WAV,51,54,Turdus migratorius_American Robin,0.6321172714233398,2024-03-31T06:45:00Z,06:45:00
20240415_230200.WAV,0,3,Strix varia_Barred Owl,0.47787025570869446,2024-04-15T23:02:00Z,23:02:00
20240415_230200.WAV,12,15,Strix varia_Barred Owl,0.43185651302337646,2024-04-15T23:02:00Z,23:02:00
20240415_230200.WAV,15,18,Strix varia_Barred Owl,0.6553153991699219,2024-04-15T23:02:00Z,23:02:00
20240415_230200.WAV,18,21,Strix varia_Barred Owl,0.7477140426635742,2024-04-15T23:02:00Z,23:02:00
20240415_230200.WAV,21,24,Strix varia_Barred Owl,0.8605098724365234,2024-04-15T23:02:00Z,23:02:00
20240415_230200.WAV,27,30,Strix varia_Barred Owl,0.4016125500202179,2024-04-15T23:02:00Z,23:02:00
20240414_194600.WAV,48,51,Branta canadensis_Canada Goose,0.9463217854499816,2024-04-14T19:46:00Z,19:46:00
20240409_061800.WAV,36,39,Poecile atricapillus_Black-capped Chickadee,0.4438644349575043,2024-04-09T06:18:00Z,06:18:00
20240414_062800.WAV,12,15,Certhia americana_Brown Creeper,0.6714047193527222,2024-04-14T06:28:00Z,06:28:00
20240414_062800.WAV,12,15,Regulus satrapa_Golden-crowned Kinglet,0.4026068150997162,2024-04-14T06:28:00Z,06:28:00
20240405_143600.WAV,12,15,Turdus migratorius_American Robin,0.5251220464706421,2024-04-05T14:36:00Z,14:36:00
20240410_062100.WAV,0,3,Sayornis phoebe_Eastern Phoebe,0.6272082924842834,2024-04-10T06:21:00Z,06:21:00
20240410_062100.WAV,6,9,Sayornis phoebe_Eastern Phoebe,0.6858184933662415,2024-04-10T06:21:00Z,06:21:00
20240410_062100.WAV,9,12,Sayornis phoebe_Eastern Phoebe,0.6274604797363281,2024-04-10T06:21:00Z,06:21:00
20240410_062100.WAV,12,15,Sayornis phoebe_Eastern Phoebe,0.5293042063713074,2024-04-10T06:21:00Z,06:21:00
20240410_062100.WAV,15,18,Sayornis phoebe_Eastern Phoebe,0.513971745967865,2024-04-10T06:21:00Z,06:21:00
20240410_062100.WAV,24,27,Sayornis phoebe_Eastern Phoebe,0.7607524394989014,2024-04-10T06:21:00Z,06:21:00
20240410_062100.WAV,27,30,Sayornis phoebe_Eastern Phoebe,0.4709199368953705,2024-04-10T06:21:00Z,06:21:00
20240410_062100.WAV,33,36,Sayornis phoebe_Eastern Phoebe,0.4916435480117798,2024-04-10T06:21:00Z,06:21:00
20240410_062100.WAV,39,42,Sayornis phoebe_Eastern Phoebe,0.45663952827453613,2024-04-10T06:21:00Z,06:21:00
20240414_162800.WAV,33,36,Sitta carolinensis_White-breasted Nuthatch,0.5338380336761475,2024-04-14T16:28:00Z,16:28:00
20240414_162800.WAV,39,42,Sitta carolinensis_White-breasted Nuthatch,0.4049496352672577,2024-04-14T16:28:00Z,16:28:00
20240406_145900.WAV,6,9,Poecile atricapillus_Black-capped Chickadee,0.7200304269790649,2024-04-06T14:59:00Z,14:59:00
20240406_145900.WAV,12,15,Poecile gambeli_Mountain Chickadee,0.4895183742046356,2024-04-06T14:59:00Z,14:59:00
20240406_145900.WAV,15,18,Poecile atricapillus_Black-capped Chickadee,0.8019375801086426,2024-04-06T14:59:00Z,14:59:00
20240406_145900.WAV,18,21,Poecile atricapillus_Black-capped Chickadee,0.7949091792106628,2024-04-06T14:59:00Z,14:59:00
20240406_145900.WAV,27,30,Poecile atricapillus_Black-capped Chickadee,0.5478538870811462,2024-04-06T14:59:00Z,14:59:00
20240406_145900.WAV,30,33,Poecile atricapillus_Black-capped Chickadee,0.6953297257423401,2024-04-06T14:59:00Z,14:59:00
20240406_145900.WAV,36,39,Poecile atricapillus_Black-capped Chickadee,0.6558031439781189,2024-04-06T14:59:00Z,14:59:00
20240406_145900.WAV,39,42,Poecile atricapillus_Black-capped Chickadee,0.4483270049095154,2024-04-06T14:59:00Z,14:59:00
20240406_145900.WAV,42,45,Poecile atricapillus_Black-capped Chickadee,0.6297239661216736,2024-04-06T14:59:00Z,14:59:00
20240402_145000.WAV,33,36,Porzana porzana_Spotted Crake,0.45070335268974304,2024-04-02T14:50:00Z,14:50:00
20240410_162100.WAV,6,9,Certhia americana_Brown Creeper,0.6729143857955933,2024-04-10T16:21:00Z,16:21:00
20240410_162100.WAV,42,45,Certhia americana_Brown Creeper,0.8942731618881226,2024-04-10T16:21:00Z,16:21:00
20240404_192800.WAV,33,36,Porzana porzana_Spotted Crake,0.4292469918727875,2024-04-04T19:28:00Z,19:28:00
20240402_071400.WAV,9,12,Turdus migratorius_American Robin,0.7507153749465942,2024-04-02T07:14:00Z,07:14:00
20240404_064600.WAV,18,21,Poecile gambeli_Mountain Chickadee,0.44941896200180054,2024-04-04T06:46:00Z,06:46:00
20240404_064600.WAV,24,27,Poecile atricapillus_Black-capped Chickadee,0.5156636834144592,2024-04-04T06:46:00Z,06:46:00
20240404_064600.WAV,39,42,Poecile atricapillus_Black-capped Chickadee,0.48521384596824646,2024-04-04T06:46:00Z,06:46:00
20240411_141400.WAV,24,27,Certhia americana_Brown Creeper,0.4182029664516449,2024-04-11T14:14:00Z,14:14:00
20240411_141400.WAV,24,27,Regulus regulus_Goldcrest,0.4614092409610748,2024-04-11T14:14:00Z,14:14:00
20240403_062000.WAV,9,12,Turdus migratorius_American Robin,0.4906417429447174,2024-04-03T06:20:00Z,06:20:00
20240403_062000.WAV,21,24,Turdus migratorius_American Robin,0.4221762418746948,2024-04-03T06:20:00Z,06:20:00
20240404_160300.WAV,42,45,Porzana porzana_Spotted Crake,0.4458307921886444,2024-04-04T16:03:00Z,16:03:00
20240410_152000.WAV,3,6,Certhia americana_Brown Creeper,0.5113928914070129,2024-04-10T15:20:00Z,15:20:00
20240410_152000.WAV,9,12,Regulus satrapa_Golden-crowned Kinglet,0.8019887804985046,2024-04-10T15:20:00Z,15:20:00
20240410_152000.WAV,12,15,Regulus satrapa_Golden-crowned Kinglet,0.4638408422470093,2024-04-10T15:20:00Z,15:20:00
20240410_152000.WAV,39,42,Certhia americana_Brown Creeper,0.545396625995636,2024-04-10T15:20:00Z,15:20:00
20240410_152000.WAV,48,51,Certhia americana_Brown Creeper,0.5936229228973389,2024-04-10T15:20:00Z,15:20:00
20240410_152000.WAV,51,54,Certhia americana_Brown Creeper,0.6385199427604675,2024-04-10T15:20:00Z,15:20:00
20240410_152000.WAV,54,55,Certhia americana_Brown Creeper,0.45842117071151733,2024-04-10T15:20:00Z,15:20:00
20240413_153700.WAV,18,21,Corvus brachyrhynchos_American Crow,0.45422133803367615,2024-04-13T15:37:00Z,15:37:00
20240411_142900.WAV,21,24,Regulus regulus_Goldcrest,0.7681450843811035,2024-04-11T14:29:00Z,14:29:00
20240411_142900.WAV,39,42,Poecile gambeli_Mountain Chickadee,0.6779481768608093,2024-04-11T14:29:00Z,14:29:00
20240408_141000.WAV,24,27,Certhia americana_Brown Creeper,0.43759533762931824,2024-04-08T14:10:00Z,14:10:00
20240408_141000.WAV,51,54,Certhia americana_Brown Creeper,0.6239688396453857,2024-04-08T14:10:00Z,14:10:00
20240407_061400.WAV,3,6,Certhia americana_Brown Creeper,0.9164568185806274,2024-04-07T06:14:00Z,06:14:00
20240407_061400.WAV,21,24,Certhia americana_Brown Creeper,0.901647448539734,2024-04-07T06:14:00Z,06:14:00
20240407_061400.WAV,24,27,Certhia americana_Brown Creeper,0.6916712522506714,2024-04-07T06:14:00Z,06:14:00
20240407_061400.WAV,45,48,Certhia americana_Brown Creeper,0.7984042763710022,2024-04-07T06:14:00Z,06:14:00
20240414_155100.WAV,48,51,Botaurus lentiginosus_American Bittern,0.5061008930206299,2024-04-14T15:51:00Z,15:51:00
20240403_065800.WAV,12,15,Regulus regulus_Goldcrest,0.48312002420425415,2024-04-03T06:58:00Z,06:58:00
20240407_065100.WAV,6,9,Certhia americana_Brown Creeper,0.5398072004318237,2024-04-07T06:51:00Z,06:51:00
20240407_065100.WAV,15,18,Certhia americana_Brown Creeper,0.579707145690918,2024-04-07T06:51:00Z,06:51:00
20240407_065100.WAV,39,42,Certhia americana_Brown Creeper,0.97140234708786,2024-04-07T06:51:00Z,06:51:00
20240407_065100.WAV,51,54,Tetrastes bonasia_Hazel Grouse,0.4759872555732727,2024-04-07T06:51:00Z,06:51:00
20240412_144600.WAV,3,6,Certhia americana_Brown Creeper,0.9878276586532592,2024-04-12T14:46:00Z,14:46:00
20240412_144600.WAV,21,24,Certhia americana_Brown Creeper,0.9666755199432372,2024-04-12T14:46:00Z,14:46:00
20240412_144600.WAV,36,39,Certhia americana_Brown Creeper,0.9696014523506165,2024-04-12T14:46:00Z,14:46:00
20240412_144600.WAV,51,54,Certhia americana_Brown Creeper,0.977206826210022,2024-04-12T14:46:00Z,14:46:00
20240410_193700.WAV,3,6,Certhia americana_Brown Creeper,0.7746453285217285,2024-04-10T19:37:00Z,19:37:00
20240410_193700.WAV,12,15,Turdus migratorius_American Robin,0.5732251405715942,2024-04-10T19:37:00Z,19:37:00
20240410_193700.WAV,27,30,Certhia americana_Brown Creeper,0.8697984218597412,2024-04-10T19:37:00Z,19:37:00
20240410_193700.WAV,33,36,Certhia americana_Brown Creeper,0.8465871810913086,2024-04-10T19:37:00Z,19:37:00
20240410_193700.WAV,39,42,Certhia americana_Brown Creeper,0.6768669486045837,2024-04-10T19:37:00Z,19:37:00
20240410_193700.WAV,48,51,Certhia americana_Brown Creeper,0.9018611311912536,2024-04-10T19:37:00Z,19:37:00
20240412_070200.WAV,18,21,Sphyrapicus varius_Yellow-bellied Sapsucker,0.8281868100166321,2024-04-12T07:02:00Z,07:02:00
20240412_070200.WAV,21,24,Certhia americana_Brown Creeper,0.4554554224014282,2024-04-12T07:02:00Z,07:02:00
20240412_070200.WAV,30,33,Sphyrapicus varius_Yellow-bellied Sapsucker,0.805375874042511,2024-04-12T07:02:00Z,07:02:00
20240412_070200.WAV,39,42,Sphyrapicus varius_Yellow-bellied Sapsucker,0.5832685828208923,2024-04-12T07:02:00Z,07:02:00
20240412_070200.WAV,42,45,Sphyrapicus varius_Yellow-bellied Sapsucker,0.6228803992271423,2024-04-12T07:02:00Z,07:02:00
20240412_070200.WAV,45,48,Certhia americana_Brown Creeper,0.5042151808738708,2024-04-12T07:02:00Z,07:02:00
20240414_061500.WAV,0,3,Certhia americana_Brown Creeper,0.8438072204589844,2024-04-14T06:15:00Z,06:15:00
20240414_061500.WAV,12,15,Certhia americana_Brown Creeper,0.932951807975769,2024-04-14T06:15:00Z,06:15:00
20240414_061500.WAV,15,18,Certhia americana_Brown Creeper,0.970898449420929,2024-04-14T06:15:00Z,06:15:00
20240414_061500.WAV,27,30,Certhia americana_Brown Creeper,0.993402898311615,2024-04-14T06:15:00Z,06:15:00
20240414_061500.WAV,30,33,Certhia americana_Brown Creeper,0.9822898507118224,2024-04-14T06:15:00Z,06:15:00
20240414_061500.WAV,39,42,Certhia americana_Brown Creeper,0.9918239712715148,2024-04-14T06:15:00Z,06:15:00
20240414_061500.WAV,45,48,Certhia americana_Brown Creeper,0.9555177688598632,2024-04-14T06:15:00Z,06:15:00
20240414_061500.WAV,48,51,Certhia americana_Brown Creeper,0.9834216237068176,2024-04-14T06:15:00Z,06:15:00
20240331_195300.WAV,39,42,Branta canadensis_Canada Goose,0.8090097904205322,2024-03-31T19:53:00Z,19:53:00
20240331_195300.WAV,42,45,Branta canadensis_Canada Goose,0.5814675688743591,2024-03-31T19:53:00Z,19:53:00
20240331_195300.WAV,45,48,Branta canadensis_Canada Goose,0.7924538850784302,2024-03-31T19:53:00Z,19:53:00
20240410_065900.WAV,3,6,Regulus satrapa_Golden-crowned Kinglet,0.7964708209037781,2024-04-10T06:59:00Z,06:59:00
20240410_065900.WAV,51,54,Regulus satrapa_Golden-crowned Kinglet,0.6092119812965393,2024-04-10T06:59:00Z,06:59:00
20240401_140200.WAV,9,12,Poecile gambeli_Mountain Chickadee,0.5648776292800903,2024-04-01T14:02:00Z,14:02:00
20240409_162500.WAV,6,9,Certhia americana_Brown Creeper,0.44175711274147034,2024-04-09T16:25:00Z,16:25:00
20240409_162500.WAV,9,12,Certhia americana_Brown Creeper,0.7664008736610413,2024-04-09T16:25:00Z,16:25:00
20240409_162500.WAV,33,36,Sayornis phoebe_Eastern Phoebe,0.759986162185669,2024-04-09T16:25:00Z,16:25:00
20240409_162500.WAV,51,54,Sayornis phoebe_Eastern Phoebe,0.83150482177734375,2024-04-09T16:25:00Z,16:25:00
20240414_161500.WAV,21,24,Certhia americana_Brown Creeper,0.7619872689247131,2024-04-14T16:15:00Z,16:15:00
20240407_055000.WAV,3,6,Turdus migratorius_American Robin,0.7180203795433044,2024-04-07T05:50:00Z,05:50:00
20240407_055000.WAV,36,39,Turdus migratorius_American Robin,0.49041783809661865,2024-04-07T05:50:00Z,05:50:00
20240411_063500.WAV,6,9,Certhia americana_Brown Creeper,0.6839724183082581,2024-04-11T06:35:00Z,06:35:00
20240411_063500.WAV,18,21,Colaptes auratus_Northern Flicker,0.4974470734596253,2024-04-11T06:35:00Z,06:35:00
20240408_064900.WAV,3,6,Certhia americana_Brown Creeper,0.4948398470878601,2024-04-08T06:49:00Z,06:49:00
20240408_064900.WAV,36,39,Regulus regulus_Goldcrest,0.7047621607780457,2024-04-08T06:49:00Z,06:49:00
20240411_163500.WAV,48,51,Poecile atricapillus_Black-capped Chickadee,0.4777234494686126,2024-04-11T16:35:00Z,16:35:00
20240411_163500.WAV,51,54,Poecile atricapillus_Black-capped Chickadee,0.440392553806305,2024-04-11T16:35:00Z,16:35:00
20240410_070100.WAV,48,51,Certhia americana_Brown Creeper,0.44506752490997314,2024-04-10T07:01:00Z,07:01:00
20240406_191600.WAV,12,15,Certhia americana_Brown Creeper,0.8704509735107422,2024-04-06T19:16:00Z,19:16:00
20240406_191600.WAV,12,15,Regulus regulus_Goldcrest,0.5616714358329773,2024-04-06T19:16:00Z,19:16:00
20240406_191600.WAV,30,33,Turdus migratorius_American Robin,0.40701767802238464,2024-04-06T19:16:00Z,19:16:00
20240405_061700.WAV,6,9,Turdus migratorius_American Robin,0.6271544694900513,2024-04-05T06:17:00Z,06:17:00
20240405_061700.WAV,12,15,Turdus migratorius_American Robin,0.7144078016281128,2024-04-05T06:17:00Z,06:17:00
20240405_061700.WAV,15,18,Turdus migratorius_American Robin,0.5609634518623352,2024-04-05T06:17:00Z,06:17:00
20240405_061700.WAV,18,21,Turdus migratorius_American Robin,0.6970036625862122,2024-04-05T06:17:00Z,06:17:00
20240405_061700.WAV,21,24,Turdus migratorius_American Robin,0.7648841142654419,2024-04-05T06:17:00Z,06:17:00
20240405_061700.WAV,24,27,Turdus migratorius_American Robin,0.7565049529075623,2024-04-05T06:17:00Z,06:17:00
20240405_061700.WAV,33,36,Turdus migratorius_American Robin,0.5174162983894348,2024-04-05T06:17:00Z,06:17:00
20240405_061700.WAV,39,42,Turdus migratorius_American Robin,0.8801273107528687,2024-04-05T06:17:00Z,06:17:00
20240405_061700.WAV,51,54,Turdus migratorius_American Robin,0.5021031498908997,2024-04-05T06:17:00Z,06:17:00
20240408_054800.WAV,33,36,Turdus migratorius_American Robin,0.518441915512085,2024-04-08T05:48:00Z,05:48:00
20240407_070900.WAV,45,48,Certhia americana_Brown Creeper,0.44732028245925903,2024-04-07T07:09:00Z,07:09:00
20240410_140000.WAV,0,3,Certhia americana_Brown Creeper,0.9804639220237732,2024-04-10T14:00:00Z,14:00:00
20240410_140000.WAV,6,9,Certhia americana_Brown Creeper,0.7567064166069031,2024-04-10T14:00:00Z,14:00:00
20240410_140000.WAV,9,12,Certhia americana_Brown Creeper,0.9864019751548768,2024-04-10T14:00:00Z,14:00:00
20240410_140000.WAV,12,15,Certhia americana_Brown Creeper,0.7920359969139099,2024-04-10T14:00:00Z,14:00:00
20240410_140000.WAV,15,18,Certhia americana_Brown Creeper,0.8343577980995178,2024-04-10T14:00:00Z,14:00:00
20240410_140000.WAV,18,21,Certhia americana_Brown Creeper,0.9936072826385498,2024-04-10T14:00:00Z,14:00:00
20240410_140000.WAV,24,27,Certhia americana_Brown Creeper,0.9807177782058716,2024-04-10T14:00:00Z,14:00:00
20240410_140000.WAV,33,36,Certhia americana_Brown Creeper,0.9932344555854796,2024-04-10T14:00:00Z,14:00:00
20240410_140000.WAV,36,39,Certhia americana_Brown Creeper,0.6212100386619568,2024-04-10T14:00:00Z,14:00:00
20240410_140000.WAV,42,45,Certhia americana_Brown Creeper,0.988402783870697,2024-04-10T14:00:00Z,14:00:00
20240410_140000.WAV,48,51,Certhia americana_Brown Creeper,0.9850096106529236,2024-04-10T14:00:00Z,14:00:00
20240405_065200.WAV,3,6,Turdus migratorius_American Robin,0.7161625027656555,2024-04-05T06:52:00Z,06:52:00
20240405_065200.WAV,6,9,Turdus migratorius_American Robin,0.6661308407783508,2024-04-05T06:52:00Z,06:52:00
20240405_065200.WAV,9,12,Turdus migratorius_American Robin,0.6312996745109558,2024-04-05T06:52:00Z,06:52:00
20240405_065200.WAV,12,15,Turdus migratorius_American Robin,0.7200084924697876,2024-04-05T06:52:00Z,06:52:00
20240405_065200.WAV,18,21,Turdus migratorius_American Robin,0.8259459733963013,2024-04-05T06:52:00Z,06:52:00
20240405_065200.WAV,24,27,Turdus migratorius_American Robin,0.4644022285938263,2024-04-05T06:52:00Z,06:52:00
20240405_065200.WAV,27,30,Turdus migratorius_American Robin,0.5006707310676575,2024-04-05T06:52:00Z,06:52:00
20240405_065200.WAV,33,36,Turdus migratorius_American Robin,0.6698766350746155,2024-04-05T06:52:00Z,06:52:00
20240405_065200.WAV,36,39,Turdus migratorius_American Robin,0.5489078760147095,2024-04-05T06:52:00Z,06:52:00
20240405_065200.WAV,39,42,Turdus migratorius_American Robin,0.6494510769844055,2024-04-05T06:52:00Z,06:52:00
20240405_065200.WAV,45,48,Turdus migratorius_American Robin,0.5246935486793518,2024-04-05T06:52:00Z,06:52:00
20240405_065200.WAV,51,54,Turdus migratorius_American Robin,0.5592926144599915,2024-04-05T06:52:00Z,06:52:00
20240409_143900.WAV,18,21,Certhia americana_Brown Creeper,0.8355932831764221,2024-04-09T14:39:00Z,14:39:00
20240409_143900.WAV,30,33,Certhia americana_Brown Creeper,0.9564175009727478,2024-04-09T14:39:00Z,14:39:00
20240409_143900.WAV,42,45,Certhia americana_Brown Creeper,0.986242651939392,2024-04-09T14:39:00Z,14:39:00
20240410_144500.WAV,6,9,Turdus migratorius_American Robin,0.4279795587062836,2024-04-10T14:45:00Z,14:45:00
20240410_144500.WAV,12,15,Turdus migratorius_American Robin,0.40742844343185425,2024-04-10T14:45:00Z,14:45:00
20240403_070000.WAV,27,30,Poecile atricapillus_Black-capped Chickadee,0.447569876909256,2024-04-03T07:00:00Z,07:00:00
20240411_153400.WAV,3,6,Certhia americana_Brown Creeper,0.40100905299186707,2024-04-11T15:34:00Z,15:34:00
20240411_153400.WAV,39,42,Regulus regulus_Goldcrest,0.488193541765213,2024-04-11T15:34:00Z,15:34:00
20240411_153400.WAV,45,48,Certhia americana_Brown Creeper,0.4054774343967438,2024-04-11T15:34:00Z,15:34:00
20240408_154800.WAV,15,18,Anas platyrhynchos_Mallard,0.4812697172164917,2024-04-08T15:48:00Z,15:48:00
20240402_063400.WAV,6,9,Regulus satrapa_Golden-crowned Kinglet,0.5320482850074768,2024-04-02T06:34:00Z,06:34:00
20240402_070800.WAV,21,24,Turdus migratorius_American Robin,0.4581493437290192,2024-04-02T07:08:00Z,07:08:00
20240402_070800.WAV,27,30,Turdus migratorius_American Robin,0.572711706161499,2024-04-02T07:08:00Z,07:08:00
20240402_070800.WAV,39,42,Turdus migratorius_American Robin,0.4732249081134796,2024-04-02T07:08:00Z,07:08:00
20240402_070800.WAV,48,51,Turdus migratorius_American Robin,0.471050888299942,2024-04-02T07:08:00Z,07:08:00
20240415_140100.WAV,3,6,Certhia americana_Brown Creeper,0.9752776622772216,2024-04-15T14:01:00Z,14:01:00
20240415_140100.WAV,12,15,Certhia americana_Brown Creeper,0.9693835377693176,2024-04-15T14:01:00Z,14:01:00
20240415_140100.WAV,18,21,Regulus satrapa_Golden-crowned Kinglet,0.426813930273056,2024-04-15T14:01:00Z,14:01:00
20240415_140100.WAV,24,27,Certhia americana_Brown Creeper,0.9720065593719482,2024-04-15T14:01:00Z,14:01:00
20240415_140100.WAV,27,30,Certhia americana_Brown Creeper,0.5063746571540833,2024-04-15T14:01:00Z,14:01:00
20240415_140100.WAV,30,33,Certhia americana_Brown Creeper,0.9210851788520812,2024-04-15T14:01:00Z,14:01:00
20240415_140100.WAV,33,36,Certhia americana_Brown Creeper,0.9601512551307678,2024-04-15T14:01:00Z,14:01:00
20240415_140100.WAV,42,45,Certhia americana_Brown Creeper,0.9206094741821288,2024-04-15T14:01:00Z,14:01:00
20240415_140100.WAV,48,51,Certhia americana_Brown Creeper,0.9768632650375366,2024-04-15T14:01:00Z,14:01:00
20240415_140100.WAV,51,54,Certhia americana_Brown Creeper,0.9342859387397766,2024-04-15T14:01:00Z,14:01:00
20240411_140800.WAV,6,9,Poecile gambeli_Mountain Chickadee,0.4676012694835663,2024-04-11T14:08:00Z,14:08:00
20240411_140800.WAV,21,24,Certhia americana_Brown Creeper,0.551478385925293,2024-04-11T14:08:00Z,14:08:00
20240406_070100.WAV,0,3,Turdus migratorius_American Robin,0.457349568605423,2024-04-06T07:01:00Z,07:01:00
20240406_070100.WAV,9,12,Turdus migratorius_American Robin,0.8519713878631592,2024-04-06T07:01:00Z,07:01:00
20240406_070100.WAV,27,30,Turdus migratorius_American Robin,0.4329185783863067,2024-04-06T07:01:00Z,07:01:00
20240409_154000.WAV,3,6,Poecile gambeli_Mountain Chickadee,0.635827362537384,2024-04-09T15:40:00Z,15:40:00
20240409_154000.WAV,6,9,Poecile atricapillus_Black-capped Chickadee,0.6063548922538757,2024-04-09T15:40:00Z,15:40:00
20240409_154000.WAV,12,15,Poecile atricapillus_Black-capped Chickadee,0.466425895690918,2024-04-09T15:40:00Z,15:40:00
20240409_154000.WAV,15,18,Poecile atricapillus_Black-capped Chickadee,0.5501629114151001,2024-04-09T15:40:00Z,15:40:00
20240409_154000.WAV,18,21,Poecile atricapillus_Black-capped Chickadee,0.5476159453392029,2024-04-09T15:40:00Z,15:40:00
20240409_154000.WAV,24,27,Poecile atricapillus_Black-capped Chickadee,0.5534069538116455,2024-04-09T15:40:00Z,15:40:00
20240409_154000.WAV,45,48,Poecile atricapillus_Black-capped Chickadee,0.6519008874893188,2024-04-09T15:40:00Z,15:40:00
20240409_064100.WAV,0,3,Certhia americana_Brown Creeper,0.7179937958717346,2024-04-09T06:41:00Z,06:41:00
20240409_064100.WAV,12,15,Certhia americana_Brown Creeper,0.5734717845916748,2024-04-09T06:41:00Z,06:41:00
20240409_064100.WAV,33,36,Certhia americana_Brown Creeper,0.8143121600151062,2024-04-09T06:41:00Z,06:41:00
20240409_064100.WAV,42,45,Certhia americana_Brown Creeper,0.6468988060951233,2024-04-09T06:41:00Z,06:41:00
20240409_064100.WAV,45,48,Certhia americana_Brown Creeper,0.8352559804916382,2024-04-09T06:41:00Z,06:41:00
20240409_064100.WAV,54,55,Certhia americana_Brown Creeper,0.5803424119949341,2024-04-09T06:41:00Z,06:41:00
20240415_070000.WAV,51,54,Poecile atricapillus_Black-capped Chickadee,0.4071263074874878,2024-04-15T07:00:00Z,07:00:00
20240411_070900.WAV,21,24,Turdus migratorius_American Robin,0.8487686514854431,2024-04-11T07:09:00Z,07:09:00
20240411_065100.WAV,33,36,Certhia americana_Brown Creeper,0.9178889989852904,2024-04-11T06:51:00Z,06:51:00
20240411_065100.WAV,36,39,Certhia americana_Brown Creeper,0.8322020173072815,2024-04-11T06:51:00Z,06:51:00
20240411_065100.WAV,42,45,Certhia americana_Brown Creeper,0.95795077085495,2024-04-11T06:51:00Z,06:51:00
20240411_065100.WAV,51,54,Certhia americana_Brown Creeper,0.8100278377532959,2024-04-11T06:51:00Z,06:51:00
20240410_195100.WAV,0,3,Certhia americana_Brown Creeper,0.7757891416549683,2024-04-10T19:51:00Z,19:51:00
20240410_195100.WAV,9,12,Certhia americana_Brown Creeper,0.7392090559005737,2024-04-10T19:51:00Z,19:51:00
20240410_195100.WAV,21,24,Certhia americana_Brown Creeper,0.6372818946838379,2024-04-10T19:51:00Z,19:51:00
20240410_195100.WAV,33,36,Certhia americana_Brown Creeper,0.569985568523407,2024-04-10T19:51:00Z,19:51:00
20240410_195100.WAV,42,45,Certhia americana_Brown Creeper,0.8510265946388245,2024-04-10T19:51:00Z,19:51:00
20240414_063600.WAV,15,18,Sphyrapicus varius_Yellow-bellied Sapsucker,0.6723203063011169,2024-04-14T06:36:00Z,06:36:00
20240414_063600.WAV,33,36,Sphyrapicus varius_Yellow-bellied Sapsucker,0.5698994994163513,2024-04-14T06:36:00Z,06:36:00
20240414_063600.WAV,48,51,Sphyrapicus varius_Yellow-bellied Sapsucker,0.6282131671905518,2024-04-14T06:36:00Z,06:36:00
20240409_060600.WAV,9,12,Poecile atricapillus_Black-capped Chickadee,0.4942225217819214,2024-04-09T06:06:00Z,06:06:00
20240409_060600.WAV,12,15,Poecile atricapillus_Black-capped Chickadee,0.4935331046581268,2024-04-09T06:06:00Z,06:06:00
20240409_060600.WAV,21,24,Poecile atricapillus_Black-capped Chickadee,0.5711566805839539,2024-04-09T06:06:00Z,06:06:00
20240409_060600.WAV,27,30,Poecile atricapillus_Black-capped Chickadee,0.4473139941692352,2024-04-09T06:06:00Z,06:06:00
20240409_060600.WAV,36,39,Poecile atricapillus_Black-capped Chickadee,0.7923665642738342,2024-04-09T06:06:00Z,06:06:00
20240331_193500.WAV,30,33,Turdus migratorius_American Robin,0.4763560891151428,2024-03-31T19:35:00Z,19:35:00
20240409_064300.WAV,15,18,Certhia americana_Brown Creeper,0.5541212558746338,2024-04-09T06:43:00Z,06:43:00
20240409_064300.WAV,27,30,Certhia americana_Brown Creeper,0.824925422668457,2024-04-09T06:43:00Z,06:43:00
20240409_064300.WAV,33,36,Poecile atricapillus_Black-capped Chickadee,0.4701093137264252,2024-04-09T06:43:00Z,06:43:00
20240409_064300.WAV,36,39,Certhia americana_Brown Creeper,0.8253204226493835,2024-04-09T06:43:00Z,06:43:00
20240404_155900.WAV,0,3,Botaurus lentiginosus_American Bittern,0.5287345051765442,2024-04-04T15:59:00Z,15:59:00
20240406_144700.WAV,6,9,Poecile atricapillus_Black-capped Chickadee,0.49874088168144226,2024-04-06T14:47:00Z,14:47:00
20240406_144700.WAV,9,12,Poecile atricapillus_Black-capped Chickadee,0.4825604557991028,2024-04-06T14:47:00Z,14:47:00
20240406_144700.WAV,24,27,Poecile atricapillus_Black-capped Chickadee,0.4283677339553833,2024-04-06T14:47:00Z,14:47:00
20240406_144700.WAV,27,30,Poecile atricapillus_Black-capped Chickadee,0.4004473388195038,2024-04-06T14:47:00Z,14:47:00
20240406_144700.WAV,42,45,Poecile atricapillus_Black-capped Chickadee,0.707139790058136,2024-04-06T14:47:00Z,14:47:00
20240406_144700.WAV,45,48,Poecile atricapillus_Black-capped Chickadee,0.4282340407371521,2024-04-06T14:47:00Z,14:47:00
20240406_144700.WAV,48,51,Poecile atricapillus_Black-capped Chickadee,0.5201349258422852,2024-04-06T14:47:00Z,14:47:00
20240406_144700.WAV,48,51,Poecile gambeli_Mountain Chickadee,0.5581201314926147,2024-04-06T14:47:00Z,14:47:00
20240409_164300.WAV,0,3,Certhia americana_Brown Creeper,0.9086193442344666,2024-04-09T16:43:00Z,16:43:00
20240409_164300.WAV,15,18,Certhia americana_Brown Creeper,0.9094206690788268,2024-04-09T16:43:00Z,16:43:00
20240409_164300.WAV,33,36,Certhia americana_Brown Creeper,0.9549887776374816,2024-04-09T16:43:00Z,16:43:00
20240409_164300.WAV,45,48,Certhia americana_Brown Creeper,0.5444130301475525,2024-04-09T16:43:00Z,16:43:00
20240415_140300.WAV,0,3,Certhia americana_Brown Creeper,0.5663154721260071,2024-04-15T14:03:00Z,14:03:00
20240406_070300.WAV,39,42,Dryobates pubescens_Downy Woodpecker,0.43317773938179016,2024-04-06T07:03:00Z,07:03:00
20240407_163700.WAV,18,21,Regulus regulus_Goldcrest,0.46065637469291687,2024-04-07T16:37:00Z,16:37:00
20240407_163700.WAV,30,33,Certhia americana_Brown Creeper,0.8145246505737305,2024-04-07T16:37:00Z,16:37:00
20240407_063700.WAV,9,12,Certhia americana_Brown Creeper,0.6017289161682129,2024-04-07T06:37:00Z,06:37:00
20240407_063700.WAV,27,30,Certhia americana_Brown Creeper,0.984791100025177,2024-04-07T06:37:00Z,06:37:00
20240407_063700.WAV,39,42,Certhia americana_Brown Creeper,0.9848565459251404,2024-04-07T06:37:00Z,06:37:00
20240407_063700.WAV,48,51,Certhia americana_Brown Creeper,0.5690953135490417,2024-04-07T06:37:00Z,06:37:00
20240407_063700.WAV,51,54,Certhia americana_Brown Creeper,0.9704627394676208,2024-04-07T06:37:00Z,06:37:00
20240409_154200.WAV,3,6,Poecile gambeli_Mountain Chickadee,0.4286505579948426,2024-04-09T15:42:00Z,15:42:00
20240409_154200.WAV,15,18,Catharus guttatus_Hermit Thrush,0.461206316947937,2024-04-09T15:42:00Z,15:42:00
20240331_140200.WAV,0,3,Poecile gambeli_Mountain Chickadee,0.6345235109329224,2024-03-31T14:02:00Z,14:02:00
20240331_140200.WAV,6,9,Poecile atricapillus_Black-capped Chickadee,0.5358198285102844,2024-03-31T14:02:00Z,14:02:00
20240331_140200.WAV,12,15,Poecile gambeli_Mountain Chickadee,0.5812464356422424,2024-03-31T14:02:00Z,14:02:00
20240331_140200.WAV,30,33,Poecile gambeli_Mountain Chickadee,0.6382832527160645,2024-03-31T14:02:00Z,14:02:00
20240411_155200.WAV,42,45,Regulus regulus_Goldcrest,0.4798636734485626,2024-04-11T15:52:00Z,15:52:00
20240402_061700.WAV,15,18,Turdus migratorius_American Robin,0.5797817707061768,2024-04-02T06:17:00Z,06:17:00
20240402_061700.WAV,21,24,Turdus migratorius_American Robin,0.8248813152313232,2024-04-02T06:17:00Z,06:17:00
20240402_061700.WAV,51,54,Certhia americana_Brown Creeper,0.41802942752838135,2024-04-02T06:17:00Z,06:17:00
20240402_065200.WAV,48,51,Turdus migratorius_American Robin,0.6400606632232666,2024-04-02T06:52:00Z,06:52:00
20240405_163400.WAV,30,33,Porzana porzana_Spotted Crake,0.4405248463153839,2024-04-05T16:34:00Z,16:34:00
20240405_163400.WAV,45,48,Aegolius acadicus_Northern Saw-whet Owl,0.5758152604103088,2024-04-05T16:34:00Z,16:34:00
20240415_193400.WAV,9,12,Certhia americana_Brown Creeper,0.7357891201972961,2024-04-15T19:34:00Z,19:34:00
20240415_193400.WAV,15,18,Certhia americana_Brown Creeper,0.8855628371238708,2024-04-15T19:34:00Z,19:34:00
20240415_193400.WAV,21,24,Certhia americana_Brown Creeper,0.7584109902381897,2024-04-15T19:34:00Z,19:34:00
20240415_193400.WAV,30,33,Certhia americana_Brown Creeper,0.8257990479469299,2024-04-15T19:34:00Z,19:34:00
20240415_193400.WAV,36,39,Certhia americana_Brown Creeper,0.6217042803764343,2024-04-15T19:34:00Z,19:34:00
20240415_193400.WAV,42,45,Certhia americana_Brown Creeper,0.8125237226486206,2024-04-15T19:34:00Z,19:34:00
20240415_193400.WAV,48,51,Certhia americana_Brown Creeper,0.8047357201576233,2024-04-15T19:34:00Z,19:34:00
20240331_070300.WAV,15,18,Dryobates pubescens_Downy Woodpecker,0.4738611876964569,2024-03-31T07:03:00Z,07:03:00
20240331_070300.WAV,27,30,Dryobates pubescens_Downy Woodpecker,0.6462821364402771,2024-03-31T07:03:00Z,07:03:00
20240331_070300.WAV,51,54,Poecile atricapillus_Black-capped Chickadee,0.4793835878372192,2024-03-31T07:03:00Z,07:03:00
20240411_065300.WAV,6,9,Certhia americana_Brown Creeper,0.763788640499115,2024-04-11T06:53:00Z,06:53:00
20240411_065300.WAV,9,12,Certhia americana_Brown Creeper,0.920143723487854,2024-04-11T06:53:00Z,06:53:00
20240411_065300.WAV,18,21,Certhia americana_Brown Creeper,0.7401701807975769,2024-04-11T06:53:00Z,06:53:00
20240411_065300.WAV,21,24,Dryobates pubescens_Downy Woodpecker,0.7128331661224365,2024-04-11T06:53:00Z,06:53:00
20240411_065300.WAV,30,33,Certhia americana_Brown Creeper,0.5132662057876587,2024-04-11T06:53:00Z,06:53:00
20240411_065300.WAV,30,33,Dryobates pubescens_Downy Woodpecker,0.48075515031814575,2024-04-11T06:53:00Z,06:53:00
20240411_065300.WAV,36,39,Dryobates pubescens_Downy Woodpecker,0.6804379224777222,2024-04-11T06:53:00Z,06:53:00
20240411_065300.WAV,39,42,Certhia americana_Brown Creeper,0.8865492343902588,2024-04-11T06:53:00Z,06:53:00
20240411_065300.WAV,42,45,Dryobates pubescens_Downy Woodpecker,0.7657697796821594,2024-04-11T06:53:00Z,06:53:00
20240411_065300.WAV,48,51,Dryobates pubescens_Downy Woodpecker,0.8179860711097717,2024-04-11T06:53:00Z,06:53:00
20240404_144400.WAV,9,12,Porzana porzana_Spotted Crake,0.4056659936904907,2024-04-04T14:44:00Z,14:44:00
20240411_061600.WAV,21,24,Certhia americana_Brown Creeper,0.5672508478164673,2024-04-11T06:16:00Z,06:16:00
20240411_061600.WAV,33,36,Certhia americana_Brown Creeper,0.7045841217041016,2024-04-11T06:16:00Z,06:16:00
20240411_061600.WAV,45,48,Certhia americana_Brown Creeper,0.5742488503456116,2024-04-11T06:16:00Z,06:16:00
20240411_061600.WAV,48,51,Certhia americana_Brown Creeper,0.42206162214279175,2024-04-11T06:16:00Z,06:16:00
20240404_140100.WAV,15,18,Porzana porzana_Spotted Crake,0.4035857915878296,2024-04-04T14:01:00Z,14:01:00
20240402_055300.WAV,27,30,Turdus migratorius_American Robin,0.4574882388114929,2024-04-02T05:53:00Z,05:53:00
20240402_055300.WAV,33,36,Turdus migratorius_American Robin,0.4471879005432129,2024-04-02T05:53:00Z,05:53:00
20240402_055300.WAV,39,42,Turdus migratorius_American Robin,0.4195360243320465,2024-04-02T05:53:00Z,05:53:00
20240411_190000.WAV,15,18,Certhia americana_Brown Creeper,0.4818771481513977,2024-04-11T19:00:00Z,19:00:00
20240415_190900.WAV,39,42,Certhia americana_Brown Creeper,0.828292191028595,2024-04-15T19:09:00Z,19:09:00
20240415_190900.WAV,51,54,Certhia americana_Brown Creeper,0.7496448755264282,2024-04-15T19:09:00Z,19:09:00
20240415_190900.WAV,54,55,Certhia americana_Brown Creeper,0.4460606276988983,2024-04-15T19:09:00Z,19:09:00
20240411_194500.WAV,51,54,Certhia americana_Brown Creeper,0.5303785800933838,2024-04-11T19:45:00Z,19:45:00
20240412_160100.WAV,18,21,Turdus migratorius_American Robin,0.4074249565601349,2024-04-12T16:01:00Z,16:01:00
20240330_192100.WAV,3,6,Turdus migratorius_American Robin,0.6762077808380127,2024-03-30T19:21:00Z,19:21:00
20240330_192100.WAV,9,12,Turdus migratorius_American Robin,0.6869269609451294,2024-03-30T19:21:00Z,19:21:00
20240330_192100.WAV,18,21,Turdus migratorius_American Robin,0.45017632842063904,2024-03-30T19:21:00Z,19:21:00
20240330_192100.WAV,42,45,Turdus migratorius_American Robin,0.7371512055397034,2024-03-30T19:21:00Z,19:21:00
20240408_061200.WAV,24,27,Certhia americana_Brown Creeper,0.7548173069953918,2024-04-08T06:12:00Z,06:12:00
20240408_061200.WAV,45,48,Certhia americana_Brown Creeper,0.7711183428764343,2024-04-08T06:12:00Z,06:12:00
20240415_062200.WAV,0,3,Botaurus lentiginosus_American Bittern,0.5819326639175415,2024-04-15T06:22:00Z,06:22:00
20240415_062200.WAV,9,12,Certhia americana_Brown Creeper,0.7696028351783752,2024-04-15T06:22:00Z,06:22:00
20240415_062200.WAV,12,15,Certhia americana_Brown Creeper,0.6435407996177673,2024-04-15T06:22:00Z,06:22:00
20240415_062200.WAV,27,30,Certhia americana_Brown Creeper,0.44192224740982056,2024-04-15T06:22:00Z,06:22:00
20240407_141600.WAV,15,18,Porzana porzana_Spotted Crake,0.6697567701339722,2024-04-07T14:16:00Z,14:16:00
20240407_141600.WAV,30,33,Porzana porzana_Spotted Crake,0.5811034440994263,2024-04-07T14:16:00Z,14:16:00
20240412_060100.WAV,6,9,Certhia americana_Brown Creeper,0.7819004654884338,2024-04-12T06:01:00Z,06:01:00
20240412_060100.WAV,51,54,Certhia americana_Brown Creeper,0.7156012654304504,2024-04-12T06:01:00Z,06:01:00
20240405_150800.WAV,21,24,Turdus migratorius_American Robin,0.6277685165405273,2024-04-05T15:08:00Z,15:08:00
20240416_060800.WAV,15,18,Sphyrapicus varius_Yellow-bellied Sapsucker,0.7583649754524231,2024-04-16T06:08:00Z,06:08:00
20240416_060800.WAV,18,21,Sphyrapicus varius_Yellow-bellied Sapsucker,0.6119547486305237,2024-04-16T06:08:00Z,06:08:00
20240416_060800.WAV,27,30,Poecile atricapillus_Black-capped Chickadee,0.41525164246559143,2024-04-16T06:08:00Z,06:08:00
20240405_192200.WAV,42,45,Turdus migratorius_American Robin,0.4466290771961212,2024-04-05T19:22:00Z,19:22:00
20240406_190800.WAV,15,18,Turdus migratorius_American Robin,0.6752164363861084,2024-04-06T19:08:00Z,19:08:00
20240406_190800.WAV,36,39,Turdus migratorius_American Robin,0.6259311437606812,2024-04-06T19:08:00Z,19:08:00
20240406_190800.WAV,48,51,Turdus migratorius_American Robin,0.49172574281692505,2024-04-06T19:08:00Z,19:08:00
20240402_194400.WAV,15,18,Turdus migratorius_American Robin,0.5286146998405457,2024-04-02T19:44:00Z,19:44:00
20240402_194400.WAV,33,36,Turdus migratorius_American Robin,0.5417671799659729,2024-04-02T19:44:00Z,19:44:00
20240402_194400.WAV,36,39,Turdus migratorius_American Robin,0.5295224189758301,2024-04-02T19:44:00Z,19:44:00
20240403_230000.WAV,30,33,Porzana porzana_Spotted Crake,0.5139209628105164,2024-04-03T23:00:00Z,23:00:00
20240412_150000.WAV,9,12,Regulus satrapa_Golden-crowned Kinglet,0.6122376322746277,2024-04-12T15:00:00Z,15:00:00
20240408_055600.WAV,3,6,Turdus migratorius_American Robin,0.5103023648262024,2024-04-08T05:56:00Z,05:56:00
20240408_055600.WAV,36,39,Turdus migratorius_American Robin,0.4285176396369934,2024-04-08T05:56:00Z,05:56:00
20240405_060900.WAV,0,3,Turdus migratorius_American Robin,0.6771559715270996,2024-04-05T06:09:00Z,06:09:00
20240405_060900.WAV,3,6,Turdus migratorius_American Robin,0.5385695695877075,2024-04-05T06:09:00Z,06:09:00
20240405_060900.WAV,6,9,Turdus migratorius_American Robin,0.4663700759410858,2024-04-05T06:09:00Z,06:09:00
20240405_060900.WAV,9,12,Turdus migratorius_American Robin,0.8305014967918396,2024-04-05T06:09:00Z,06:09:00
20240405_060900.WAV,15,18,Turdus migratorius_American Robin,0.7484896183013916,2024-04-05T06:09:00Z,06:09:00
20240405_060900.WAV,18,21,Turdus migratorius_American Robin,0.8158851265907288,2024-04-05T06:09:00Z,06:09:00
20240405_060900.WAV,21,24,Turdus migratorius_American Robin,0.5006198883056641,2024-04-05T06:09:00Z,06:09:00
20240405_060900.WAV,24,27,Turdus migratorius_American Robin,0.6621630787849426,2024-04-05T06:09:00Z,06:09:00
20240401_064500.WAV,6,9,Certhia americana_Brown Creeper,0.9672442078590392,2024-04-01T06:45:00Z,06:45:00
20240401_064500.WAV,15,18,Certhia americana_Brown Creeper,0.9887282848358154,2024-04-01T06:45:00Z,06:45:00
20240401_064500.WAV,21,24,Certhia americana_Brown Creeper,0.8657969832420349,2024-04-01T06:45:00Z,06:45:00
20240401_064500.WAV,24,27,Certhia americana_Brown Creeper,0.9865028858184814,2024-04-01T06:45:00Z,06:45:00
20240401_064500.WAV,33,36,Certhia americana_Brown Creeper,0.9934032559394836,2024-04-01T06:45:00Z,06:45:00
20240401_064500.WAV,39,42,Certhia americana_Brown Creeper,0.502532958984375,2024-04-01T06:45:00Z,06:45:00
20240401_064500.WAV,45,48,Certhia americana_Brown Creeper,0.972844898700714,2024-04-01T06:45:00Z,06:45:00
20240401_064500.WAV,54,55,Sitta carolinensis_White-breasted Nuthatch,0.4778640866279602,2024-04-01T06:45:00Z,06:45:00
20240412_154500.WAV,6,9,Poecile gambeli_Mountain Chickadee,0.5286628603935242,2024-04-12T15:45:00Z,15:45:00
20240406_062300.WAV,6,9,Certhia americana_Brown Creeper,0.9692823886871338,2024-04-06T06:23:00Z,06:23:00
20240406_062300.WAV,9,12,Certhia americana_Brown Creeper,0.9831383228302002,2024-04-06T06:23:00Z,06:23:00
20240406_062300.WAV,12,15,Certhia americana_Brown Creeper,0.5601524710655212,2024-04-06T06:23:00Z,06:23:00
20240406_062300.WAV,27,30,Certhia americana_Brown Creeper,0.6346352100372314,2024-04-06T06:23:00Z,06:23:00
20240406_062300.WAV,36,39,Certhia americana_Brown Creeper,0.528636634349823,2024-04-06T06:23:00Z,06:23:00
20240406_062300.WAV,42,45,Certhia americana_Brown Creeper,0.8445452451705933,2024-04-06T06:23:00Z,06:23:00
20240406_062300.WAV,51,54,Certhia americana_Brown Creeper,0.6311968564987183,2024-04-06T06:23:00Z,06:23:00
20240412_054500.WAV,33,36,Porzana porzana_Spotted Crake,0.5685542225837708,2024-04-12T05:45:00Z,05:45:00
20240415_152300.WAV,33,36,Branta canadensis_Canada Goose,0.4888399541378021,2024-04-15T15:23:00Z,15:23:00
20240407_192100.WAV,3,6,Certhia americana_Brown Creeper,0.46500498056411743,2024-04-07T19:21:00Z,19:21:00
20240411_143700.WAV,15,18,Certhia americana_Brown Creeper,0.495365172624588,2024-04-11T14:37:00Z,14:37:00
20240404_062000.WAV,6,9,Turdus migratorius_American Robin,0.8255903720855713,2024-04-04T06:20:00Z,06:20:00
20240404_062000.WAV,21,24,Turdus migratorius_American Robin,0.7062247395515442,2024-04-04T06:20:00Z,06:20:00
20240404_062000.WAV,27,30,Turdus migratorius_American Robin,0.401359885931015,2024-04-04T06:20:00Z,06:20:00
20240404_062000.WAV,36,39,Turdus migratorius_American Robin,0.533640444278717,2024-04-04T06:20:00Z,06:20:00
20240410_054600.WAV,6,9,Turdus migratorius_American Robin,0.487317830324173,2024-04-10T05:46:00Z,05:46:00
20240410_054600.WAV,24,27,Turdus migratorius_American Robin,0.5410277247428894,2024-04-10T05:46:00Z,05:46:00
20240410_054600.WAV,36,39,Turdus migratorius_American Robin,0.5894743800163269,2024-04-10T05:46:00Z,05:46:00
20240405_071400.WAV,0,3,Regulus regulus_Goldcrest,0.6389005184173584,2024-04-05T07:14:00Z,07:14:00
20240405_071400.WAV,6,9,Certhia americana_Brown Creeper,0.8238715529441833,2024-04-05T07:14:00Z,07:14:00
20240405_071400.WAV,9,12,Certhia americana_Brown Creeper,0.4073692858219147,2024-04-05T07:14:00Z,07:14:00
20240405_071400.WAV,18,21,Regulus regulus_Goldcrest,0.440788209438324,2024-04-05T07:14:00Z,07:14:00
20240405_071400.WAV,21,24,Certhia americana_Brown Creeper,0.9024341106414796,2024-04-05T07:14:00Z,07:14:00
20240405_071400.WAV,24,27,Certhia americana_Brown Creeper,0.8301430344581604,2024-04-05T07:14:00Z,07:14:00
20240405_071400.WAV,36,39,Certhia americana_Brown Creeper,0.7302547097206116,2024-04-05T07:14:00Z,07:14:00
20240405_071400.WAV,45,48,Certhia americana_Brown Creeper,0.8280766010284424,2024-04-05T07:14:00Z,07:14:00
20240405_071400.WAV,51,54,Regulus regulus_Goldcrest,0.4193187654018402,2024-04-05T07:14:00Z,07:14:00
20240410_150300.WAV,3,6,Certhia americana_Brown Creeper,0.9313824772834778,2024-04-10T15:03:00Z,15:03:00
20240410_150300.WAV,21,24,Certhia americana_Brown Creeper,0.7827576398849487,2024-04-10T15:03:00Z,15:03:00
20240410_150300.WAV,36,39,Certhia americana_Brown Creeper,0.9684104919433594,2024-04-10T15:03:00Z,15:03:00
20240409_195500.WAV,30,33,Turdus migratorius_American Robin,0.5046616792678833,2024-04-09T19:55:00Z,19:55:00
20240409_195500.WAV,33,36,Turdus migratorius_American Robin,0.4256038665771485,2024-04-09T19:55:00Z,19:55:00
20240410_192900.WAV,6,9,Certhia americana_Brown Creeper,0.9263057112693788,2024-04-10T19:29:00Z,19:29:00
20240410_192900.WAV,9,12,Certhia americana_Brown Creeper,0.8706057071685791,2024-04-10T19:29:00Z,19:29:00
20240410_192900.WAV,30,33,Certhia americana_Brown Creeper,0.6161573529243469,2024-04-10T19:29:00Z,19:29:00
20240410_192900.WAV,33,36,Botaurus lentiginosus_American Bittern,0.4089467525482178,2024-04-10T19:29:00Z,19:29:00
20240410_192900.WAV,39,42,Certhia americana_Brown Creeper,0.7826598882675171,2024-04-10T19:29:00Z,19:29:00
20240410_192900.WAV,45,48,Certhia americana_Brown Creeper,0.8663498163223267,2024-04-10T19:29:00Z,19:29:00
20240331_062300.WAV,36,39,Turdus migratorius_American Robin,0.4757469594478607,2024-03-31T06:23:00Z,06:23:00
20240414_192000.WAV,3,6,Certhia americana_Brown Creeper,0.8033860325813293,2024-04-14T19:20:00Z,19:20:00
20240414_192000.WAV,15,18,Certhia americana_Brown Creeper,0.9322158694267272,2024-04-14T19:20:00Z,19:20:00
20240414_192000.WAV,18,21,Turdus migratorius_American Robin,0.5694959163665771,2024-04-14T19:20:00Z,19:20:00
20240413_194600.WAV,30,33,Botaurus lentiginosus_American Bittern,0.5048670172691345,2024-04-13T19:46:00Z,19:46:00
20240413_194600.WAV,42,45,Botaurus lentiginosus_American Bittern,0.45552748441696167,2024-04-13T19:46:00Z,19:46:00
20240401_145900.WAV,3,6,Aegolius acadicus_Northern Saw-whet Owl,0.4719376266002655,2024-04-01T14:59:00Z,14:59:00
20240405_141500.WAV,42,45,Porzana porzana_Spotted Crake,0.445796400308609,2024-04-05T14:15:00Z,14:15:00
20240410_060200.WAV,36,39,Certhia americana_Brown Creeper,0.5682902932167053,2024-04-10T06:02:00Z,06:02:00
20240410_164700.WAV,27,30,Poecile atricapillus_Black-capped Chickadee,0.4455687999725342,2024-04-10T16:47:00Z,16:47:00
20240406_160700.WAV,18,21,Aegolius acadicus_Northern Saw-whet Owl,0.5246381759643555,2024-04-06T16:07:00Z,16:07:00
20240409_144600.WAV,15,18,Certhia americana_Brown Creeper,0.924228847026825,2024-04-09T14:46:00Z,14:46:00
20240409_144600.WAV,24,27,Certhia americana_Brown Creeper,0.9823655486106871,2024-04-09T14:46:00Z,14:46:00
20240409_144600.WAV,30,33,Certhia americana_Brown Creeper,0.9540605545043944,2024-04-09T14:46:00Z,14:46:00
20240409_144600.WAV,48,51,Turdus migratorius_American Robin,0.449310839176178,2024-04-09T14:46:00Z,14:46:00
20240401_062400.WAV,0,3,Certhia americana_Brown Creeper,0.43968334794044495,2024-04-01T06:24:00Z,06:24:00
20240401_062400.WAV,15,18,Certhia americana_Brown Creeper,0.6251139640808105,2024-04-01T06:24:00Z,06:24:00
20240401_062400.WAV,24,27,Certhia americana_Brown Creeper,0.4697347581386566,2024-04-01T06:24:00Z,06:24:00
20240401_062400.WAV,36,39,Poecile atricapillus_Black-capped Chickadee,0.7782322764396667,2024-04-01T06:24:00Z,06:24:00
20240401_062400.WAV,39,42,Certhia americana_Brown Creeper,0.40947461128234863,2024-04-01T06:24:00Z,06:24:00
20240401_062400.WAV,45,48,Certhia americana_Brown Creeper,0.9421708583831788,2024-04-01T06:24:00Z,06:24:00
20240401_062400.WAV,48,51,Certhia americana_Brown Creeper,0.8939725160598755,2024-04-01T06:24:00Z,06:24:00
20240401_162400.WAV,27,30,Aegolius acadicus_Northern Saw-whet Owl,0.5404124855995178,2024-04-01T16:24:00Z,16:24:00
20240415_150700.WAV,27,30,Turdus migratorius_American Robin,0.4865324795246124,2024-04-15T15:07:00Z,15:07:00
20240406_064200.WAV,3,6,Turdus migratorius_American Robin,0.7787299752235413,2024-04-06T06:42:00Z,06:42:00
20240406_064200.WAV,12,15,Turdus migratorius_American Robin,0.6593531370162964,2024-04-06T06:42:00Z,06:42:00
20240406_064200.WAV,24,27,Turdus migratorius_American Robin,0.6523645520210266,2024-04-06T06:42:00Z,06:42:00
20240406_064200.WAV,27,30,Turdus migratorius_American Robin,0.7053943872451782,2024-04-06T06:42:00Z,06:42:00
20240406_064200.WAV,30,33,Turdus migratorius_American Robin,0.4024414122104645,2024-04-06T06:42:00Z,06:42:00
20240406_064200.WAV,33,36,Turdus migratorius_American Robin,0.6912546753883362,2024-04-06T06:42:00Z,06:42:00
20240406_064200.WAV,36,39,Turdus migratorius_American Robin,0.7083597183227539,2024-04-06T06:42:00Z,06:42:00
20240406_064200.WAV,39,42,Turdus migratorius_American Robin,0.659149706363678,2024-04-06T06:42:00Z,06:42:00
20240406_064200.WAV,45,48,Turdus migratorius_American Robin,0.6481224894523621,2024-04-06T06:42:00Z,06:42:00
20240405_190600.WAV,6,9,Turdus migratorius_American Robin,0.4994916021823883,2024-04-05T19:06:00Z,19:06:00
20240405_190600.WAV,18,21,Turdus migratorius_American Robin,0.6092194318771362,2024-04-05T19:06:00Z,19:06:00
20240405_190600.WAV,27,30,Turdus migratorius_American Robin,0.6396639347076416,2024-04-05T19:06:00Z,19:06:00
20240405_190600.WAV,30,33,Turdus migratorius_American Robin,0.5714586973190308,2024-04-05T19:06:00Z,19:06:00
20240405_190600.WAV,42,45,Turdus migratorius_American Robin,0.4317984580993652,2024-04-05T19:06:00Z,19:06:00
20240405_190600.WAV,51,54,Turdus migratorius_American Robin,0.6063741445541382,2024-04-05T19:06:00Z,19:06:00
20240402_192500.WAV,33,36,Nucifraga caryocatactes_Eurasian Nutcracker,0.5607967972755432,2024-04-02T19:25:00Z,19:25:00
20240406_150600.WAV,0,3,Catharus guttatus_Hermit Thrush,0.6754204630851746,2024-04-06T15:06:00Z,15:06:00
20240406_150600.WAV,33,36,Poecile atricapillus_Black-capped Chickadee,0.4012375771999359,2024-04-06T15:06:00Z,15:06:00
20240406_150600.WAV,33,36,Poecile gambeli_Mountain Chickadee,0.47502633929252625,2024-04-06T15:06:00Z,15:06:00
20240406_150600.WAV,45,48,Catharus guttatus_Hermit Thrush,0.4253545105457306,2024-04-06T15:06:00Z,15:06:00
20240415_064300.WAV,0,3,Certhia americana_Brown Creeper,0.4439593255519867,2024-04-15T06:43:00Z,06:43:00
20240415_064300.WAV,48,51,Botaurus lentiginosus_American Bittern,0.5901753306388855,2024-04-15T06:43:00Z,06:43:00
20240408_063600.WAV,51,54,Certhia americana_Brown Creeper,0.6273478865623474,2024-04-08T06:36:00Z,06:36:00
20240415_060600.WAV,0,3,Certhia americana_Brown Creeper,0.7808319330215454,2024-04-15T06:06:00Z,06:06:00
20240415_060600.WAV,6,9,Certhia americana_Brown Creeper,0.9506123065948486,2024-04-15T06:06:00Z,06:06:00
20240415_060600.WAV,9,12,Certhia americana_Brown Creeper,0.7786629796028137,2024-04-15T06:06:00Z,06:06:00
20240415_060600.WAV,15,18,Certhia americana_Brown Creeper,0.9538975954055786,2024-04-15T06:06:00Z,06:06:00
20240415_060600.WAV,24,27,Certhia americana_Brown Creeper,0.7703928351402283,2024-04-15T06:06:00Z,06:06:00
20240415_060600.WAV,33,36,Certhia americana_Brown Creeper,0.9869614839553832,2024-04-15T06:06:00Z,06:06:00
20240415_060600.WAV,42,45,Certhia americana_Brown Creeper,0.7137830257415771,2024-04-15T06:06:00Z,06:06:00
20240415_060600.WAV,45,48,Certhia americana_Brown Creeper,0.7819917798042297,2024-04-15T06:06:00Z,06:06:00
20240415_060600.WAV,51,54,Certhia americana_Brown Creeper,0.8625020384788513,2024-04-15T06:06:00Z,06:06:00
20240412_062500.WAV,15,18,Colaptes auratus_Northern Flicker,0.5624206066131592,2024-04-12T06:25:00Z,06:25:00
20240412_062500.WAV,18,21,Colaptes auratus_Northern Flicker,0.606340765953064,2024-04-12T06:25:00Z,06:25:00
20240412_062500.WAV,30,33,Colaptes auratus_Northern Flicker,0.8171079158782959,2024-04-12T06:25:00Z,06:25:00
20240412_062500.WAV,33,36,Colaptes auratus_Northern Flicker,0.6557546854019165,2024-04-12T06:25:00Z,06:25:00
20240412_062500.WAV,36,39,Certhia americana_Brown Creeper,0.5595123767852783,2024-04-12T06:25:00Z,06:25:00
20240409_070200.WAV,6,9,Certhia americana_Brown Creeper,0.7893822193145752,2024-04-09T07:02:00Z,07:02:00
20240409_070200.WAV,15,18,Aix sponsa_Wood Duck,0.8723200559616089,2024-04-09T07:02:00Z,07:02:00
20240409_070200.WAV,21,24,Aix sponsa_Wood Duck,0.9624484181404114,2024-04-09T07:02:00Z,07:02:00
20240409_070200.WAV,24,27,Certhia americana_Brown Creeper,0.6479328274726868,2024-04-09T07:02:00Z,07:02:00
20240409_070200.WAV,30,33,Poecile atricapillus_Black-capped Chickadee,0.4555234909057617,2024-04-09T07:02:00Z,07:02:00
20240409_070200.WAV,33,36,Aix sponsa_Wood Duck,0.9120908379554749,2024-04-09T07:02:00Z,07:02:00
20240409_070200.WAV,36,39,Aix sponsa_Wood Duck,0.8542661070823669,2024-04-09T07:02:00Z,07:02:00
20240411_192400.WAV,12,15,Certhia americana_Brown Creeper,0.9755826592445374,2024-04-11T19:24:00Z,19:24:00
20240411_192400.WAV,21,24,Certhia americana_Brown Creeper,0.88153839111328125,2024-04-11T19:24:00Z,19:24:00
20240411_192400.WAV,27,30,Certhia americana_Brown Creeper,0.42207711935043335,2024-04-11T19:24:00Z,19:24:00
20240411_192400.WAV,39,42,Certhia americana_Brown Creeper,0.8984186053276062,2024-04-11T19:24:00Z,19:24:00
20240405_143100.WAV,3,6,Turdus migratorius_American Robin,0.41402727365493774,2024-04-05T14:31:00Z,14:31:00
20240405_143100.WAV,6,9,Turdus migratorius_American Robin,0.8513426780700684,2024-04-05T14:31:00Z,14:31:00
20240405_143100.WAV,9,12,Turdus migratorius_American Robin,0.5796542763710022,2024-04-05T14:31:00Z,14:31:00
20240405_143100.WAV,12,15,Turdus migratorius_American Robin,0.6491128206253052,2024-04-05T14:31:00Z,14:31:00
20240410_062600.WAV,12,15,Sayornis phoebe_Eastern Phoebe,0.6452645063400269,2024-04-10T06:26:00Z,06:26:00
20240410_062600.WAV,18,21,Certhia americana_Brown Creeper,0.5291774868965149,2024-04-10T06:26:00Z,06:26:00
20240410_062600.WAV,30,33,Certhia americana_Brown Creeper,0.6790986061096191,2024-04-10T06:26:00Z,06:26:00
20240410_062600.WAV,39,42,Certhia americana_Brown Creeper,0.8089742064476013,2024-04-10T06:26:00Z,06:26:00
20240410_062600.WAV,48,51,Certhia americana_Brown Creeper,0.6301949620246887,2024-04-10T06:26:00Z,06:26:00
20240401_143800.WAV,24,27,Regulus satrapa_Golden-crowned Kinglet,0.7049453258514404,2024-04-01T14:38:00Z,14:38:00
20240401_143800.WAV,33,36,Regulus satrapa_Golden-crowned Kinglet,0.6062885522842407,2024-04-01T14:38:00Z,14:38:00
20240401_143800.WAV,36,39,Regulus regulus_Goldcrest,0.6040334701538086,2024-04-01T14:38:00Z,14:38:00
20240401_143800.WAV,36,39,Regulus satrapa_Golden-crowned Kinglet,0.4703611433506012,2024-04-01T14:38:00Z,14:38:00
20240413_164900.WAV,24,27,Botaurus lentiginosus_American Bittern,0.47694575786590576,2024-04-13T16:49:00Z,16:49:00
20240411_071200.WAV,6,9,Certhia americana_Brown Creeper,0.5124805569648743,2024-04-11T07:12:00Z,07:12:00
20240411_071200.WAV,6,9,Regulus regulus_Goldcrest,0.6094973087310791,2024-04-11T07:12:00Z,07:12:00
20240411_071200.WAV,39,42,Certhia americana_Brown Creeper,0.9290785789489746,2024-04-11T07:12:00Z,07:12:00
20240411_071200.WAV,42,45,Certhia americana_Brown Creeper,0.8561996221542358,2024-04-11T07:12:00Z,07:12:00
20240411_071200.WAV,51,54,Certhia americana_Brown Creeper,0.6620575189590454,2024-04-11T07:12:00Z,07:12:00
20240410_162600.WAV,0,3,Certhia americana_Brown Creeper,0.9108098745346068,2024-04-10T16:26:00Z,16:26:00
20240410_162600.WAV,21,24,Certhia americana_Brown Creeper,0.9627821445465088,2024-04-10T16:26:00Z,16:26:00
20240410_162600.WAV,30,33,Certhia americana_Brown Creeper,0.6149567365646362,2024-04-10T16:26:00Z,16:26:00
20240410_162600.WAV,33,36,Certhia americana_Brown Creeper,0.5108121633529663,2024-04-10T16:26:00Z,16:26:00
20240410_162600.WAV,45,48,Certhia americana_Brown Creeper,0.8625659346580505,2024-04-10T16:26:00Z,16:26:00
20240402_145700.WAV,3,6,Porzana porzana_Spotted Crake,0.7284782528877258,2024-04-02T14:57:00Z,14:57:00
20240402_145700.WAV,9,12,Porzana porzana_Spotted Crake,0.5047295689582825,2024-04-02T14:57:00Z,14:57:00
20240402_145700.WAV,12,15,Porzana porzana_Spotted Crake,0.8024107217788696,2024-04-02T14:57:00Z,14:57:00
20240402_145700.WAV,21,24,Porzana porzana_Spotted Crake,0.4179174602031708,2024-04-02T14:57:00Z,14:57:00
20240404_150500.WAV,0,3,Porzana porzana_Spotted Crake,0.40877199172973633,2024-04-04T15:05:00Z,15:05:00
20240414_194100.WAV,27,30,Turdus migratorius_American Robin,0.4270192086696625,2024-04-14T19:41:00Z,19:41:00
20240331_064200.WAV,3,6,Turdus migratorius_American Robin,0.6153914928436279,2024-03-31T06:42:00Z,06:42:00
20240331_064200.WAV,6,9,Turdus migratorius_American Robin,0.564729630947113,2024-03-31T06:42:00Z,06:42:00
20240331_064200.WAV,9,12,Turdus migratorius_American Robin,0.6049120426177979,2024-03-31T06:42:00Z,06:42:00
20240331_064200.WAV,12,15,Turdus migratorius_American Robin,0.584667980670929,2024-03-31T06:42:00Z,06:42:00
20240331_064200.WAV,15,18,Turdus migratorius_American Robin,0.5350754261016846,2024-03-31T06:42:00Z,06:42:00
20240331_064200.WAV,18,21,Turdus migratorius_American Robin,0.5416694283485413,2024-03-31T06:42:00Z,06:42:00
20240331_064200.WAV,21,24,Turdus migratorius_American Robin,0.8071392774581909,2024-03-31T06:42:00Z,06:42:00
20240331_064200.WAV,27,30,Turdus migratorius_American Robin,0.4715695381164551,2024-03-31T06:42:00Z,06:42:00
20240331_064200.WAV,30,33,Turdus migratorius_American Robin,0.7203769683837891,2024-03-31T06:42:00Z,06:42:00
20240331_064200.WAV,48,51,Turdus migratorius_American Robin,0.5789616703987122,2024-03-31T06:42:00Z,06:42:00
20240331_164200.WAV,3,6,Anthus hodgsoni_Olive-backed Pipit,0.5368751287460327,2024-03-31T16:42:00Z,16:42:00
20240411_141300.WAV,9,12,Sayornis phoebe_Eastern Phoebe,0.5625985264778137,2024-04-11T14:13:00Z,14:13:00
20240411_141300.WAV,36,39,Branta canadensis_Canada Goose,0.7868445515632629,2024-04-11T14:13:00Z,14:13:00
20240411_141300.WAV,39,42,Branta canadensis_Canada Goose,0.8584912419319153,2024-04-11T14:13:00Z,14:13:00
20240404_060400.WAV,0,3,Porzana porzana_Spotted Crake,0.470168024301529,2024-04-04T06:04:00Z,06:04:00
20240412_143900.WAV,9,12,Certhia americana_Brown Creeper,0.8623679876327515,2024-04-12T14:39:00Z,14:39:00
20240412_143900.WAV,12,15,Certhia americana_Brown Creeper,0.9073562026023864,2024-04-12T14:39:00Z,14:39:00
20240412_143900.WAV,27,30,Certhia americana_Brown Creeper,0.5377979278564453,2024-04-12T14:39:00Z,14:39:00
20240412_143900.WAV,51,54,Certhia americana_Brown Creeper,0.8353262543678284,2024-04-12T14:39:00Z,14:39:00
20240412_143900.WAV,54,55,Regulus regulus_Goldcrest,0.5443795919418335,2024-04-12T14:39:00Z,14:39:00
20240404_160400.WAV,12,15,Porzana porzana_Spotted Crake,0.4056306779384613,2024-04-04T16:04:00Z,16:04:00
20240410_152700.WAV,9,12,Certhia americana_Brown Creeper,0.40766897797584534,2024-04-10T15:27:00Z,15:27:00
20240410_152700.WAV,42,45,Regulus satrapa_Golden-crowned Kinglet,0.41528400778770447,2024-04-10T15:27:00Z,15:27:00
20240413_054800.WAV,45,48,Botaurus lentiginosus_American Bittern,0.5550100207328796,2024-04-13T05:48:00Z,05:48:00
20240403_062700.WAV,18,21,Certhia americana_Brown Creeper,0.4354763925075531,2024-04-03T06:27:00Z,06:27:00
20240403_062700.WAV,21,24,Turdus migratorius_American Robin,0.601686954498291,2024-04-03T06:27:00Z,06:27:00
20240403_062700.WAV,27,30,Certhia americana_Brown Creeper,0.6734170317649841,2024-04-03T06:27:00Z,06:27:00
20240403_062700.WAV,33,36,Certhia americana_Brown Creeper,0.6559494137763977,2024-04-03T06:27:00Z,06:27:00
20240403_062700.WAV,39,42,Certhia americana_Brown Creeper,0.527650773525238,2024-04-03T06:27:00Z,06:27:00
20240403_062700.WAV,48,51,Certhia americana_Brown Creeper,0.8963383436203003,2024-04-03T06:27:00Z,06:27:00
20240408_141700.WAV,0,3,Certhia americana_Brown Creeper,0.968313694000244,2024-04-08T14:17:00Z,14:17:00
20240408_141700.WAV,9,12,Certhia americana_Brown Creeper,0.8163790106773376,2024-04-08T14:17:00Z,14:17:00
20240408_141700.WAV,12,15,Certhia americana_Brown Creeper,0.48048660159111023,2024-04-08T14:17:00Z,14:17:00
20240408_141700.WAV,21,24,Certhia americana_Brown Creeper,0.8340097069740295,2024-04-08T14:17:00Z,14:17:00
20240408_141700.WAV,33,36,Certhia americana_Brown Creeper,0.9360767602920532,2024-04-08T14:17:00Z,14:17:00
20240408_141700.WAV,42,45,Certhia americana_Brown Creeper,0.5067979693412781,2024-04-08T14:17:00Z,14:17:00
20240404_063900.WAV,51,54,Porzana porzana_Spotted Crake,0.42735883593559265,2024-04-04T06:39:00Z,06:39:00
20240401_070400.WAV,18,21,Turdus migratorius_American Robin,0.5645040273666382,2024-04-01T07:04:00Z,07:04:00
20240401_070400.WAV,24,27,Turdus migratorius_American Robin,0.4700489342212677,2024-04-01T07:04:00Z,07:04:00
20240401_070400.WAV,27,30,Turdus migratorius_American Robin,0.4413886070251465,2024-04-01T07:04:00Z,07:04:00
20240412_144100.WAV,24,27,Poecile atricapillus_Black-capped Chickadee,0.492478221654892,2024-04-12T14:41:00Z,14:41:00
20240412_144100.WAV,45,48,Certhia americana_Brown Creeper,0.6478301882743835,2024-04-12T14:41:00Z,14:41:00
20240407_061300.WAV,3,6,Certhia americana_Brown Creeper,0.9270805716514589,2024-04-07T06:13:00Z,06:13:00
20240407_061300.WAV,6,9,Certhia americana_Brown Creeper,0.6942442059516907,2024-04-07T06:13:00Z,06:13:00
20240407_061300.WAV,21,24,Certhia americana_Brown Creeper,0.937921941280365,2024-04-07T06:13:00Z,06:13:00
20240407_061300.WAV,36,39,Certhia americana_Brown Creeper,0.8963416814804077,2024-04-07T06:13:00Z,06:13:00
20240407_061300.WAV,48,51,Certhia americana_Brown Creeper,0.8518176078796387,2024-04-07T06:13:00Z,06:13:00
20240407_061300.WAV,51,54,Certhia americana_Brown Creeper,0.950397789478302,2024-04-07T06:13:00Z,06:13:00
20240404_163900.WAV,3,6,Porzana porzana_Spotted Crake,0.4807950258255005,2024-04-04T16:39:00Z,16:39:00
20240407_155700.WAV,42,45,Regulus regulus_Goldcrest,0.6822855472564697,2024-04-07T15:57:00Z,15:57:00
20240414_061200.WAV,0,3,Certhia americana_Brown Creeper,0.6238845586776733,2024-04-14T06:12:00Z,06:12:00
20240414_061200.WAV,48,51,Certhia americana_Brown Creeper,0.5498278141021729,2024-04-14T06:12:00Z,06:12:00
20240409_062200.WAV,18,21,Certhia americana_Brown Creeper,0.8251869678497314,2024-04-09T06:22:00Z,06:22:00
20240409_062200.WAV,27,30,Certhia americana_Brown Creeper,0.5454150438308716,2024-04-09T06:22:00Z,06:22:00
20240412_070500.WAV,6,9,Certhia americana_Brown Creeper,0.5773779153823853,2024-04-12T07:05:00Z,07:05:00
20240412_070500.WAV,9,12,Certhia americana_Brown Creeper,0.8496037721633911,2024-04-12T07:05:00Z,07:05:00
20240412_070500.WAV,12,15,Sphyrapicus varius_Yellow-bellied Sapsucker,0.8315896391868591,2024-04-12T07:05:00Z,07:05:00
20240412_070500.WAV,15,18,Sphyrapicus varius_Yellow-bellied Sapsucker,0.5636223554611206,2024-04-12T07:05:00Z,07:05:00
20240412_070500.WAV,24,27,Certhia americana_Brown Creeper,0.8359185457229614,2024-04-12T07:05:00Z,07:05:00
20240412_070500.WAV,33,36,Sphyrapicus varius_Yellow-bellied Sapsucker,0.514435887336731,2024-04-12T07:05:00Z,07:05:00
20240412_070500.WAV,36,39,Certhia americana_Brown Creeper,0.7383014559745789,2024-04-12T07:05:00Z,07:05:00
20240412_070500.WAV,48,51,Certhia americana_Brown Creeper,0.771804928779602,2024-04-12T07:05:00Z,07:05:00
20240401_144000.WAV,12,15,Regulus satrapa_Golden-crowned Kinglet,0.5490919351577759,2024-04-01T14:40:00Z,14:40:00
20240401_144000.WAV,30,33,Regulus satrapa_Golden-crowned Kinglet,0.631348729133606,2024-04-01T14:40:00Z,14:40:00
20240407_055700.WAV,39,42,Aix sponsa_Wood Duck,0.4082410037517547,2024-04-07T05:57:00Z,05:57:00
20240404_153800.WAV,36,39,Porzana porzana_Spotted Crake,0.41242924332618713,2024-04-04T15:38:00Z,15:38:00
20240404_153800.WAV,39,42,Porzana porzana_Spotted Crake,0.5691641569137573,2024-04-04T15:38:00Z,15:38:00
20240404_153800.WAV,51,54,Porzana porzana_Spotted Crake,0.4376279413700104,2024-04-04T15:38:00Z,15:38:00
20240409_190900.WAV,3,6,Sayornis phoebe_Eastern Phoebe,0.8071793913841248,2024-04-09T19:09:00Z,19:09:00
20240410_193000.WAV,0,3,Certhia americana_Brown Creeper,0.9045711159706116,2024-04-10T19:30:00Z,19:30:00
20240410_193000.WAV,12,15,Certhia americana_Brown Creeper,0.7504061460494995,2024-04-10T19:30:00Z,19:30:00
20240410_193000.WAV,15,18,Certhia americana_Brown Creeper,0.939672350883484,2024-04-10T19:30:00Z,19:30:00
20240410_193000.WAV,21,24,Certhia americana_Brown Creeper,0.9322060346603394,2024-04-10T19:30:00Z,19:30:00
20240410_193000.WAV,27,30,Certhia americana_Brown Creeper,0.8843655586242676,2024-04-10T19:30:00Z,19:30:00
20240410_193000.WAV,36,39,Certhia americana_Brown Creeper,0.8800368309020996,2024-04-10T19:30:00Z,19:30:00
20240410_193000.WAV,45,48,Certhia americana_Brown Creeper,0.9090187549591064,2024-04-10T19:30:00Z,19:30:00
20240410_193000.WAV,51,54,Certhia americana_Brown Creeper,0.6158711910247803,2024-04-10T19:30:00Z,19:30:00
20240402_153200.WAV,3,6,Porzana porzana_Spotted Crake,0.401060551404953,2024-04-02T15:32:00Z,15:32:00
20240402_153200.WAV,36,39,Porzana porzana_Spotted Crake,0.4781196415424347,2024-04-02T15:32:00Z,15:32:00
20240404_142500.WAV,24,27,Porzana porzana_Spotted Crake,0.4370467066764831,2024-04-04T14:25:00Z,14:25:00
20240405_155400.WAV,3,6,Porzana porzana_Spotted Crake,0.5636354684829712,2024-04-05T15:54:00Z,15:54:00
20240405_155400.WAV,27,30,Regulus satrapa_Golden-crowned Kinglet,0.4659944176673889,2024-04-05T15:54:00Z,15:54:00
20240416_061100.WAV,45,48,Poecile atricapillus_Black-capped Chickadee,0.4069554209709167,2024-04-16T06:11:00Z,06:11:00
20240405_151100.WAV,42,45,Turdus migratorius_American Robin,0.5563883185386658,2024-04-05T15:11:00Z,15:11:00
20240412_061800.WAV,27,30,Regulus satrapa_Golden-crowned Kinglet,0.46679845452308655,2024-04-12T06:18:00Z,06:18:00
20240412_061800.WAV,30,33,Corvus brachyrhynchos_American Crow,0.42428016662597656,2024-04-12T06:18:00Z,06:18:00
20240412_061800.WAV,30,33,Certhia americana_Brown Creeper,0.9505232572555542,2024-04-12T06:18:00Z,06:18:00
20240412_061800.WAV,45,48,Certhia americana_Brown Creeper,0.6728468537330627,2024-04-12T06:18:00Z,06:18:00
20240410_070600.WAV,6,9,Certhia americana_Brown Creeper,0.7255039811134338,2024-04-10T07:06:00Z,07:06:00
20240410_070600.WAV,18,21,Certhia americana_Brown Creeper,0.6068479418754578,2024-04-10T07:06:00Z,07:06:00
20240410_070600.WAV,30,33,Regulus satrapa_Golden-crowned Kinglet,0.43192529678344727,2024-04-10T07:06:00Z,07:06:00
20240410_070600.WAV,42,45,Certhia americana_Brown Creeper,0.6336066722869873,2024-04-10T07:06:00Z,07:06:00
20240410_070600.WAV,45,48,Certhia americana_Brown Creeper,0.8228160738945007,2024-04-10T07:06:00Z,07:06:00
20240410_070600.WAV,48,51,Certhia americana_Brown Creeper,0.5779197216033936,2024-04-10T07:06:00Z,07:06:00
20240410_070600.WAV,51,54,Regulus satrapa_Golden-crowned Kinglet,0.7883680462837219,2024-04-10T07:06:00Z,07:06:00
20240411_163200.WAV,6,9,Poecile atricapillus_Black-capped Chickadee,0.6445340514183044,2024-04-11T16:32:00Z,16:32:00
20240411_163200.WAV,21,24,Poecile atricapillus_Black-capped Chickadee,0.6045202612876892,2024-04-11T16:32:00Z,16:32:00
20240411_163200.WAV,42,45,Poecile atricapillus_Black-capped Chickadee,0.5102878212928772,2024-04-11T16:32:00Z,16:32:00
20240415_191000.WAV,12,15,Certhia americana_Brown Creeper,0.9265418648719788,2024-04-15T19:10:00Z,19:10:00
20240415_191000.WAV,15,18,Certhia americana_Brown Creeper,0.8427426218986511,2024-04-15T19:10:00Z,19:10:00
20240415_191000.WAV,24,27,Certhia americana_Brown Creeper,0.9217464327812196,2024-04-15T19:10:00Z,19:10:00
20240415_191000.WAV,33,36,Certhia americana_Brown Creeper,0.9728884696960448,2024-04-15T19:10:00Z,19:10:00
20240415_191000.WAV,36,39,Certhia americana_Brown Creeper,0.8995991349220276,2024-04-15T19:10:00Z,19:10:00
20240415_191000.WAV,45,48,Certhia americana_Brown Creeper,0.8751678466796875,2024-04-15T19:10:00Z,19:10:00
20240411_191900.WAV,51,54,Certhia americana_Brown Creeper,0.6172049641609192,2024-04-11T19:19:00Z,19:19:00
20240401_061900.WAV,0,3,Turdus migratorius_American Robin,0.5023025274276733,2024-04-01T06:19:00Z,06:19:00
20240401_061900.WAV,45,48,Turdus migratorius_American Robin,0.4704370200634002,2024-04-01T06:19:00Z,06:19:00
20240405_065500.WAV,3,6,Turdus migratorius_American Robin,0.47844669222831726,2024-04-05T06:55:00Z,06:55:00
20240405_065500.WAV,6,9,Turdus migratorius_American Robin,0.493412047624588,2024-04-05T06:55:00Z,06:55:00
20240405_065500.WAV,15,18,Turdus migratorius_American Robin,0.6131154298782349,2024-04-05T06:55:00Z,06:55:00
20240405_065500.WAV,21,24,Turdus migratorius_American Robin,0.45814669132232666,2024-04-05T06:55:00Z,06:55:00
20240405_065500.WAV,30,33,Turdus migratorius_American Robin,0.7458646297454834,2024-04-05T06:55:00Z,06:55:00
20240405_065500.WAV,33,36,Turdus migratorius_American Robin,0.5190714001655579,2024-04-05T06:55:00Z,06:55:00
20240405_065500.WAV,48,51,Turdus migratorius_American Robin,0.5478216409683228,2024-04-05T06:55:00Z,06:55:00
20240403_070700.WAV,12,15,Regulus satrapa_Golden-crowned Kinglet,0.6740500926971436,2024-04-03T07:07:00Z,07:07:00
20240403_070700.WAV,39,42,Regulus satrapa_Golden-crowned Kinglet,0.6148108839988708,2024-04-03T07:07:00Z,07:07:00
20240405_061000.WAV,9,12,Turdus migratorius_American Robin,0.4065465033054352,2024-04-05T06:10:00Z,06:10:00
20240405_061000.WAV,15,18,Turdus migratorius_American Robin,0.5211063623428345,2024-04-05T06:10:00Z,06:10:00
20240405_061000.WAV,51,54,Turdus migratorius_American Robin,0.5039726495742798,2024-04-05T06:10:00Z,06:10:00
20240412_151900.WAV,15,18,Certhia americana_Brown Creeper,0.538078784942627,2024-04-12T15:19:00Z,15:19:00
20240410_140700.WAV,3,6,Dryobates pubescens_Downy Woodpecker,0.9157444834709167,2024-04-10T14:07:00Z,14:07:00
20240410_140700.WAV,21,24,Dryobates pubescens_Downy Woodpecker,0.4235943853855133,2024-04-10T14:07:00Z,14:07:00
20240410_140700.WAV,51,54,Sayornis phoebe_Eastern Phoebe,0.47295916080474854,2024-04-10T14:07:00Z,14:07:00
20240410_140700.WAV,54,55,Certhia americana_Brown Creeper,0.45408591628074646,2024-04-10T14:07:00Z,14:07:00
20240402_063300.WAV,6,9,Turdus migratorius_American Robin,0.45252254605293274,2024-04-02T06:33:00Z,06:33:00
20240406_191100.WAV,30,33,Turdus migratorius_American Robin,0.6644604802131653,2024-04-06T19:11:00Z,19:11:00
20240331_063800.WAV,0,3,Certhia americana_Brown Creeper,0.9813079237937928,2024-03-31T06:38:00Z,06:38:00
20240331_063800.WAV,9,12,Regulus regulus_Goldcrest,0.8488708734512329,2024-03-31T06:38:00Z,06:38:00
20240331_063800.WAV,12,15,Certhia americana_Brown Creeper,0.91791534423828125,2024-03-31T06:38:00Z,06:38:00
20240331_063800.WAV,15,18,Certhia americana_Brown Creeper,0.8824765086174011,2024-03-31T06:38:00Z,06:38:00
20240331_063800.WAV,15,18,Regulus regulus_Goldcrest,0.7188157439231873,2024-03-31T06:38:00Z,06:38:00
20240331_063800.WAV,48,51,Certhia americana_Brown Creeper,0.409963995218277,2024-03-31T06:38:00Z,06:38:00
20240410_193200.WAV,3,6,Certhia americana_Brown Creeper,0.9046701192855836,2024-04-10T19:32:00Z,19:32:00
20240410_193200.WAV,6,9,Certhia americana_Brown Creeper,0.567643940448761,2024-04-10T19:32:00Z,19:32:00
20240410_193200.WAV,15,18,Certhia americana_Brown Creeper,0.8172325491905212,2024-04-10T19:32:00Z,19:32:00
20240410_193200.WAV,18,21,Certhia americana_Brown Creeper,0.7184601426124573,2024-04-10T19:32:00Z,19:32:00
20240410_193200.WAV,24,27,Certhia americana_Brown Creeper,0.5934193730354309,2024-04-10T19:32:00Z,19:32:00
20240410_193200.WAV,30,33,Certhia americana_Brown Creeper,0.7462229132652283,2024-04-10T19:32:00Z,19:32:00
20240331_195600.WAV,15,18,Branta canadensis_Canada Goose,0.6500513553619385,2024-03-31T19:56:00Z,19:56:00
20240331_195600.WAV,18,21,Branta canadensis_Canada Goose,0.4125656485557556,2024-03-31T19:56:00Z,19:56:00
20240414_061000.WAV,9,12,Certhia americana_Brown Creeper,0.47698503732681274,2024-04-14T06:10:00Z,06:10:00
20240414_061000.WAV,15,18,Certhia americana_Brown Creeper,0.5607689619064331,2024-04-14T06:10:00Z,06:10:00
20240414_061000.WAV,30,33,Certhia americana_Brown Creeper,0.5183457136154175,2024-04-14T06:10:00Z,06:10:00
20240414_061000.WAV,39,42,Certhia americana_Brown Creeper,0.5629953742027283,2024-04-14T06:10:00Z,06:10:00
20240414_061000.WAV,48,51,Certhia americana_Brown Creeper,0.5686115026473999,2024-04-14T06:10:00Z,06:10:00
20240409_062000.WAV,21,24,Regulus regulus_Goldcrest,0.4804805517196655,2024-04-09T06:20:00Z,06:20:00
20240410_061900.WAV,6,9,Sayornis phoebe_Eastern Phoebe,0.7688314914703369,2024-04-10T06:19:00Z,06:19:00
20240410_061900.WAV,9,12,Sayornis phoebe_Eastern Phoebe,0.9655463695526124,2024-04-10T06:19:00Z,06:19:00
20240410_061900.WAV,12,15,Sayornis phoebe_Eastern Phoebe,0.918820321559906,2024-04-10T06:19:00Z,06:19:00
20240410_061900.WAV,15,18,Sayornis phoebe_Eastern Phoebe,0.8342609405517578,2024-04-10T06:19:00Z,06:19:00
20240410_061900.WAV,18,21,Sayornis phoebe_Eastern Phoebe,0.9351626038551332,2024-04-10T06:19:00Z,06:19:00
20240410_061900.WAV,27,30,Sayornis phoebe_Eastern Phoebe,0.6216484308242798,2024-04-10T06:19:00Z,06:19:00
20240410_061900.WAV,30,33,Sayornis phoebe_Eastern Phoebe,0.7467179298400879,2024-04-10T06:19:00Z,06:19:00
20240407_151000.WAV,0,3,Regulus satrapa_Golden-crowned Kinglet,0.41029831767082214,2024-04-07T15:10:00Z,15:10:00
20240407_151000.WAV,30,33,Certhia americana_Brown Creeper,0.5115770697593689,2024-04-07T15:10:00Z,15:10:00
20240407_151000.WAV,39,42,Certhia americana_Brown Creeper,0.6400513648986816,2024-04-07T15:10:00Z,15:10:00
20240407_151000.WAV,42,45,Regulus satrapa_Golden-crowned Kinglet,0.859104573726654,2024-04-07T15:10:00Z,15:10:00
20240407_151000.WAV,48,51,Bombycilla cedrorum_Cedar Waxwing,0.6520209908485413,2024-04-07T15:10:00Z,15:10:00
20240412_070700.WAV,9,12,Sphyrapicus varius_Yellow-bellied Sapsucker,0.6284090280532837,2024-04-12T07:07:00Z,07:07:00
20240412_070700.WAV,21,24,Turdus migratorius_American Robin,0.4057261347770691,2024-04-12T07:07:00Z,07:07:00
20240412_070700.WAV,39,42,Sphyrapicus varius_Yellow-bellied Sapsucker,0.660429835319519,2024-04-12T07:07:00Z,07:07:00
20240412_070700.WAV,48,51,Certhia americana_Brown Creeper,0.8484086990356445,2024-04-12T07:07:00Z,07:07:00
20240401_144200.WAV,42,45,Poecile atricapillus_Black-capped Chickadee,0.5431253910064697,2024-04-01T14:42:00Z,14:42:00
20240408_071400.WAV,12,15,Poecile gambeli_Mountain Chickadee,0.5153666138648987,2024-04-08T07:14:00Z,07:14:00
20240408_071400.WAV,39,42,Regulus satrapa_Golden-crowned Kinglet,0.44262072443962097,2024-04-08T07:14:00Z,07:14:00
20240408_071400.WAV,42,45,Poecile atricapillus_Black-capped Chickadee,0.4656824469566345,2024-04-08T07:14:00Z,07:14:00
20240410_161900.WAV,18,21,Certhia americana_Brown Creeper,0.8283246159553528,2024-04-10T16:19:00Z,16:19:00
20240410_161900.WAV,33,36,Certhia americana_Brown Creeper,0.8591143488883972,2024-04-10T16:19:00Z,16:19:00
20240406_142400.WAV,30,33,Corvus brachyrhynchos_American Crow,0.5010745525360107,2024-04-06T14:24:00Z,14:24:00
20240408_141500.WAV,12,15,Certhia americana_Brown Creeper,0.7022411823272705,2024-04-08T14:15:00Z,14:15:00
20240408_141500.WAV,15,18,Certhia americana_Brown Creeper,0.6134672164916992,2024-04-08T14:15:00Z,14:15:00
20240408_141500.WAV,21,24,Certhia americana_Brown Creeper,0.5204510688781738,2024-04-08T14:15:00Z,14:15:00
20240408_141500.WAV,30,33,Certhia americana_Brown Creeper,0.4587906897068024,2024-04-08T14:15:00Z,14:15:00
20240408_141500.WAV,39,42,Certhia americana_Brown Creeper,0.5556084513664246,2024-04-08T14:15:00Z,14:15:00
20240403_161800.WAV,42,45,Porzana porzana_Spotted Crake,0.4995747804641723,2024-04-03T16:18:00Z,16:18:00
20240403_061800.WAV,0,3,Turdus migratorius_American Robin,0.5548127293586731,2024-04-03T06:18:00Z,06:18:00
20240403_061800.WAV,3,6,Turdus migratorius_American Robin,0.8631829023361206,2024-04-03T06:18:00Z,06:18:00
20240403_061800.WAV,9,12,Turdus migratorius_American Robin,0.8746577501296997,2024-04-03T06:18:00Z,06:18:00
20240403_061800.WAV,12,15,Turdus migratorius_American Robin,0.95165753364563,2024-04-03T06:18:00Z,06:18:00
20240403_061800.WAV,15,18,Turdus migratorius_American Robin,0.662716805934906,2024-04-03T06:18:00Z,06:18:00
20240403_061800.WAV,18,21,Turdus migratorius_American Robin,0.7748866677284241,2024-04-03T06:18:00Z,06:18:00
20240403_061800.WAV,24,27,Turdus migratorius_American Robin,0.9772651791572572,2024-04-03T06:18:00Z,06:18:00
20240403_061800.WAV,27,30,Turdus migratorius_American Robin,0.9043569564819336,2024-04-03T06:18:00Z,06:18:00
20240403_061800.WAV,30,33,Turdus migratorius_American Robin,0.8633232116699219,2024-04-03T06:18:00Z,06:18:00
20240403_061800.WAV,33,36,Turdus migratorius_American Robin,0.8996453285217285,2024-04-03T06:18:00Z,06:18:00
20240403_061800.WAV,36,39,Turdus migratorius_American Robin,0.6623921990394592,2024-04-03T06:18:00Z,06:18:00
20240403_061800.WAV,39,42,Turdus migratorius_American Robin,0.9293269515037536,2024-04-03T06:18:00Z,06:18:00
20240403_061800.WAV,42,45,Turdus migratorius_American Robin,0.9336382746696472,2024-04-03T06:18:00Z,06:18:00
20240403_061800.WAV,45,48,Turdus migratorius_American Robin,0.853033721446991,2024-04-03T06:18:00Z,06:18:00
20240403_061800.WAV,48,51,Turdus migratorius_American Robin,0.939561367034912,2024-04-03T06:18:00Z,06:18:00
20240403_061800.WAV,51,54,Turdus migratorius_American Robin,0.8942842483520508,2024-04-03T06:18:00Z,06:18:00
20240414_151100.WAV,36,39,Certhia americana_Brown Creeper,0.9427415728569032,2024-04-14T15:11:00Z,15:11:00
20240414_151100.WAV,39,42,Certhia americana_Brown Creeper,0.5308329463005066,2024-04-14T15:11:00Z,15:11:00
20240407_065400.WAV,6,9,Certhia americana_Brown Creeper,0.9397645592689514,2024-04-07T06:54:00Z,06:54:00
20240407_065400.WAV,15,18,Certhia americana_Brown Creeper,0.9846397638320924,2024-04-07T06:54:00Z,06:54:00
20240407_065400.WAV,18,21,Certhia americana_Brown Creeper,0.9598663449287416,2024-04-07T06:54:00Z,06:54:00
20240401_070600.WAV,6,9,Turdus migratorius_American Robin,0.7431719899177551,2024-04-01T07:06:00Z,07:06:00
20240401_070600.WAV,24,27,Turdus migratorius_American Robin,0.408731609582901,2024-04-01T07:06:00Z,07:06:00
20240401_070600.WAV,36,39,Turdus migratorius_American Robin,0.6483896374702454,2024-04-01T07:06:00Z,07:06:00
20240401_070600.WAV,42,45,Turdus migratorius_American Robin,0.87433922290802,2024-04-01T07:06:00Z,07:06:00
20240412_144300.WAV,18,21,Porzana porzana_Spotted Crake,0.43525081872940063,2024-04-12T14:43:00Z,14:43:00
20240410_151800.WAV,21,24,Certhia americana_Brown Creeper,0.5252021551132202,2024-04-10T15:18:00Z,15:18:00
20240410_151800.WAV,27,30,Certhia americana_Brown Creeper,0.47688090801239014,2024-04-10T15:18:00Z,15:18:00
20240410_151800.WAV,30,33,Certhia americana_Brown Creeper,0.6684651374816895,2024-04-10T15:18:00Z,15:18:00
20240410_151800.WAV,33,36,Regulus regulus_Goldcrest,0.43477922677993774,2024-04-10T15:18:00Z,15:18:00
20240410_151800.WAV,36,39,Regulus regulus_Goldcrest,0.4855973720550537,2024-04-10T15:18:00Z,15:18:00
20240410_151800.WAV,45,48,Certhia americana_Brown Creeper,0.8869706988334656,2024-04-10T15:18:00Z,15:18:00
20240410_151800.WAV,51,54,Certhia americana_Brown Creeper,0.6467670202255249,2024-04-10T15:18:00Z,15:18:00
20240407_061100.WAV,3,6,Certhia americana_Brown Creeper,0.5640011429786682,2024-04-07T06:11:00Z,06:11:00
20240407_061100.WAV,33,36,Turdus migratorius_American Robin,0.5120192766189575,2024-04-07T06:11:00Z,06:11:00
20240407_061100.WAV,36,39,Certhia americana_Brown Creeper,0.7005263566970825,2024-04-07T06:11:00Z,06:11:00
20240401_193000.WAV,0,3,Turdus migratorius_American Robin,0.6766996383666992,2024-04-01T19:30:00Z,19:30:00
20240401_193000.WAV,3,6,Turdus migratorius_American Robin,0.6849684119224548,2024-04-01T19:30:00Z,19:30:00
20240401_193000.WAV,9,12,Turdus migratorius_American Robin,0.7564634680747986,2024-04-01T19:30:00Z,19:30:00
20240401_193000.WAV,12,15,Turdus migratorius_American Robin,0.8211376667022705,2024-04-01T19:30:00Z,19:30:00
20240401_193000.WAV,15,18,Turdus migratorius_American Robin,0.6454113125801086,2024-04-01T19:30:00Z,19:30:00
20240401_193000.WAV,18,21,Turdus migratorius_American Robin,0.6625607013702393,2024-04-01T19:30:00Z,19:30:00
20240401_193000.WAV,21,24,Turdus migratorius_American Robin,0.4437628984451294,2024-04-01T19:30:00Z,19:30:00
20240401_193000.WAV,24,27,Turdus migratorius_American Robin,0.5599393248558044,2024-04-01T19:30:00Z,19:30:00
20240401_193000.WAV,27,30,Turdus migratorius_American Robin,0.6952955722808838,2024-04-01T19:30:00Z,19:30:00
20240401_193000.WAV,30,33,Turdus migratorius_American Robin,0.774332582950592,2024-04-01T19:30:00Z,19:30:00
20240401_193000.WAV,39,42,Turdus migratorius_American Robin,0.704481840133667,2024-04-01T19:30:00Z,19:30:00
20240401_193000.WAV,42,45,Turdus migratorius_American Robin,0.7794147729873657,2024-04-01T19:30:00Z,19:30:00
20240401_193000.WAV,45,48,Turdus migratorius_American Robin,0.6323643922805786,2024-04-01T19:30:00Z,19:30:00
20240401_193000.WAV,48,51,Turdus migratorius_American Robin,0.7305158376693726,2024-04-01T19:30:00Z,19:30:00
20240401_193000.WAV,51,54,Turdus migratorius_American Robin,0.7432785630226135,2024-04-01T19:30:00Z,19:30:00
20240331_142400.WAV,9,12,Regulus satrapa_Golden-crowned Kinglet,0.5118420124053955,2024-03-31T14:24:00Z,14:24:00
20240405_065700.WAV,0,3,Turdus migratorius_American Robin,0.7187522649765015,2024-04-05T06:57:00Z,06:57:00
20240405_065700.WAV,3,6,Turdus migratorius_American Robin,0.4219866991043091,2024-04-05T06:57:00Z,06:57:00
20240405_065700.WAV,9,12,Turdus migratorius_American Robin,0.6577103137969971,2024-04-05T06:57:00Z,06:57:00
20240405_065700.WAV,18,21,Turdus migratorius_American Robin,0.8032834529876709,2024-04-05T06:57:00Z,06:57:00
20240405_065700.WAV,27,30,Turdus migratorius_American Robin,0.4150223135948181,2024-04-05T06:57:00Z,06:57:00
20240405_065700.WAV,30,33,Turdus migratorius_American Robin,0.7790009379386902,2024-04-05T06:57:00Z,06:57:00
20240405_065700.WAV,33,36,Turdus migratorius_American Robin,0.5337694883346558,2024-04-05T06:57:00Z,06:57:00
20240405_065700.WAV,36,39,Turdus migratorius_American Robin,0.6961430311203003,2024-04-05T06:57:00Z,06:57:00
20240405_065700.WAV,39,42,Turdus migratorius_American Robin,0.8147724866867065,2024-04-05T06:57:00Z,06:57:00
20240405_065700.WAV,42,45,Turdus migratorius_American Robin,0.4396117329597473,2024-04-05T06:57:00Z,06:57:00
20240405_065700.WAV,45,48,Turdus migratorius_American Robin,0.4329196512699127,2024-04-05T06:57:00Z,06:57:00
20240405_065700.WAV,48,51,Turdus migratorius_American Robin,0.6078818440437317,2024-04-05T06:57:00Z,06:57:00
20240405_061200.WAV,0,3,Turdus migratorius_American Robin,0.6630009412765503,2024-04-05T06:12:00Z,06:12:00
20240405_061200.WAV,9,12,Turdus migratorius_American Robin,0.4688551425933838,2024-04-05T06:12:00Z,06:12:00
20240405_061200.WAV,15,18,Turdus migratorius_American Robin,0.7260965704917908,2024-04-05T06:12:00Z,06:12:00
20240405_061200.WAV,18,21,Turdus migratorius_American Robin,0.5593106746673584,2024-04-05T06:12:00Z,06:12:00
20240405_061200.WAV,24,27,Turdus migratorius_American Robin,0.6829736828804016,2024-04-05T06:12:00Z,06:12:00
20240405_061200.WAV,27,30,Turdus migratorius_American Robin,0.503425657749176,2024-04-05T06:12:00Z,06:12:00
20240405_061200.WAV,30,33,Turdus migratorius_American Robin,0.44846150279045105,2024-04-05T06:12:00Z,06:12:00
20240405_061200.WAV,45,48,Turdus migratorius_American Robin,0.5470584034919739,2024-04-05T06:12:00Z,06:12:00
20240405_061200.WAV,51,54,Turdus migratorius_American Robin,0.40253618359565735,2024-04-05T06:12:00Z,06:12:00
20240410_140500.WAV,45,48,Sayornis phoebe_Eastern Phoebe,0.47539258003234863,2024-04-10T14:05:00Z,14:05:00
20240411_153100.WAV,24,27,Certhia americana_Brown Creeper,0.6396426558494568,2024-04-11T15:31:00Z,15:31:00
20240415_063900.WAV,6,9,Certhia americana_Brown Creeper,0.4406578242778778,2024-04-15T06:39:00Z,06:39:00
20240415_063900.WAV,21,24,Certhia americana_Brown Creeper,0.8591933250427246,2024-04-15T06:39:00Z,06:39:00
20240415_063900.WAV,33,36,Corvus brachyrhynchos_American Crow,0.7040207386016846,2024-04-15T06:39:00Z,06:39:00
20240415_063900.WAV,36,39,Certhia americana_Brown Creeper,0.730983316898346,2024-04-15T06:39:00Z,06:39:00
20240408_060900.WAV,12,15,Turdus migratorius_American Robin,0.7659540176391602,2024-04-08T06:09:00Z,06:09:00
20240408_060900.WAV,18,21,Turdus migratorius_American Robin,0.6658034324645996,2024-04-08T06:09:00Z,06:09:00
20240411_063000.WAV,51,54,Colaptes auratus_Northern Flicker,0.5236448049545288,2024-04-11T06:30:00Z,06:30:00
20240411_063000.WAV,54,55,Colaptes auratus_Northern Flicker,0.4508576691150666,2024-04-11T06:30:00Z,06:30:00
20240416_061300.WAV,21,24,Corvus brachyrhynchos_American Crow,0.7687684893608093,2024-04-16T06:13:00Z,06:13:00
20240415_163900.WAV,3,6,Certhia americana_Brown Creeper,0.5916953086853027,2024-04-15T16:39:00Z,16:39:00
20240415_163900.WAV,12,15,Certhia americana_Brown Creeper,0.7641006708145142,2024-04-15T16:39:00Z,16:39:00
20240415_163900.WAV,15,18,Regulus regulus_Goldcrest,0.48823264241218567,2024-04-15T16:39:00Z,16:39:00
20240415_163900.WAV,36,39,Certhia americana_Brown Creeper,0.987927258014679,2024-04-15T16:39:00Z,16:39:00
20240410_070400.WAV,3,6,Certhia americana_Brown Creeper,0.8984220623970032,2024-04-10T07:04:00Z,07:04:00
20240410_070400.WAV,6,9,Certhia americana_Brown Creeper,0.9116321802139282,2024-04-10T07:04:00Z,07:04:00
20240410_070400.WAV,15,18,Certhia americana_Brown Creeper,0.5683610439300537,2024-04-10T07:04:00Z,07:04:00
20240410_070400.WAV,24,27,Certhia americana_Brown Creeper,0.8331904411315918,2024-04-10T07:04:00Z,07:04:00
20240410_070400.WAV,33,36,Certhia americana_Brown Creeper,0.9897570610046388,2024-04-10T07:04:00Z,07:04:00
20240410_070400.WAV,51,54,Certhia americana_Brown Creeper,0.4174115955829621,2024-04-10T07:04:00Z,07:04:00
20240411_163000.WAV,0,3,Poecile atricapillus_Black-capped Chickadee,0.6392845511436462,2024-04-11T16:30:00Z,16:30:00
20240411_163000.WAV,3,6,Poecile atricapillus_Black-capped Chickadee,0.8376671075820923,2024-04-11T16:30:00Z,16:30:00
20240411_163000.WAV,6,9,Poecile atricapillus_Black-capped Chickadee,0.6653876304626465,2024-04-11T16:30:00Z,16:30:00
20240411_163000.WAV,9,12,Poecile atricapillus_Black-capped Chickadee,0.5085105895996094,2024-04-11T16:30:00Z,16:30:00
20240411_163000.WAV,12,15,Poecile atricapillus_Black-capped Chickadee,0.6595836281776428,2024-04-11T16:30:00Z,16:30:00
20240411_163000.WAV,18,21,Poecile atricapillus_Black-capped Chickadee,0.7742160558700562,2024-04-11T16:30:00Z,16:30:00
20240411_163000.WAV,21,24,Poecile atricapillus_Black-capped Chickadee,0.4958929121494293,2024-04-11T16:30:00Z,16:30:00
20240411_163000.WAV,24,27,Poecile atricapillus_Black-capped Chickadee,0.6039764285087585,2024-04-11T16:30:00Z,16:30:00
20240411_163000.WAV,33,36,Poecile atricapillus_Black-capped Chickadee,0.5214955806732178,2024-04-11T16:30:00Z,16:30:00
20240411_163000.WAV,42,45,Poecile atricapillus_Black-capped Chickadee,0.7228171229362488,2024-04-11T16:30:00Z,16:30:00
20240411_163000.WAV,45,48,Poecile atricapillus_Black-capped Chickadee,0.7604531645774841,2024-04-11T16:30:00Z,16:30:00
20240411_163000.WAV,48,51,Poecile atricapillus_Black-capped Chickadee,0.4720967710018158,2024-04-11T16:30:00Z,16:30:00
20240411_192600.WAV,3,6,Certhia americana_Brown Creeper,0.8965206146240234,2024-04-11T19:26:00Z,19:26:00
20240411_192600.WAV,6,9,Certhia americana_Brown Creeper,0.5175163149833679,2024-04-11T19:26:00Z,19:26:00
20240411_192600.WAV,9,12,Certhia americana_Brown Creeper,0.4500316381454468,2024-04-11T19:26:00Z,19:26:00
20240411_192600.WAV,21,24,Certhia americana_Brown Creeper,0.9491143822669984,2024-04-11T19:26:00Z,19:26:00
20240411_192600.WAV,27,30,Certhia americana_Brown Creeper,0.8924732804298401,2024-04-11T19:26:00Z,19:26:00
20240411_192600.WAV,33,36,Certhia americana_Brown Creeper,0.5645261406898499,2024-04-11T19:26:00Z,19:26:00
20240411_192600.WAV,48,51,Certhia americana_Brown Creeper,0.9391149878501892,2024-04-11T19:26:00Z,19:26:00
20240413_071300.WAV,6,9,Porzana porzana_Spotted Crake,0.7815138101577759,2024-04-13T07:13:00Z,07:13:00
20240415_064100.WAV,9,12,Certhia americana_Brown Creeper,0.4873551428318024,2024-04-15T06:41:00Z,06:41:00
20240415_064100.WAV,18,21,Certhia americana_Brown Creeper,0.6792225241661072,2024-04-15T06:41:00Z,06:41:00
20240415_064100.WAV,48,51,Corvus brachyrhynchos_American Crow,0.5635784268379211,2024-04-15T06:41:00Z,06:41:00
20240402_154800.WAV,18,21,Branta canadensis_Canada Goose,0.5305120944976807,2024-04-02T15:48:00Z,15:48:00
20240402_154800.WAV,27,30,Branta canadensis_Canada Goose,0.5479739308357239,2024-04-02T15:48:00Z,15:48:00
20240402_154800.WAV,33,36,Branta canadensis_Canada Goose,0.5801494121551514,2024-04-02T15:48:00Z,15:48:00
20240402_154800.WAV,36,39,Branta canadensis_Canada Goose,0.8696185350418091,2024-04-02T15:48:00Z,15:48:00
20240402_154800.WAV,45,48,Branta canadensis_Canada Goose,0.474046528339386,2024-04-02T15:48:00Z,15:48:00
20240402_154800.WAV,54,55,Branta canadensis_Canada Goose,0.41261449456214905,2024-04-02T15:48:00Z,15:48:00
20240415_060400.WAV,0,3,Certhia americana_Brown Creeper,0.7394055128097534,2024-04-15T06:04:00Z,06:04:00
20240415_060400.WAV,3,6,Certhia americana_Brown Creeper,0.6516869068145752,2024-04-15T06:04:00Z,06:04:00
20240415_060400.WAV,9,12,Certhia americana_Brown Creeper,0.5478951334953308,2024-04-15T06:04:00Z,06:04:00
20240415_060400.WAV,12,15,Certhia americana_Brown Creeper,0.6139219999313354,2024-04-15T06:04:00Z,06:04:00
20240415_060400.WAV,30,33,Poecile atricapillus_Black-capped Chickadee,0.4150637686252594,2024-04-15T06:04:00Z,06:04:00
20240415_060400.WAV,33,36,Poecile atricapillus_Black-capped Chickadee,0.7731467485427856,2024-04-15T06:04:00Z,06:04:00
20240415_060400.WAV,39,42,Poecile atricapillus_Black-capped Chickadee,0.88140869140625,2024-04-15T06:04:00Z,06:04:00
20240415_060400.WAV,42,45,Certhia americana_Brown Creeper,0.4998514950275421,2024-04-15T06:04:00Z,06:04:00
20240415_060400.WAV,45,48,Poecile atricapillus_Black-capped Chickadee,0.6728668808937073,2024-04-15T06:04:00Z,06:04:00
20240415_060400.WAV,48,51,Poecile atricapillus_Black-capped Chickadee,0.503219723701477,2024-04-15T06:04:00Z,06:04:00
20240415_060400.WAV,51,54,Certhia americana_Brown Creeper,0.611353874206543,2024-04-15T06:04:00Z,06:04:00
20240415_164100.WAV,3,6,Certhia americana_Brown Creeper,0.4842320680618286,2024-04-15T16:41:00Z,16:41:00
20240412_062700.WAV,6,9,Colaptes auratus_Northern Flicker,0.7145895957946777,2024-04-12T06:27:00Z,06:27:00
20240412_062700.WAV,15,18,Poecile atricapillus_Black-capped Chickadee,0.5403602719306946,2024-04-12T06:27:00Z,06:27:00
20240412_062700.WAV,27,30,Poecile atricapillus_Black-capped Chickadee,0.673464834690094,2024-04-12T06:27:00Z,06:27:00
20240412_062700.WAV,48,51,Turdus migratorius_American Robin,0.46471351385116577,2024-04-12T06:27:00Z,06:27:00
20240411_164800.WAV,3,6,Certhia americana_Brown Creeper,0.8985109925270081,2024-04-11T16:48:00Z,16:48:00
20240411_164800.WAV,45,48,Certhia americana_Brown Creeper,0.41161611676216125,2024-04-11T16:48:00Z,16:48:00
20240411_164800.WAV,54,55,Certhia americana_Brown Creeper,0.6829843521118164,2024-04-11T16:48:00Z,16:48:00
20240409_070000.WAV,0,3,Aix sponsa_Wood Duck,0.6460567116737366,2024-04-09T07:00:00Z,07:00:00
20240409_070000.WAV,12,15,Aix sponsa_Wood Duck,0.6589520573616028,2024-04-09T07:00:00Z,07:00:00
20240409_070000.WAV,21,24,Poecile atricapillus_Black-capped Chickadee,0.5997214913368225,2024-04-09T07:00:00Z,07:00:00
20240409_070000.WAV,24,27,Poecile atricapillus_Black-capped Chickadee,0.5211760997772217,2024-04-09T07:00:00Z,07:00:00
20240409_070000.WAV,27,30,Poecile atricapillus_Black-capped Chickadee,0.8238516449928284,2024-04-09T07:00:00Z,07:00:00
20240409_070000.WAV,30,33,Aix sponsa_Wood Duck,0.9256607294082642,2024-04-09T07:00:00Z,07:00:00
20240409_070000.WAV,33,36,Poecile atricapillus_Black-capped Chickadee,0.6037647128105164,2024-04-09T07:00:00Z,07:00:00
20240409_070000.WAV,36,39,Aix sponsa_Wood Duck,0.5288753509521484,2024-04-09T07:00:00Z,07:00:00
20240409_070000.WAV,51,54,Aix sponsa_Wood Duck,0.4211158752441406,2024-04-09T07:00:00Z,07:00:00
20240405_190400.WAV,3,6,Turdus migratorius_American Robin,0.8683522939682007,2024-04-05T19:04:00Z,19:04:00
20240405_190400.WAV,6,9,Turdus migratorius_American Robin,0.6106098294258118,2024-04-05T19:04:00Z,19:04:00
20240405_190400.WAV,12,15,Turdus migratorius_American Robin,0.68379145860672,2024-04-05T19:04:00Z,19:04:00
20240405_190400.WAV,15,18,Turdus migratorius_American Robin,0.821749746799469,2024-04-05T19:04:00Z,19:04:00
20240405_190400.WAV,21,24,Turdus migratorius_American Robin,0.4988338649272918,2024-04-05T19:04:00Z,19:04:00
20240405_190400.WAV,24,27,Turdus migratorius_American Robin,0.5406298637390137,2024-04-05T19:04:00Z,19:04:00
20240405_190400.WAV,30,33,Turdus migratorius_American Robin,0.6799339652061462,2024-04-05T19:04:00Z,19:04:00
20240402_164900.WAV,21,24,Porzana porzana_Spotted Crake,0.4003832936286926,2024-04-02T16:49:00Z,16:49:00
20240402_164900.WAV,30,33,Porzana porzana_Spotted Crake,0.49625104665756226,2024-04-02T16:49:00Z,16:49:00
20240410_143800.WAV,3,6,Certhia americana_Brown Creeper,0.5069758296012878,2024-04-10T14:38:00Z,14:38:00
20240411_054900.WAV,18,21,Branta canadensis_Canada Goose,0.4567047357559204,2024-04-11T05:49:00Z,05:49:00
20240411_054900.WAV,24,27,Branta canadensis_Canada Goose,0.4375618100166321,2024-04-11T05:49:00Z,05:49:00
20240401_062600.WAV,0,3,Certhia americana_Brown Creeper,0.4704369604587555,2024-04-01T06:26:00Z,06:26:00
20240401_062600.WAV,6,9,Certhia americana_Brown Creeper,0.9743010997772216,2024-04-01T06:26:00Z,06:26:00
20240401_062600.WAV,12,15,Certhia americana_Brown Creeper,0.5293484330177307,2024-04-01T06:26:00Z,06:26:00
20240401_062600.WAV,15,18,Certhia americana_Brown Creeper,0.93573594093322765,2024-04-01T06:26:00Z,06:26:00
20240401_062600.WAV,24,27,Certhia americana_Brown Creeper,0.7545182108879089,2024-04-01T06:26:00Z,06:26:00
20240401_062600.WAV,27,30,Certhia americana_Brown Creeper,0.9389885067939758,2024-04-01T06:26:00Z,06:26:00
20240401_062600.WAV,33,36,Certhia americana_Brown Creeper,0.8218674659729004,2024-04-01T06:26:00Z,06:26:00
20240401_062600.WAV,36,39,Certhia americana_Brown Creeper,0.8979164958000183,2024-04-01T06:26:00Z,06:26:00
20240401_062600.WAV,42,45,Certhia americana_Brown Creeper,0.6990548372268677,2024-04-01T06:26:00Z,06:26:00
20240401_062600.WAV,45,48,Certhia americana_Brown Creeper,0.8478744029998779,2024-04-01T06:26:00Z,06:26:00
20240401_062600.WAV,48,51,Certhia americana_Brown Creeper,0.7590495944023132,2024-04-01T06:26:00Z,06:26:00
20240401_062600.WAV,51,54,Certhia americana_Brown Creeper,0.6055216789245605,2024-04-01T06:26:00Z,06:26:00
20240409_140100.WAV,6,9,Regulus satrapa_Golden-crowned Kinglet,0.8989863395690918,2024-04-09T14:01:00Z,14:01:00
20240402_064900.WAV,6,9,Turdus migratorius_American Robin,0.4097229838371277,2024-04-02T06:49:00Z,06:49:00
20240413_145700.WAV,0,3,Porzana porzana_Spotted Crake,0.4774895906448364,2024-04-13T14:57:00Z,14:57:00
20240401_162600.WAV,12,15,Aegolius acadicus_Northern Saw-whet Owl,0.6142295002937317,2024-04-01T16:26:00Z,16:26:00
20240401_162600.WAV,33,36,Aegolius acadicus_Northern Saw-whet Owl,0.9360336065292358,2024-04-01T16:26:00Z,16:26:00
20240406_064000.WAV,39,42,Turdus migratorius_American Robin,0.5136530995368958,2024-04-06T06:40:00Z,06:40:00
20240406_064000.WAV,48,51,Turdus migratorius_American Robin,0.8415642380714417,2024-04-06T06:40:00Z,06:40:00
20240411_154900.WAV,3,6,Certhia americana_Brown Creeper,0.90060955286026,2024-04-11T15:49:00Z,15:49:00
20240411_154900.WAV,12,15,Certhia americana_Brown Creeper,0.9134331345558168,2024-04-11T15:49:00Z,15:49:00
20240411_154900.WAV,21,24,Certhia americana_Brown Creeper,0.9723122119903564,2024-04-11T15:49:00Z,15:49:00
20240411_141100.WAV,0,3,Sayornis phoebe_Eastern Phoebe,0.883906900882721,2024-04-11T14:11:00Z,14:11:00
20240411_141100.WAV,3,6,Sayornis phoebe_Eastern Phoebe,0.6198052763938904,2024-04-11T14:11:00Z,14:11:00
20240411_141100.WAV,6,9,Sayornis phoebe_Eastern Phoebe,0.5808187127113342,2024-04-11T14:11:00Z,14:11:00
20240411_141100.WAV,18,21,Sayornis phoebe_Eastern Phoebe,0.6172909736633301,2024-04-11T14:11:00Z,14:11:00
20240411_141100.WAV,21,24,Sayornis phoebe_Eastern Phoebe,0.6802204847335815,2024-04-11T14:11:00Z,14:11:00
20240411_141100.WAV,24,27,Sayornis phoebe_Eastern Phoebe,0.6701411008834839,2024-04-11T14:11:00Z,14:11:00
20240411_141100.WAV,30,33,Sayornis phoebe_Eastern Phoebe,0.6418033242225647,2024-04-11T14:11:00Z,14:11:00
20240411_141100.WAV,33,36,Sayornis phoebe_Eastern Phoebe,0.49624136090278625,2024-04-11T14:11:00Z,14:11:00
20240411_141100.WAV,39,42,Sayornis phoebe_Eastern Phoebe,0.739852786064148,2024-04-11T14:11:00Z,14:11:00
20240411_141100.WAV,45,48,Sayornis phoebe_Eastern Phoebe,0.6277976036071777,2024-04-11T14:11:00Z,14:11:00
20240411_141100.WAV,48,51,Sayornis phoebe_Eastern Phoebe,0.8211055994033813,2024-04-11T14:11:00Z,14:11:00
20240411_141100.WAV,54,55,Sayornis phoebe_Eastern Phoebe,0.6485527753829956,2024-04-11T14:11:00Z,14:11:00
20240402_071100.WAV,30,33,Turdus migratorius_American Robin,0.45318639278411865,2024-04-02T07:11:00Z,07:11:00
20240410_152500.WAV,12,15,Regulus satrapa_Golden-crowned Kinglet,0.5259277820587158,2024-04-10T15:25:00Z,15:25:00
20240410_152500.WAV,48,51,Regulus satrapa_Golden-crowned Kinglet,0.9664417505264282,2024-04-10T15:25:00Z,15:25:00
20240403_062500.WAV,9,12,Turdus migratorius_American Robin,0.5486878752708435,2024-04-03T06:25:00Z,06:25:00
20240403_062500.WAV,18,21,Turdus migratorius_American Robin,0.4356768727302551,2024-04-03T06:25:00Z,06:25:00
20240403_062500.WAV,39,42,Aix sponsa_Wood Duck,0.4779072701931,2024-04-03T06:25:00Z,06:25:00
20240414_194300.WAV,9,12,Branta canadensis_Canada Goose,0.8869263529777527,2024-04-14T19:43:00Z,19:43:00
20240414_194300.WAV,12,15,Branta canadensis_Canada Goose,0.8037580847740173,2024-04-14T19:43:00Z,19:43:00
20240414_194300.WAV,15,18,Branta canadensis_Canada Goose,0.9668146371841432,2024-04-14T19:43:00Z,19:43:00
20240414_194300.WAV,24,27,Branta canadensis_Canada Goose,0.7287147045135498,2024-04-14T19:43:00Z,19:43:00
20240414_194300.WAV,42,45,Branta canadensis_Canada Goose,0.7247143983840942,2024-04-14T19:43:00Z,19:43:00
20240414_194300.WAV,45,48,Branta canadensis_Canada Goose,0.6020609736442566,2024-04-14T19:43:00Z,19:43:00
20240414_194300.WAV,48,51,Branta canadensis_Canada Goose,0.8956530094146729,2024-04-14T19:43:00Z,19:43:00
20240414_194300.WAV,51,54,Branta canadensis_Canada Goose,0.7975136041641235,2024-04-14T19:43:00Z,19:43:00
20240409_193600.WAV,18,21,Sayornis phoebe_Eastern Phoebe,0.5773636102676392,2024-04-09T19:36:00Z,19:36:00
20240409_193600.WAV,21,24,Sayornis phoebe_Eastern Phoebe,0.78261399269104,2024-04-09T19:36:00Z,19:36:00
20240331_064000.WAV,3,6,Turdus migratorius_American Robin,0.43431147933006287,2024-03-31T06:40:00Z,06:40:00
20240331_064000.WAV,24,27,Turdus migratorius_American Robin,0.538993239402771,2024-03-31T06:40:00Z,06:40:00
20240331_064000.WAV,27,30,Turdus migratorius_American Robin,0.6935486197471619,2024-03-31T06:40:00Z,06:40:00
20240331_064000.WAV,45,48,Turdus migratorius_American Robin,0.40953657031059265,2024-03-31T06:40:00Z,06:40:00
20240331_064000.WAV,51,54,Turdus migratorius_American Robin,0.5139210820198059,2024-03-31T06:40:00Z,06:40:00
20240414_190600.WAV,42,45,Turdus migratorius_American Robin,0.42749717831611633,2024-04-14T19:06:00Z,19:06:00
20240413_192500.WAV,48,51,Botaurus lentiginosus_American Bittern,0.8428285717964172,2024-04-13T19:25:00Z,19:25:00
20240409_065800.WAV,3,6,Regulus satrapa_Golden-crowned Kinglet,0.4427713453769684,2024-04-09T06:58:00Z,06:58:00
20240409_065800.WAV,6,9,Turdus migratorius_American Robin,0.4030276238918304,2024-04-09T06:58:00Z,06:58:00
20240409_065800.WAV,9,12,Regulus satrapa_Golden-crowned Kinglet,0.5073357224464417,2024-04-09T06:58:00Z,06:58:00
20240409_065800.WAV,15,18,Regulus satrapa_Golden-crowned Kinglet,0.5624679327011108,2024-04-09T06:58:00Z,06:58:00
20240409_065800.WAV,21,24,Regulus satrapa_Golden-crowned Kinglet,0.6381750702857971,2024-04-09T06:58:00Z,06:58:00
20240409_065800.WAV,27,30,Regulus satrapa_Golden-crowned Kinglet,0.5673184394836426,2024-04-09T06:58:00Z,06:58:00
20240409_065800.WAV,30,33,Poecile atricapillus_Black-capped Chickadee,0.5635648965835571,2024-04-09T06:58:00Z,06:58:00
20240409_065800.WAV,33,36,Aix sponsa_Wood Duck,0.6008182764053345,2024-04-09T06:58:00Z,06:58:00
20240409_065800.WAV,36,39,Regulus satrapa_Golden-crowned Kinglet,0.4917690455913544,2024-04-09T06:58:00Z,06:58:00
20240409_065800.WAV,48,51,Aix sponsa_Wood Duck,0.4434445202350617,2024-04-09T06:58:00Z,06:58:00
20240405_143300.WAV,6,9,Turdus migratorius_American Robin,0.4404973089694977,2024-04-05T14:33:00Z,14:33:00
20240405_143300.WAV,21,24,Turdus migratorius_American Robin,0.5396560430526733,2024-04-05T14:33:00Z,14:33:00
20240405_143300.WAV,30,33,Turdus migratorius_American Robin,0.43219801783561707,2024-04-05T14:33:00Z,14:33:00
20240405_143300.WAV,33,36,Turdus migratorius_American Robin,0.8333990573883057,2024-04-05T14:33:00Z,14:33:00
20240405_143300.WAV,36,39,Turdus migratorius_American Robin,0.6429292559623718,2024-04-05T14:33:00Z,14:33:00
20240405_143300.WAV,39,42,Turdus migratorius_American Robin,0.5337053537368774,2024-04-05T14:33:00Z,14:33:00
20240405_143300.WAV,45,48,Turdus migratorius_American Robin,0.43553581833839417,2024-04-05T14:33:00Z,14:33:00
20240405_143300.WAV,48,51,Turdus migratorius_American Robin,0.48795804381370544,2024-04-05T14:33:00Z,14:33:00
20240405_143300.WAV,51,54,Turdus migratorius_American Robin,0.5102460384368896,2024-04-05T14:33:00Z,14:33:00
20240410_062400.WAV,15,18,Sayornis phoebe_Eastern Phoebe,0.913549780845642,2024-04-10T06:24:00Z,06:24:00
20240410_062400.WAV,21,24,Sayornis phoebe_Eastern Phoebe,0.4344739317893982,2024-04-10T06:24:00Z,06:24:00
20240410_062400.WAV,24,27,Sayornis phoebe_Eastern Phoebe,0.9872822761535645,2024-04-10T06:24:00Z,06:24:00
20240410_062400.WAV,33,36,Sayornis phoebe_Eastern Phoebe,0.973930299282074,2024-04-10T06:24:00Z,06:24:00
20240410_062400.WAV,36,39,Sayornis phoebe_Eastern Phoebe,0.9879008531570436,2024-04-10T06:24:00Z,06:24:00
20240411_071000.WAV,27,30,Turdus migratorius_American Robin,0.5244907140731812,2024-04-11T07:10:00Z,07:10:00
20240410_162400.WAV,42,45,Poecile gambeli_Mountain Chickadee,0.5905811786651611,2024-04-10T16:24:00Z,16:24:00
20240404_150700.WAV,30,33,Porzana porzana_Spotted Crake,0.41832059621810913,2024-04-04T15:07:00Z,15:07:00
20240402_141000.WAV,21,24,Porzana porzana_Spotted Crake,0.5146822929382324,2024-04-02T14:10:00Z,14:10:00
20240412_150200.WAV,48,51,Aix sponsa_Wood Duck,0.8875960111618042,2024-04-12T15:02:00Z,15:02:00
20240412_150200.WAV,51,54,Aix sponsa_Wood Duck,0.7326756119728088,2024-04-12T15:02:00Z,15:02:00
20240412_150200.WAV,54,55,Aix sponsa_Wood Duck,0.6656445264816284,2024-04-12T15:02:00Z,15:02:00
20240401_064700.WAV,0,3,Sitta carolinensis_White-breasted Nuthatch,0.7679498195648193,2024-04-01T06:47:00Z,06:47:00
20240401_064700.WAV,6,9,Sitta carolinensis_White-breasted Nuthatch,0.5204349756240845,2024-04-01T06:47:00Z,06:47:00
20240401_064700.WAV,15,18,Certhia americana_Brown Creeper,0.6881113648414612,2024-04-01T06:47:00Z,06:47:00
20240401_064700.WAV,24,27,Certhia americana_Brown Creeper,0.568179726600647,2024-04-01T06:47:00Z,06:47:00
20240401_064700.WAV,27,30,Certhia americana_Brown Creeper,0.8236716389656067,2024-04-01T06:47:00Z,06:47:00
20240412_154700.WAV,18,21,Regulus regulus_Goldcrest,0.6903281211853027,2024-04-12T15:47:00Z,15:47:00
20240401_164700.WAV,3,6,Porzana porzana_Spotted Crake,0.40769949555397034,2024-04-01T16:47:00Z,16:47:00
20240401_164700.WAV,12,15,Aegolius acadicus_Northern Saw-whet Owl,0.40663695335388184,2024-04-01T16:47:00Z,16:47:00
20240413_143600.WAV,24,27,Poecile gambeli_Mountain Chickadee,0.4119202792644501,2024-04-13T14:36:00Z,14:36:00
20240413_143600.WAV,27,30,Poecile gambeli_Mountain Chickadee,0.5622925162315369,2024-04-13T14:36:00Z,14:36:00
20240413_143600.WAV,45,48,Poecile gambeli_Mountain Chickadee,0.4496051073074341,2024-04-13T14:36:00Z,14:36:00
20240406_062100.WAV,12,15,Certhia americana_Brown Creeper,0.8774107098579407,2024-04-06T06:21:00Z,06:21:00
20240406_062100.WAV,18,21,Certhia americana_Brown Creeper,0.875304102897644,2024-04-06T06:21:00Z,06:21:00
20240406_062100.WAV,30,33,Certhia americana_Brown Creeper,0.7253654599189758,2024-04-06T06:21:00Z,06:21:00
20240406_062100.WAV,33,36,Certhia americana_Brown Creeper,0.7874029874801636,2024-04-06T06:21:00Z,06:21:00
20240406_062100.WAV,39,42,Certhia americana_Brown Creeper,0.5280888676643372,2024-04-06T06:21:00Z,06:21:00
20240412_054700.WAV,30,33,Turdus migratorius_American Robin,0.41471821069717407,2024-04-12T05:47:00Z,05:47:00
20240402_062800.WAV,6,9,Turdus migratorius_American Robin,0.4042038321495056,2024-04-02T06:28:00Z,06:28:00
20240402_062800.WAV,18,21,Certhia americana_Brown Creeper,0.5205046534538269,2024-04-02T06:28:00Z,06:28:00
20240402_062800.WAV,51,54,Certhia americana_Brown Creeper,0.524499773979187,2024-04-02T06:28:00Z,06:28:00
20240401_192900.WAV,0,3,Turdus migratorius_American Robin,0.8195182085037231,2024-04-01T19:29:00Z,19:29:00
20240401_192900.WAV,3,6,Turdus migratorius_American Robin,0.7152518630027771,2024-04-01T19:29:00Z,19:29:00
20240401_192900.WAV,9,12,Turdus migratorius_American Robin,0.5564411878585815,2024-04-01T19:29:00Z,19:29:00
20240401_192900.WAV,12,15,Turdus migratorius_American Robin,0.7925350666046143,2024-04-01T19:29:00Z,19:29:00
20240401_192900.WAV,15,18,Turdus migratorius_American Robin,0.8888867497444153,2024-04-01T19:29:00Z,19:29:00
20240401_192900.WAV,18,21,Turdus migratorius_American Robin,0.9351348876953124,2024-04-01T19:29:00Z,19:29:00
20240401_192900.WAV,21,24,Turdus migratorius_American Robin,0.603997528553009,2024-04-01T19:29:00Z,19:29:00
20240401_192900.WAV,24,27,Turdus migratorius_American Robin,0.7397403717041016,2024-04-01T19:29:00Z,19:29:00
20240401_192900.WAV,30,33,Turdus migratorius_American Robin,0.785240650177002,2024-04-01T19:29:00Z,19:29:00
20240401_192900.WAV,33,36,Turdus migratorius_American Robin,0.7242404222488403,2024-04-01T19:29:00Z,19:29:00
20240401_192900.WAV,36,39,Turdus migratorius_American Robin,0.8157609701156616,2024-04-01T19:29:00Z,19:29:00
20240401_192900.WAV,39,42,Turdus migratorius_American Robin,0.6073234677314758,2024-04-01T19:29:00Z,19:29:00
20240401_192900.WAV,42,45,Turdus migratorius_American Robin,0.5732156038284302,2024-04-01T19:29:00Z,19:29:00
20240401_192900.WAV,51,54,Turdus migratorius_American Robin,0.6252177357673645,2024-04-01T19:29:00Z,19:29:00
20240402_190300.WAV,24,27,Aegolius acadicus_Northern Saw-whet Owl,0.4185658097267151,2024-04-02T19:03:00Z,19:03:00
20240408_065500.WAV,18,21,Nucifraga caryocatactes_Eurasian Nutcracker,0.40853390097618103,2024-04-08T06:55:00Z,06:55:00
20240411_062900.WAV,0,3,Certhia americana_Brown Creeper,0.5904988646507263,2024-04-11T06:29:00Z,06:29:00
20240411_062900.WAV,21,24,Certhia americana_Brown Creeper,0.6922497153282166,2024-04-11T06:29:00Z,06:29:00
20240411_062900.WAV,24,27,Certhia americana_Brown Creeper,0.47981420159339905,2024-04-11T06:29:00Z,06:29:00
20240411_062900.WAV,27,30,Certhia americana_Brown Creeper,0.7984715700149536,2024-04-11T06:29:00Z,06:29:00
20240411_062900.WAV,33,36,Certhia americana_Brown Creeper,0.46644851565361023,2024-04-11T06:29:00Z,06:29:00
20240411_062900.WAV,39,42,Certhia americana_Brown Creeper,0.9831913113594056,2024-04-11T06:29:00Z,06:29:00
20240411_062900.WAV,42,45,Certhia americana_Brown Creeper,0.5627306699752808,2024-04-11T06:29:00Z,06:29:00
20240411_062900.WAV,45,48,Certhia americana_Brown Creeper,0.4981153905391693,2024-04-11T06:29:00Z,06:29:00
20240411_062900.WAV,51,54,Turdus migratorius_American Robin,0.429157018661499,2024-04-11T06:29:00Z,06:29:00
20240330_192300.WAV,3,6,Turdus migratorius_American Robin,0.7339507341384888,2024-03-30T19:23:00Z,19:23:00
20240330_192300.WAV,6,9,Turdus migratorius_American Robin,0.4615744948387146,2024-03-30T19:23:00Z,19:23:00
20240330_192300.WAV,18,21,Turdus migratorius_American Robin,0.930396556854248,2024-03-30T19:23:00Z,19:23:00
20240330_192300.WAV,21,24,Turdus migratorius_American Robin,0.6563483476638794,2024-03-30T19:23:00Z,19:23:00
20240330_192300.WAV,36,39,Turdus migratorius_American Robin,0.7246836423873901,2024-03-30T19:23:00Z,19:23:00
20240330_192300.WAV,42,45,Turdus migratorius_American Robin,0.5003130435943604,2024-03-30T19:23:00Z,19:23:00
20240330_192300.WAV,45,48,Turdus migratorius_American Robin,0.5369727611541748,2024-03-30T19:23:00Z,19:23:00
20240330_192300.WAV,51,54,Turdus migratorius_American Robin,0.4816267192363739,2024-03-30T19:23:00Z,19:23:00
20240408_061000.WAV,0,3,Corvus brachyrhynchos_American Crow,0.6277614235877991,2024-04-08T06:10:00Z,06:10:00
20240408_061000.WAV,0,3,Turdus migratorius_American Robin,0.6462261080741882,2024-04-08T06:10:00Z,06:10:00
20240408_061000.WAV,3,6,Corvus brachyrhynchos_American Crow,0.44613349437713623,2024-04-08T06:10:00Z,06:10:00
20240408_061000.WAV,3,6,Poecile atricapillus_Black-capped Chickadee,0.45981523394584656,2024-04-08T06:10:00Z,06:10:00
20240408_061000.WAV,24,27,Turdus migratorius_American Robin,0.5795804262161255,2024-04-08T06:10:00Z,06:10:00
20240408_061000.WAV,33,36,Turdus migratorius_American Robin,0.4039616584777832,2024-04-08T06:10:00Z,06:10:00
20240408_061000.WAV,39,42,Certhia americana_Brown Creeper,0.8116044402122498,2024-04-08T06:10:00Z,06:10:00
20240402_152900.WAV,6,9,Porzana porzana_Spotted Crake,0.446643739938736,2024-04-02T15:29:00Z,15:29:00
20240415_062000.WAV,9,12,Colaptes auratus_Northern Flicker,0.8409380912780762,2024-04-15T06:20:00Z,06:20:00
20240415_062000.WAV,36,39,Certhia americana_Brown Creeper,0.4717999994754791,2024-04-15T06:20:00Z,06:20:00
20240415_062000.WAV,42,45,Colaptes auratus_Northern Flicker,0.4541645348072052,2024-04-15T06:20:00Z,06:20:00
20240415_062000.WAV,51,54,Botaurus lentiginosus_American Bittern,0.4034636616706848,2024-04-15T06:20:00Z,06:20:00
20240411_162900.WAV,0,3,Poecile atricapillus_Black-capped Chickadee,0.6872754693031311,2024-04-11T16:29:00Z,16:29:00
20240411_162900.WAV,6,9,Poecile atricapillus_Black-capped Chickadee,0.6201430559158325,2024-04-11T16:29:00Z,16:29:00
20240411_162900.WAV,9,12,Poecile atricapillus_Black-capped Chickadee,0.732303261756897,2024-04-11T16:29:00Z,16:29:00
20240411_162900.WAV,18,21,Poecile atricapillus_Black-capped Chickadee,0.536457896232605,2024-04-11T16:29:00Z,16:29:00
20240411_162900.WAV,21,24,Poecile atricapillus_Black-capped Chickadee,0.596238911151886,2024-04-11T16:29:00Z,16:29:00
20240411_162900.WAV,24,27,Poecile atricapillus_Black-capped Chickadee,0.5465802550315857,2024-04-11T16:29:00Z,16:29:00
20240411_162900.WAV,27,30,Poecile atricapillus_Black-capped Chickadee,0.6771808862686157,2024-04-11T16:29:00Z,16:29:00
20240411_162900.WAV,36,39,Poecile atricapillus_Black-capped Chickadee,0.6735384464263916,2024-04-11T16:29:00Z,16:29:00
20240411_162900.WAV,39,42,Poecile atricapillus_Black-capped Chickadee,0.6944593191146851,2024-04-11T16:29:00Z,16:29:00
20240411_162900.WAV,45,48,Poecile atricapillus_Black-capped Chickadee,0.6878076195716858,2024-04-11T16:29:00Z,16:29:00
20240411_162900.WAV,48,51,Poecile atricapillus_Black-capped Chickadee,0.6002745032310486,2024-04-11T16:29:00Z,16:29:00
20240411_162900.WAV,51,54,Poecile atricapillus_Black-capped Chickadee,0.6284729242324829,2024-04-11T16:29:00Z,16:29:00
20240401_154600.WAV,3,6,Aegolius acadicus_Northern Saw-whet Owl,0.4580911993980408,2024-04-01T15:46:00Z,15:46:00
20240412_060300.WAV,18,21,Certhia americana_Brown Creeper,0.6315996050834656,2024-04-12T06:03:00Z,06:03:00
20240411_190200.WAV,24,27,Certhia americana_Brown Creeper,0.5911240577697754,2024-04-11T19:02:00Z,19:02:00
20240411_190200.WAV,30,33,Certhia americana_Brown Creeper,0.967818021774292,2024-04-11T19:02:00Z,19:02:00
20240411_190200.WAV,45,48,Certhia americana_Brown Creeper,0.723859965801239,2024-04-11T19:02:00Z,19:02:00
20240411_194700.WAV,12,15,Certhia americana_Brown Creeper,0.7567923665046692,2024-04-11T19:47:00Z,19:47:00
20240411_194700.WAV,24,27,Certhia americana_Brown Creeper,0.4698216915130615,2024-04-11T19:47:00Z,19:47:00
20240411_194700.WAV,36,39,Regulus regulus_Goldcrest,0.7404892444610596,2024-04-11T19:47:00Z,19:47:00
20240411_194700.WAV,45,48,Certhia americana_Brown Creeper,0.861219584941864,2024-04-11T19:47:00Z,19:47:00
20240411_194700.WAV,51,54,Certhia americana_Brown Creeper,0.5929608345031738,2024-04-11T19:47:00Z,19:47:00
20240405_141700.WAV,18,21,Porzana porzana_Spotted Crake,0.7408946752548218,2024-04-05T14:17:00Z,14:17:00
20240405_141700.WAV,33,36,Porzana porzana_Spotted Crake,0.6486796736717224,2024-04-05T14:17:00Z,14:17:00
20240407_150900.WAV,33,36,Regulus regulus_Goldcrest,0.8672884106636047,2024-04-07T15:09:00Z,15:09:00
20240414_060900.WAV,3,6,Certhia americana_Brown Creeper,0.6766454577445984,2024-04-14T06:09:00Z,06:09:00
20240414_060900.WAV,6,9,Certhia americana_Brown Creeper,0.77948760986328125,2024-04-14T06:09:00Z,06:09:00
20240414_060900.WAV,9,12,Certhia americana_Brown Creeper,0.5953700542449951,2024-04-14T06:09:00Z,06:09:00
20240414_060900.WAV,12,15,Certhia americana_Brown Creeper,0.926928460597992,2024-04-14T06:09:00Z,06:09:00
20240414_060900.WAV,18,21,Certhia americana_Brown Creeper,0.4628492593765259,2024-04-14T06:09:00Z,06:09:00
20240414_060900.WAV,21,24,Certhia americana_Brown Creeper,0.5291388630867004,2024-04-14T06:09:00Z,06:09:00
20240410_064500.WAV,0,3,Certhia americana_Brown Creeper,0.6738941669464111,2024-04-10T06:45:00Z,06:45:00
20240410_064500.WAV,12,15,Certhia americana_Brown Creeper,0.7349562644958496,2024-04-10T06:45:00Z,06:45:00
20240410_064500.WAV,24,27,Certhia americana_Brown Creeper,0.98637056350708,2024-04-10T06:45:00Z,06:45:00
20240410_064500.WAV,36,39,Certhia americana_Brown Creeper,0.9221949577331544,2024-04-10T06:45:00Z,06:45:00
20240410_064500.WAV,39,42,Certhia americana_Brown Creeper,0.9769856929779052,2024-04-10T06:45:00Z,06:45:00
20240410_064500.WAV,45,48,Certhia americana_Brown Creeper,0.6912887692451477,2024-04-10T06:45:00Z,06:45:00
20240410_064500.WAV,45,48,Regulus satrapa_Golden-crowned Kinglet,0.4222254455089569,2024-04-10T06:45:00Z,06:45:00
20240410_064500.WAV,48,51,Certhia americana_Brown Creeper,0.8821236491203308,2024-04-10T06:45:00Z,06:45:00
20240410_160000.WAV,6,9,Poecile atricapillus_Black-capped Chickadee,0.4952058494091034,2024-04-10T16:00:00Z,16:00:00
20240410_164500.WAV,3,6,Sayornis phoebe_Eastern Phoebe,0.9508658647537231,2024-04-10T16:45:00Z,16:45:00
20240410_164500.WAV,6,9,Sayornis phoebe_Eastern Phoebe,0.8560308218002319,2024-04-10T16:45:00Z,16:45:00
20240410_164500.WAV,9,12,Sayornis phoebe_Eastern Phoebe,0.750399112701416,2024-04-10T16:45:00Z,16:45:00
20240410_164500.WAV,12,15,Sphyrapicus varius_Yellow-bellied Sapsucker,0.6953561305999756,2024-04-10T16:45:00Z,16:45:00
20240410_164500.WAV,15,18,Sphyrapicus varius_Yellow-bellied Sapsucker,0.4383317828178406,2024-04-10T16:45:00Z,16:45:00
20240410_164500.WAV,18,21,Sayornis phoebe_Eastern Phoebe,0.4669111669063568,2024-04-10T16:45:00Z,16:45:00
20240410_164500.WAV,27,30,Sayornis phoebe_Eastern Phoebe,0.7747220396995544,2024-04-10T16:45:00Z,16:45:00
20240410_164500.WAV,39,42,Poecile atricapillus_Black-capped Chickadee,0.6458732485771179,2024-04-10T16:45:00Z,16:45:00
20240410_164500.WAV,45,48,Poecile atricapillus_Black-capped Chickadee,0.563510537147522,2024-04-10T16:45:00Z,16:45:00
20240410_164500.WAV,48,51,Poecile atricapillus_Black-capped Chickadee,0.5032221674919128,2024-04-10T16:45:00Z,16:45:00
20240402_143400.WAV,3,6,Porzana porzana_Spotted Crake,0.5165068507194519,2024-04-02T14:34:00Z,14:34:00
20240409_195700.WAV,3,6,Turdus migratorius_American Robin,0.47566136717796326,2024-04-09T19:57:00Z,19:57:00
20240331_062100.WAV,0,3,Turdus migratorius_American Robin,0.5065037608146667,2024-03-31T06:21:00Z,06:21:00
20240331_062100.WAV,12,15,Turdus migratorius_American Robin,0.5724878311157227,2024-03-31T06:21:00Z,06:21:00
20240331_062100.WAV,15,18,Turdus migratorius_American Robin,0.445372462272644,2024-03-31T06:21:00Z,06:21:00
20240331_062100.WAV,18,21,Turdus migratorius_American Robin,0.43373098969459534,2024-03-31T06:21:00Z,06:21:00
20240331_062100.WAV,39,42,Turdus migratorius_American Robin,0.414970338344574,2024-03-31T06:21:00Z,06:21:00
20240414_192200.WAV,24,27,Turdus migratorius_American Robin,0.623776376247406,2024-04-14T19:22:00Z,19:22:00
20240414_192200.WAV,45,48,Turdus migratorius_American Robin,0.7340509295463562,2024-04-14T19:22:00Z,19:22:00
20240414_192200.WAV,48,51,Turdus migratorius_American Robin,0.4581226110458374,2024-04-14T19:22:00Z,19:22:00
20240331_162100.WAV,42,45,Regulus regulus_Goldcrest,0.5865862965583801,2024-03-31T16:21:00Z,16:21:00
20240331_162100.WAV,48,51,Regulus satrapa_Golden-crowned Kinglet,0.5828878879547119,2024-03-31T16:21:00Z,16:21:00
20240413_194400.WAV,9,12,Botaurus lentiginosus_American Bittern,0.7168552875518799,2024-04-13T19:44:00Z,19:44:00
20240413_194400.WAV,12,15,Botaurus lentiginosus_American Bittern,0.5043963193893433,2024-04-13T19:44:00Z,19:44:00
20240413_194400.WAV,36,39,Botaurus lentiginosus_American Bittern,0.6142131090164185,2024-04-13T19:44:00Z,19:44:00
20240411_143500.WAV,0,3,Certhia americana_Brown Creeper,0.4082154929637909,2024-04-11T14:35:00Z,14:35:00
20240411_143500.WAV,9,12,Certhia americana_Brown Creeper,0.6195825338363647,2024-04-11T14:35:00Z,14:35:00
20240411_143500.WAV,18,21,Certhia americana_Brown Creeper,0.5637420415878296,2024-04-11T14:35:00Z,14:35:00
20240411_143500.WAV,36,39,Certhia americana_Brown Creeper,0.45092734694480896,2024-04-11T14:35:00Z,14:35:00
20240411_143500.WAV,51,54,Certhia americana_Brown Creeper,0.916360318660736,2024-04-11T14:35:00Z,14:35:00
20240404_062200.WAV,12,15,Turdus migratorius_American Robin,0.7917014360427856,2024-04-04T06:22:00Z,06:22:00
20240404_062200.WAV,18,21,Turdus migratorius_American Robin,0.47199124097824097,2024-04-04T06:22:00Z,06:22:00
20240404_062200.WAV,42,45,Anas platyrhynchos_Mallard,0.47515785694122314,2024-04-04T06:22:00Z,06:22:00
20240403_160100.WAV,9,12,Porzana porzana_Spotted Crake,0.40416622161865234,2024-04-03T16:01:00Z,16:01:00
20240407_060800.WAV,0,3,Turdus migratorius_American Robin,0.4891507029533386,2024-04-07T06:08:00Z,06:08:00
20240407_060800.WAV,27,30,Turdus migratorius_American Robin,0.7372249364852905,2024-04-07T06:08:00Z,06:08:00
20240410_150100.WAV,6,9,Certhia americana_Brown Creeper,0.676975429058075,2024-04-10T15:01:00Z,15:01:00
20240410_150100.WAV,21,24,Certhia americana_Brown Creeper,0.6231822967529297,2024-04-10T15:01:00Z,15:01:00
20240410_150100.WAV,39,42,Certhia americana_Brown Creeper,0.8715784549713135,2024-04-10T15:01:00Z,15:01:00
20240403_064400.WAV,3,6,Certhia americana_Brown Creeper,0.577394425868988,2024-04-03T06:44:00Z,06:44:00
20240403_064400.WAV,39,42,Poecile gambeli_Mountain Chickadee,0.4473210573196411,2024-04-03T06:44:00Z,06:44:00
20240409_153800.WAV,0,3,Poecile gambeli_Mountain Chickadee,0.5251684188842773,2024-04-09T15:38:00Z,15:38:00
20240414_150800.WAV,36,39,Bombycilla cedrorum_Cedar Waxwing,0.5007923245429993,2024-04-14T15:08:00Z,15:08:00
20240414_150800.WAV,39,42,Certhia americana_Brown Creeper,0.5115681290626526,2024-04-14T15:08:00Z,15:08:00
20240404_190900.WAV,3,6,Porzana porzana_Spotted Crake,0.8252751231193542,2024-04-04T19:09:00Z,19:09:00
20240331_152000.WAV,27,30,Corvus brachyrhynchos_American Crow,0.4388869106769562,2024-03-31T15:20:00Z,15:20:00
20240405_155601.WAV,42,45,Aegolius acadicus_Northern Saw-whet Owl,0.5195379257202148,2024-04-05T15:56:01Z,15:56:01
20240413_151600.WAV,12,15,Corvus brachyrhynchos_American Crow,0.61652374267578125,2024-04-13T15:16:00Z,15:16:00
20240407_163500.WAV,9,12,Poecile atricapillus_Black-capped Chickadee,0.4386533200740814,2024-04-07T16:35:00Z,16:35:00
20240407_163500.WAV,21,24,Poecile atricapillus_Black-capped Chickadee,0.4109098613262177,2024-04-07T16:35:00Z,16:35:00
20240407_163500.WAV,39,42,Poecile gambeli_Mountain Chickadee,0.4473675787448883,2024-04-07T16:35:00Z,16:35:00
20240407_163500.WAV,42,45,Poecile atricapillus_Black-capped Chickadee,0.702229380607605,2024-04-07T16:35:00Z,16:35:00
20240407_163500.WAV,45,48,Poecile atricapillus_Black-capped Chickadee,0.8363671898841858,2024-04-07T16:35:00Z,16:35:00
20240407_163500.WAV,48,51,Poecile atricapillus_Black-capped Chickadee,0.6686156392097473,2024-04-07T16:35:00Z,16:35:00
20240407_063500.WAV,15,18,Certhia americana_Brown Creeper,0.8019307851791382,2024-04-07T06:35:00Z,06:35:00
20240407_063500.WAV,24,27,Certhia americana_Brown Creeper,0.7258809208869934,2024-04-07T06:35:00Z,06:35:00
20240407_063500.WAV,27,30,Certhia americana_Brown Creeper,0.736221969127655,2024-04-07T06:35:00Z,06:35:00
20240407_063500.WAV,39,42,Certhia americana_Brown Creeper,0.7222504615783691,2024-04-07T06:35:00Z,06:35:00
20240407_063500.WAV,48,51,Certhia americana_Brown Creeper,0.8286997079849243,2024-04-07T06:35:00Z,06:35:00
20240412_142200.WAV,27,30,Sitta carolinensis_White-breasted Nuthatch,0.5109677314758301,2024-04-12T14:22:00Z,14:22:00
20240414_063400.WAV,9,12,Tetrastes bonasia_Hazel Grouse,0.5660214424133301,2024-04-14T06:34:00Z,06:34:00
20240409_060400.WAV,12,15,Nucifraga caryocatactes_Eurasian Nutcracker,0.5217741131782532,2024-04-09T06:04:00Z,06:04:00
20240409_060400.WAV,21,24,Poecile atricapillus_Black-capped Chickadee,0.5287889838218689,2024-04-09T06:04:00Z,06:04:00
20240406_144500.WAV,27,30,Poecile gambeli_Mountain Chickadee,0.4568982422351837,2024-04-06T14:45:00Z,14:45:00
20240406_144500.WAV,30,33,Poecile atricapillus_Black-capped Chickadee,0.4312361776828766,2024-04-06T14:45:00Z,14:45:00
20240406_144500.WAV,33,36,Poecile atricapillus_Black-capped Chickadee,0.7790110111236572,2024-04-06T14:45:00Z,14:45:00
20240406_144500.WAV,36,39,Poecile atricapillus_Black-capped Chickadee,0.47507864236831665,2024-04-06T14:45:00Z,14:45:00
20240406_144500.WAV,45,48,Poecile atricapillus_Black-capped Chickadee,0.482873022556305,2024-04-06T14:45:00Z,14:45:00
20240406_144500.WAV,48,51,Poecile atricapillus_Black-capped Chickadee,0.6449502110481262,2024-04-06T14:45:00Z,14:45:00
20240331_065900.WAV,3,6,Nucifraga caryocatactes_Eurasian Nutcracker,0.7525683045387268,2024-03-31T06:59:00Z,06:59:00
20240410_195300.WAV,30,33,Turdus migratorius_American Robin,0.4647475779056549,2024-04-10T19:53:00Z,19:53:00
20240410_195300.WAV,39,42,Turdus migratorius_American Robin,0.6805589199066162,2024-04-10T19:53:00Z,19:53:00
20240402_151400.WAV,45,48,Porzana porzana_Spotted Crake,0.46621373295784,2024-04-02T15:14:00Z,15:14:00
20240411_061400.WAV,51,54,Certhia americana_Brown Creeper,0.6202256679534912,2024-04-11T06:14:00Z,06:14:00
20240411_161400.WAV,30,33,Certhia americana_Brown Creeper,0.9585301280021667,2024-04-11T16:14:00Z,16:14:00
20240415_193600.WAV,27,30,Certhia americana_Brown Creeper,0.8865221738815308,2024-04-15T19:36:00Z,19:36:00
20240415_193600.WAV,39,42,Certhia americana_Brown Creeper,0.784464955329895,2024-04-15T19:36:00Z,19:36:00
20240331_070100.WAV,9,12,Turdus migratorius_American Robin,0.5136377811431885,2024-03-31T07:01:00Z,07:01:00
20240331_070100.WAV,12,15,Turdus migratorius_American Robin,0.7775262594223022,2024-03-31T07:01:00Z,07:01:00
20240331_070100.WAV,24,27,Turdus migratorius_American Robin,0.5636082887649536,2024-03-31T07:01:00Z,07:01:00
20240331_070100.WAV,27,30,Turdus migratorius_American Robin,0.6294940114021301,2024-03-31T07:01:00Z,07:01:00
20240331_070100.WAV,36,39,Regulus satrapa_Golden-crowned Kinglet,0.4442394971847534,2024-03-31T07:01:00Z,07:01:00
20240411_055000.WAV,42,45,Turdus migratorius_American Robin,0.5136123895645142,2024-04-11T05:50:00Z,05:50:00
20240402_161500.WAV,6,9,Corvus brachyrhynchos_American Crow,0.5171337723731995,2024-04-02T16:15:00Z,16:15:00
20240402_161500.WAV,42,45,Porzana porzana_Spotted Crake,0.46858349442481995,2024-04-02T16:15:00Z,16:15:00
20240402_061500.WAV,42,45,Turdus migratorius_American Robin,0.5971952676773071,2024-04-02T06:15:00Z,06:15:00
20240411_151500.WAV,3,6,Branta canadensis_Canada Goose,0.8552679419517517,2024-04-11T15:15:00Z,15:15:00
20240411_151500.WAV,6,9,Branta canadensis_Canada Goose,0.6458166837692261,2024-04-11T15:15:00Z,15:15:00
20240411_151500.WAV,9,12,Branta canadensis_Canada Goose,0.6907004117965698,2024-04-11T15:15:00Z,15:15:00
20240402_065000.WAV,0,3,Poecile atricapillus_Black-capped Chickadee,0.4724143147468567,2024-04-02T06:50:00Z,06:50:00
20240402_065000.WAV,33,36,Turdus migratorius_American Robin,0.40420934557914734,2024-04-02T06:50:00Z,06:50:00
20240402_065000.WAV,42,45,Poecile atricapillus_Black-capped Chickadee,0.5308648943901062,2024-04-02T06:50:00Z,06:50:00
20240405_163600.WAV,42,45,Turdus migratorius_American Robin,0.748099684715271,2024-04-05T16:36:00Z,16:36:00
20240405_163600.WAV,48,51,Turdus migratorius_American Robin,0.7134826183319092,2024-04-05T16:36:00Z,16:36:00
20240406_193700.WAV,33,36,Turdus migratorius_American Robin,0.43611249327659607,2024-04-06T19:37:00Z,19:37:00
20240406_193700.WAV,51,54,Turdus migratorius_American Robin,0.6566967964172363,2024-04-06T19:37:00Z,19:37:00
20240411_143100.WAV,9,12,Regulus regulus_Goldcrest,0.4407337009906769,2024-04-11T14:31:00Z,14:31:00
20240415_143800.WAV,27,30,Poecile gambeli_Mountain Chickadee,0.46195605397224426,2024-04-15T14:38:00Z,14:38:00
20240415_143800.WAV,39,42,Poecile atricapillus_Black-capped Chickadee,0.5432142615318298,2024-04-15T14:38:00Z,14:38:00
20240403_160500.WAV,15,18,Porzana porzana_Spotted Crake,0.4326452910900116,2024-04-03T16:05:00Z,16:05:00
20240408_140800.WAV,0,3,Certhia americana_Brown Creeper,0.7109866142272949,2024-04-08T14:08:00Z,14:08:00
20240408_140800.WAV,6,9,Certhia americana_Brown Creeper,0.8214423656463623,2024-04-08T14:08:00Z,14:08:00
20240408_140800.WAV,6,9,Regulus satrapa_Golden-crowned Kinglet,0.5339683294296265,2024-04-08T14:08:00Z,14:08:00
20240408_140800.WAV,15,18,Certhia americana_Brown Creeper,0.5103741884231567,2024-04-08T14:08:00Z,14:08:00
20240408_140800.WAV,15,18,Regulus satrapa_Golden-crowned Kinglet,0.7541900277137756,2024-04-08T14:08:00Z,14:08:00
20240405_071200.WAV,18,21,Poecile atricapillus_Black-capped Chickadee,0.44125106930732727,2024-04-05T07:12:00Z,07:12:00
20240405_071200.WAV,36,39,Poecile atricapillus_Black-capped Chickadee,0.46998023986816406,2024-04-05T07:12:00Z,07:12:00
20240405_071200.WAV,42,45,Certhia americana_Brown Creeper,0.65621417760849,2024-04-05T07:12:00Z,07:12:00
20240405_071200.WAV,42,45,Regulus regulus_Goldcrest,0.7017203569412231,2024-04-05T07:12:00Z,07:12:00
20240405_071200.WAV,48,51,Poecile gambeli_Mountain Chickadee,0.4657539129257202,2024-04-05T07:12:00Z,07:12:00
20240404_162600.WAV,30,33,Porzana porzana_Spotted Crake,0.4095562398433686,2024-04-04T16:26:00Z,16:26:00
20240403_064000.WAV,24,27,Certhia americana_Brown Creeper,0.6100867986679077,2024-04-03T06:40:00Z,06:40:00
20240407_064900.WAV,6,9,Dryobates pubescens_Downy Woodpecker,0.4005151093006134,2024-04-07T06:49:00Z,06:49:00
20240407_064900.WAV,27,30,Certhia americana_Brown Creeper,0.5971130728721619,2024-04-07T06:49:00Z,06:49:00
20240407_064900.WAV,36,39,Dryobates pubescens_Downy Woodpecker,0.468320369720459,2024-04-07T06:49:00Z,06:49:00
20240331_152400.WAV,0,3,Aegolius acadicus_Northern Saw-whet Owl,0.7141583561897278,2024-03-31T15:24:00Z,15:24:00
20240416_071300.WAV,42,45,Regulus regulus_Goldcrest,0.6260592341423035,2024-04-16T07:13:00Z,07:13:00
20240405_145600.WAV,36,39,Turdus migratorius_American Robin,0.5412476062774658,2024-04-05T14:56:00Z,14:56:00
20240410_064100.WAV,21,24,Certhia americana_Brown Creeper,0.44336146116256714,2024-04-10T06:41:00Z,06:41:00
20240410_064100.WAV,30,33,Certhia americana_Brown Creeper,0.9243296980857848,2024-04-10T06:41:00Z,06:41:00
20240410_064100.WAV,33,36,Certhia americana_Brown Creeper,0.5010369420051575,2024-04-10T06:41:00Z,06:41:00
20240410_064100.WAV,42,45,Certhia americana_Brown Creeper,0.7880783677101135,2024-04-10T06:41:00Z,06:41:00
20240410_064100.WAV,54,55,Certhia americana_Brown Creeper,0.6877586245536804,2024-04-10T06:41:00Z,06:41:00
20240406_143900.WAV,30,33,Porzana porzana_Spotted Crake,0.8165406584739685,2024-04-06T14:39:00Z,14:39:00
20240406_143900.WAV,51,54,Acanthiza reguloides_Buff-rumped Thornbill,0.4563427269458771,2024-04-06T14:39:00Z,14:39:00
20240410_160400.WAV,24,27,Regulus satrapa_Golden-crowned Kinglet,0.40046563744544983,2024-04-10T16:04:00Z,16:04:00
20240404_152700.WAV,33,36,Porzana porzana_Spotted Crake,0.5060828924179077,2024-04-04T15:27:00Z,15:27:00
20240410_164100.WAV,6,9,Sphyrapicus varius_Yellow-bellied Sapsucker,0.5363610982894897,2024-04-10T16:41:00Z,16:41:00
20240410_164100.WAV,12,15,Poecile atricapillus_Black-capped Chickadee,0.4802776277065277,2024-04-10T16:41:00Z,16:41:00
20240410_164100.WAV,24,27,Sphyrapicus varius_Yellow-bellied Sapsucker,0.5825174450874329,2024-04-10T16:41:00Z,16:41:00
20240407_054800.WAV,6,9,Anas platyrhynchos_Mallard,0.4957384765148163,2024-04-07T05:48:00Z,05:48:00
20240409_195300.WAV,12,15,Turdus migratorius_American Robin,0.4951184689998626,2024-04-09T19:53:00Z,19:53:00
20240409_195300.WAV,18,21,Certhia americana_Brown Creeper,0.5577115416526794,2024-04-09T19:53:00Z,19:53:00
20240409_195300.WAV,21,24,Turdus migratorius_American Robin,0.6672049164772034,2024-04-09T19:53:00Z,19:53:00
20240409_195300.WAV,33,36,Turdus migratorius_American Robin,0.5077070593833923,2024-04-09T19:53:00Z,19:53:00
20240409_195300.WAV,42,45,Turdus migratorius_American Robin,0.6523103713989258,2024-04-09T19:53:00Z,19:53:00
20240331_062500.WAV,0,3,Turdus migratorius_American Robin,0.5560697317123413,2024-03-31T06:25:00Z,06:25:00
20240331_062500.WAV,9,12,Turdus migratorius_American Robin,0.4363555312156677,2024-03-31T06:25:00Z,06:25:00
20240331_062500.WAV,15,18,Turdus migratorius_American Robin,0.5035107135772705,2024-03-31T06:25:00Z,06:25:00
20240331_062500.WAV,18,21,Turdus migratorius_American Robin,0.6678357720375061,2024-03-31T06:25:00Z,06:25:00
20240331_062500.WAV,39,42,Turdus migratorius_American Robin,0.42512422800064087,2024-03-31T06:25:00Z,06:25:00
20240331_062500.WAV,45,48,Turdus migratorius_American Robin,0.5720324516296387,2024-03-31T06:25:00Z,06:25:00
20240331_062500.WAV,51,54,Aix sponsa_Wood Duck,0.9991037249565125,2024-03-31T06:25:00Z,06:25:00
20240409_191600.WAV,12,15,Turdus migratorius_American Robin,0.42598918080329895,2024-04-09T19:16:00Z,19:16:00
20240414_192600.WAV,24,27,Turdus migratorius_American Robin,0.4235805869102478,2024-04-14T19:26:00Z,19:26:00
20240408_065100.WAV,27,30,Corvus brachyrhynchos_American Crow,0.4120313823223114,2024-04-08T06:51:00Z,06:51:00
20240408_065100.WAV,48,51,Regulus regulus_Goldcrest,0.7942746877670288,2024-04-08T06:51:00Z,06:51:00
20240330_192700.WAV,0,3,Turdus migratorius_American Robin,0.48136216402053833,2024-03-30T19:27:00Z,19:27:00
20240330_192700.WAV,9,12,Turdus migratorius_American Robin,0.4441833198070526,2024-03-30T19:27:00Z,19:27:00
20240330_192700.WAV,12,15,Turdus migratorius_American Robin,0.6268060207366943,2024-03-30T19:27:00Z,19:27:00
20240330_192700.WAV,15,18,Turdus migratorius_American Robin,0.5536103248596191,2024-03-30T19:27:00Z,19:27:00
20240330_192700.WAV,18,21,Turdus migratorius_American Robin,0.7001500725746155,2024-03-30T19:27:00Z,19:27:00
20240330_192700.WAV,33,36,Turdus migratorius_American Robin,0.5590534210205078,2024-03-30T19:27:00Z,19:27:00
20240330_192700.WAV,36,39,Turdus migratorius_American Robin,0.4605111181735992,2024-03-30T19:27:00Z,19:27:00
20240330_192700.WAV,39,42,Turdus migratorius_American Robin,0.9420432448387146,2024-03-30T19:27:00Z,19:27:00
20240330_192700.WAV,42,45,Turdus migratorius_American Robin,0.4440511763095856,2024-03-30T19:27:00Z,19:27:00
20240330_192700.WAV,45,48,Turdus migratorius_American Robin,0.7199231386184692,2024-03-30T19:27:00Z,19:27:00
20240330_192700.WAV,48,51,Turdus migratorius_American Robin,0.657922089099884,2024-03-30T19:27:00Z,19:27:00
20240330_192700.WAV,51,54,Turdus migratorius_American Robin,0.4589282870292664,2024-03-30T19:27:00Z,19:27:00
20240408_061400.WAV,9,12,Certhia americana_Brown Creeper,0.5848034024238586,2024-04-08T06:14:00Z,06:14:00
20240408_061400.WAV,18,21,Certhia americana_Brown Creeper,0.4901019632816314,2024-04-08T06:14:00Z,06:14:00
20240408_061400.WAV,21,24,Certhia americana_Brown Creeper,0.5603518486022949,2024-04-08T06:14:00Z,06:14:00
20240408_061400.WAV,30,33,Turdus migratorius_American Robin,0.45604774355888367,2024-04-08T06:14:00Z,06:14:00
20240408_061400.WAV,33,36,Certhia americana_Brown Creeper,0.6892973184585571,2024-04-08T06:14:00Z,06:14:00
20240408_061400.WAV,36,39,Turdus migratorius_American Robin,0.4208609163761139,2024-04-08T06:14:00Z,06:14:00
20240408_061400.WAV,45,48,Certhia americana_Brown Creeper,0.7446879148483276,2024-04-08T06:14:00Z,06:14:00
20240408_061400.WAV,51,54,Turdus migratorius_American Robin,0.46358850598335266,2024-04-08T06:14:00Z,06:14:00
20240415_062400.WAV,3,6,Colaptes auratus_Northern Flicker,0.6881159543991089,2024-04-15T06:24:00Z,06:24:00
20240415_062400.WAV,24,27,Regulus satrapa_Golden-crowned Kinglet,0.5586645603179932,2024-04-15T06:24:00Z,06:24:00
20240415_062400.WAV,24,27,Colaptes auratus_Northern Flicker,0.6611390709877014,2024-04-15T06:24:00Z,06:24:00
20240415_062400.WAV,42,45,Regulus satrapa_Golden-crowned Kinglet,0.4776492416858673,2024-04-15T06:24:00Z,06:24:00
20240414_071000.WAV,15,18,Turdus migratorius_American Robin,0.5363492965698242,2024-04-14T07:10:00Z,07:10:00
20240414_071000.WAV,18,21,Turdus migratorius_American Robin,0.6485782265663147,2024-04-14T07:10:00Z,07:10:00
20240407_145500.WAV,21,24,Regulus regulus_Goldcrest,0.45051851868629456,2024-04-07T14:55:00Z,14:55:00
20240407_145500.WAV,48,51,Certhia americana_Brown Creeper,0.657427966594696,2024-04-07T14:55:00Z,14:55:00
20240407_145500.WAV,48,51,Regulus regulus_Goldcrest,0.4765731990337372,2024-04-07T14:55:00Z,14:55:00
20240412_064200.WAV,12,15,Poecile atricapillus_Black-capped Chickadee,0.6380618214607239,2024-04-12T06:42:00Z,06:42:00
20240412_064200.WAV,21,24,Poecile atricapillus_Black-capped Chickadee,0.420526385307312,2024-04-12T06:42:00Z,06:42:00
20240412_064200.WAV,30,33,Poecile atricapillus_Black-capped Chickadee,0.6199689507484436,2024-04-12T06:42:00Z,06:42:00
20240412_064200.WAV,33,36,Poecile atricapillus_Black-capped Chickadee,0.4584285914897918,2024-04-12T06:42:00Z,06:42:00
20240412_064200.WAV,48,51,Poecile atricapillus_Black-capped Chickadee,0.4296320080757141,2024-04-12T06:42:00Z,06:42:00
20240411_194300.WAV,21,24,Certhia americana_Brown Creeper,0.5195345878601074,2024-04-11T19:43:00Z,19:43:00
20240411_194300.WAV,33,36,Certhia americana_Brown Creeper,0.8196919560432434,2024-04-11T19:43:00Z,19:43:00
20240411_194300.WAV,45,48,Certhia americana_Brown Creeper,0.8828690052032471,2024-04-11T19:43:00Z,19:43:00
20240407_071100.WAV,45,48,Regulus regulus_Goldcrest,0.4455175995826721,2024-04-07T07:11:00Z,07:11:00
20240410_141800.WAV,42,45,Certhia americana_Brown Creeper,0.43802353739738464,2024-04-10T14:18:00Z,14:18:00
20240410_141800.WAV,42,45,Regulus regulus_Goldcrest,0.5155658721923828,2024-04-10T14:18:00Z,14:18:00
20240408_055000.WAV,12,15,Turdus migratorius_American Robin,0.44240739941596985,2024-04-08T05:50:00Z,05:50:00
20240408_055000.WAV,21,24,Turdus migratorius_American Robin,0.4178280234336853,2024-04-08T05:50:00Z,05:50:00
20240408_055000.WAV,24,27,Turdus migratorius_American Robin,0.42433691024780273,2024-04-08T05:50:00Z,05:50:00
20240408_055000.WAV,36,39,Turdus migratorius_American Robin,0.8699151277542114,2024-04-08T05:50:00Z,05:50:00
20240412_150600.WAV,3,6,Aix sponsa_Wood Duck,0.6381810903549194,2024-04-12T15:06:00Z,15:06:00
20240412_150600.WAV,6,9,Aix sponsa_Wood Duck,0.7589366436004639,2024-04-12T15:06:00Z,15:06:00
20240412_150600.WAV,9,12,Certhia americana_Brown Creeper,0.5353929996490479,2024-04-12T15:06:00Z,15:06:00
20240412_150600.WAV,12,15,Aix sponsa_Wood Duck,0.8951603174209595,2024-04-12T15:06:00Z,15:06:00
20240412_150600.WAV,15,18,Aix sponsa_Wood Duck,0.9979912042617798,2024-04-12T15:06:00Z,15:06:00
20240412_150600.WAV,18,21,Aix sponsa_Wood Duck,0.7623502612113953,2024-04-12T15:06:00Z,15:06:00
20240412_150600.WAV,21,24,Aix sponsa_Wood Duck,0.926394522190094,2024-04-12T15:06:00Z,15:06:00
20240412_150600.WAV,30,33,Aix sponsa_Wood Duck,0.7660925984382629,2024-04-12T15:06:00Z,15:06:00
20240412_150600.WAV,42,45,Certhia americana_Brown Creeper,0.969953179359436,2024-04-12T15:06:00Z,15:06:00
20240412_150600.WAV,51,54,Certhia americana_Brown Creeper,0.8617746829986572,2024-04-12T15:06:00Z,15:06:00
20240401_064300.WAV,24,27,Certhia americana_Brown Creeper,0.9731641411781312,2024-04-01T06:43:00Z,06:43:00
20240401_064300.WAV,33,36,Certhia americana_Brown Creeper,0.8108136057853699,2024-04-01T06:43:00Z,06:43:00
20240401_064300.WAV,36,39,Certhia americana_Brown Creeper,0.6540011167526245,2024-04-01T06:43:00Z,06:43:00
20240401_064300.WAV,42,45,Certhia americana_Brown Creeper,0.922434151172638,2024-04-01T06:43:00Z,06:43:00
20240401_064300.WAV,45,48,Certhia americana_Brown Creeper,0.7582592368125916,2024-04-01T06:43:00Z,06:43:00
20240401_064300.WAV,51,54,Certhia americana_Brown Creeper,0.9890971183776855,2024-04-01T06:43:00Z,06:43:00
20240401_060600.WAV,0,3,Turdus migratorius_American Robin,0.40159872174263,2024-04-01T06:06:00Z,06:06:00
20240401_060600.WAV,3,6,Turdus migratorius_American Robin,0.4041766822338104,2024-04-01T06:06:00Z,06:06:00
20240401_060600.WAV,42,45,Turdus migratorius_American Robin,0.5352674126625061,2024-04-01T06:06:00Z,06:06:00
20240413_143200.WAV,39,42,Poecile gambeli_Mountain Chickadee,0.4626791477203369,2024-04-13T14:32:00Z,14:32:00
20240413_143200.WAV,48,51,Poecile gambeli_Mountain Chickadee,0.6645530462265015,2024-04-13T14:32:00Z,14:32:00
20240406_062500.WAV,51,54,Certhia americana_Brown Creeper,0.5273016691207886,2024-04-06T06:25:00Z,06:25:00
20240401_160600.WAV,36,39,Aegolius acadicus_Northern Saw-whet Owl,0.5347921848297119,2024-04-01T16:06:00Z,16:06:00
20240401_160600.WAV,39,42,Aegolius acadicus_Northern Saw-whet Owl,0.45276978611946106,2024-04-01T16:06:00Z,16:06:00
20240401_160600.WAV,45,48,Aegolius acadicus_Northern Saw-whet Owl,0.6365681886672974,2024-04-01T16:06:00Z,16:06:00
20240402_194200.WAV,9,12,Turdus migratorius_American Robin,0.5666351914405823,2024-04-02T19:42:00Z,19:42:00
20240411_055400.WAV,6,9,Certhia americana_Brown Creeper,0.4660201966762543,2024-04-11T05:54:00Z,05:54:00
20240411_055400.WAV,42,45,Certhia americana_Brown Creeper,0.5336067080497742,2024-04-11T05:54:00Z,05:54:00
20240402_161100.WAV,6,9,Porzana porzana_Spotted Crake,0.5552247166633606,2024-04-02T16:11:00Z,16:11:00
20240405_063200.WAV,39,42,Turdus migratorius_American Robin,0.6811928749084473,2024-04-05T06:32:00Z,06:32:00
20240406_161800.WAV,39,42,Porzana porzana_Spotted Crake,0.4523693025112152,2024-04-06T16:18:00Z,16:18:00
20240402_061100.WAV,21,24,Turdus migratorius_American Robin,0.5007867217063904,2024-04-02T06:11:00Z,06:11:00
20240402_061100.WAV,33,36,Turdus migratorius_American Robin,0.47077807784080505,2024-04-02T06:11:00Z,06:11:00
20240402_061100.WAV,48,51,Turdus migratorius_American Robin,0.4535108208656311,2024-04-02T06:11:00Z,06:11:00
20240411_151100.WAV,12,15,Certhia americana_Brown Creeper,0.6143041849136353,2024-04-11T15:11:00Z,15:11:00
20240411_151100.WAV,21,24,Certhia americana_Brown Creeper,0.6074948906898499,2024-04-11T15:11:00Z,15:11:00
20240406_061800.WAV,24,27,Turdus migratorius_American Robin,0.634301483631134,2024-04-06T06:18:00Z,06:18:00
20240415_061900.WAV,3,6,Colaptes auratus_Northern Flicker,0.5574724674224854,2024-04-15T06:19:00Z,06:19:00
20240415_061900.WAV,6,9,Colaptes auratus_Northern Flicker,0.7636080384254456,2024-04-15T06:19:00Z,06:19:00
20240415_061900.WAV,12,15,Botaurus lentiginosus_American Bittern,0.5496066212654114,2024-04-15T06:19:00Z,06:19:00
20240415_061900.WAV,48,51,Colaptes auratus_Northern Flicker,0.4394358992576599,2024-04-15T06:19:00Z,06:19:00
20240415_061900.WAV,51,54,Colaptes auratus_Northern Flicker,0.7498528361320496,2024-04-15T06:19:00Z,06:19:00
20240411_065500.WAV,0,3,Dryobates pubescens_Downy Woodpecker,0.910903811454773,2024-04-11T06:55:00Z,06:55:00
20240411_065500.WAV,3,6,Dryobates pubescens_Downy Woodpecker,0.8926008343696594,2024-04-11T06:55:00Z,06:55:00
20240411_065500.WAV,6,9,Dryobates pubescens_Downy Woodpecker,0.9376959204673768,2024-04-11T06:55:00Z,06:55:00
20240411_065500.WAV,9,12,Dryobates pubescens_Downy Woodpecker,0.9550936818122864,2024-04-11T06:55:00Z,06:55:00
20240411_065500.WAV,12,15,Dryobates pubescens_Downy Woodpecker,0.8908429145812988,2024-04-11T06:55:00Z,06:55:00
20240411_065500.WAV,15,18,Dryobates pubescens_Downy Woodpecker,0.7164015769958496,2024-04-11T06:55:00Z,06:55:00
20240411_065500.WAV,18,21,Dryobates pubescens_Downy Woodpecker,0.6714783310890198,2024-04-11T06:55:00Z,06:55:00
20240411_065500.WAV,21,24,Dryobates pubescens_Downy Woodpecker,0.5448756217956543,2024-04-11T06:55:00Z,06:55:00
20240411_065500.WAV,24,27,Dryobates pubescens_Downy Woodpecker,0.6357662081718445,2024-04-11T06:55:00Z,06:55:00
20240411_065500.WAV,27,30,Dryobates pubescens_Downy Woodpecker,0.5199372172355652,2024-04-11T06:55:00Z,06:55:00
20240411_065500.WAV,33,36,Dryobates pubescens_Downy Woodpecker,0.5886006355285645,2024-04-11T06:55:00Z,06:55:00
20240411_065500.WAV,36,39,Dryobates pubescens_Downy Woodpecker,0.9130378365516664,2024-04-11T06:55:00Z,06:55:00
20240411_065500.WAV,39,42,Dryobates pubescens_Downy Woodpecker,0.9604002237319946,2024-04-11T06:55:00Z,06:55:00
20240411_065500.WAV,42,45,Dryobates pubescens_Downy Woodpecker,0.9768434762954712,2024-04-11T06:55:00Z,06:55:00
20240411_065500.WAV,45,48,Dryobates pubescens_Downy Woodpecker,0.9037803411483764,2024-04-11T06:55:00Z,06:55:00
20240411_065500.WAV,48,51,Dryobates pubescens_Downy Woodpecker,0.9459466934204102,2024-04-11T06:55:00Z,06:55:00
20240411_065500.WAV,51,54,Dryobates pubescens_Downy Woodpecker,0.9588144421577454,2024-04-11T06:55:00Z,06:55:00
20240411_065500.WAV,54,55,Dryobates pubescens_Downy Woodpecker,0.8993781805038452,2024-04-11T06:55:00Z,06:55:00
20240404_144200.WAV,45,48,Porzana porzana_Spotted Crake,0.4254985749721527,2024-04-04T14:42:00Z,14:42:00
20240404_144200.WAV,48,51,Porzana porzana_Spotted Crake,0.6703845858573914,2024-04-04T14:42:00Z,14:42:00
20240404_144200.WAV,51,54,Porzana porzana_Spotted Crake,0.45429205894470215,2024-04-04T14:42:00Z,14:42:00
20240402_155500.WAV,0,3,Porzana porzana_Spotted Crake,0.4300900995731354,2024-04-02T15:55:00Z,15:55:00
20240402_155500.WAV,3,6,Porzana porzana_Spotted Crake,0.4259755611419678,2024-04-02T15:55:00Z,15:55:00
20240411_061000.WAV,3,6,Certhia americana_Brown Creeper,0.4367380738258362,2024-04-11T06:10:00Z,06:10:00
20240411_061000.WAV,9,12,Certhia americana_Brown Creeper,0.5916222929954529,2024-04-11T06:10:00Z,06:10:00
20240411_061000.WAV,33,36,Certhia americana_Brown Creeper,0.8422572612762451,2024-04-11T06:10:00Z,06:10:00
20240411_061000.WAV,45,48,Certhia americana_Brown Creeper,0.4661320745944977,2024-04-11T06:10:00Z,06:10:00
20240411_061000.WAV,51,54,Certhia americana_Brown Creeper,0.635244607925415,2024-04-11T06:10:00Z,06:10:00
20240402_055500.WAV,9,12,Turdus migratorius_American Robin,0.42780259251594543,2024-04-02T05:55:00Z,05:55:00
20240402_055500.WAV,27,30,Turdus migratorius_American Robin,0.43875887989997864,2024-04-02T05:55:00Z,05:55:00
20240402_055500.WAV,42,45,Turdus migratorius_American Robin,0.47022536396980286,2024-04-02T05:55:00Z,05:55:00
20240411_161000.WAV,36,39,Certhia americana_Brown Creeper,0.45880651473999023,2024-04-11T16:10:00Z,16:10:00
20240415_193200.WAV,33,36,Certhia americana_Brown Creeper,0.5928176045417786,2024-04-15T19:32:00Z,19:32:00
20240331_070500.WAV,12,15,Certhia americana_Brown Creeper,0.45985496044158936,2024-03-31T07:05:00Z,07:05:00
20240331_070500.WAV,45,48,Poecile atricapillus_Black-capped Chickadee,0.5737294554710388,2024-03-31T07:05:00Z,07:05:00
20240414_063000.WAV,18,21,Corvus brachyrhynchos_American Crow,0.5020620822906494,2024-04-14T06:30:00Z,06:30:00
20240403_153900.WAV,45,48,Porzana porzana_Spotted Crake,0.640653669834137,2024-04-03T15:39:00Z,15:39:00
20240410_063900.WAV,6,9,Certhia americana_Brown Creeper,0.6806783676147461,2024-04-10T06:39:00Z,06:39:00
20240410_063900.WAV,9,12,Certhia americana_Brown Creeper,0.6473942995071411,2024-04-10T06:39:00Z,06:39:00
20240410_063900.WAV,27,30,Certhia americana_Brown Creeper,0.8849831819534302,2024-04-10T06:39:00Z,06:39:00
20240409_064500.WAV,6,9,Regulus satrapa_Golden-crowned Kinglet,0.4248783588409424,2024-04-09T06:45:00Z,06:45:00
20240409_064500.WAV,15,18,Certhia americana_Brown Creeper,0.5447546243667603,2024-04-09T06:45:00Z,06:45:00
20240409_064500.WAV,24,27,Certhia americana_Brown Creeper,0.8744728565216064,2024-04-09T06:45:00Z,06:45:00
20240409_064500.WAV,27,30,Regulus satrapa_Golden-crowned Kinglet,0.604693591594696,2024-04-09T06:45:00Z,06:45:00
20240409_064500.WAV,45,48,Certhia americana_Brown Creeper,0.799688994884491,2024-04-09T06:45:00Z,06:45:00
20240413_065600.WAV,24,27,Aix sponsa_Wood Duck,0.7205777764320374,2024-04-13T06:56:00Z,06:56:00
20240413_065600.WAV,39,42,Aix sponsa_Wood Duck,0.8247027397155762,2024-04-13T06:56:00Z,06:56:00
20240415_070400.WAV,27,30,Botaurus lentiginosus_American Bittern,0.4662347733974457,2024-04-15T07:04:00Z,07:04:00
20240414_163000.WAV,36,39,Sitta carolinensis_White-breasted Nuthatch,0.7529928088188171,2024-04-14T16:30:00Z,16:30:00
20240414_163000.WAV,45,48,Sitta carolinensis_White-breasted Nuthatch,0.5479926466941833,2024-04-14T16:30:00Z,16:30:00
20240406_144100.WAV,9,12,Poecile atricapillus_Black-capped Chickadee,0.4390489161014557,2024-04-06T14:41:00Z,14:41:00
20240406_144100.WAV,12,15,Poecile atricapillus_Black-capped Chickadee,0.8332873582839966,2024-04-06T14:41:00Z,14:41:00
20240406_144100.WAV,18,21,Poecile atricapillus_Black-capped Chickadee,0.4432629644870758,2024-04-06T14:41:00Z,14:41:00
20240406_144100.WAV,21,24,Poecile atricapillus_Black-capped Chickadee,0.7819575667381287,2024-04-06T14:41:00Z,14:41:00
20240406_144100.WAV,27,30,Poecile atricapillus_Black-capped Chickadee,0.7950031757354736,2024-04-06T14:41:00Z,14:41:00
20240406_144100.WAV,30,33,Poecile atricapillus_Black-capped Chickadee,0.7158740758895874,2024-04-06T14:41:00Z,14:41:00
20240406_144100.WAV,33,36,Poecile atricapillus_Black-capped Chickadee,0.5011314749717712,2024-04-06T14:41:00Z,14:41:00
20240406_144100.WAV,36,39,Poecile atricapillus_Black-capped Chickadee,0.7415775656700134,2024-04-06T14:41:00Z,14:41:00
20240406_144100.WAV,42,45,Poecile atricapillus_Black-capped Chickadee,0.474900335073471,2024-04-06T14:41:00Z,14:41:00
20240413_061300.WAV,24,27,Turdus migratorius_American Robin,0.4625961780548096,2024-04-13T06:13:00Z,06:13:00
20240413_061300.WAV,27,30,Turdus migratorius_American Robin,0.4838926494121551,2024-04-13T06:13:00Z,06:13:00
20240413_061300.WAV,45,48,Certhia americana_Brown Creeper,0.5317123532295227,2024-04-13T06:13:00Z,06:13:00
20240413_061300.WAV,51,54,Certhia americana_Brown Creeper,0.4697490632534027,2024-04-13T06:13:00Z,06:13:00
20240402_144800.WAV,33,36,Porzana porzana_Spotted Crake,0.5164068937301636,2024-04-02T14:48:00Z,14:48:00
20240402_144800.WAV,45,48,Porzana porzana_Spotted Crake,0.4827650189399719,2024-04-02T14:48:00Z,14:48:00
20240410_163900.WAV,0,3,Sphyrapicus varius_Yellow-bellied Sapsucker,0.45613157749176025,2024-04-10T16:39:00Z,16:39:00
20240410_163900.WAV,6,9,Poecile atricapillus_Black-capped Chickadee,0.4289270043373108,2024-04-10T16:39:00Z,16:39:00
20240410_163900.WAV,18,21,Poecile atricapillus_Black-capped Chickadee,0.4259253442287445,2024-04-10T16:39:00Z,16:39:00
20240410_163900.WAV,39,42,Sphyrapicus varius_Yellow-bellied Sapsucker,0.520075261592865,2024-04-10T16:39:00Z,16:39:00
20240410_163900.WAV,42,45,Sphyrapicus varius_Yellow-bellied Sapsucker,0.6900655627250671,2024-04-10T16:39:00Z,16:39:00
20240410_163900.WAV,45,48,Sphyrapicus varius_Yellow-bellied Sapsucker,0.5413545966148376,2024-04-10T16:39:00Z,16:39:00
20240331_061800.WAV,12,15,Turdus migratorius_American Robin,0.685155987739563,2024-03-31T06:18:00Z,06:18:00
20240331_061800.WAV,15,18,Turdus migratorius_American Robin,0.6571211814880371,2024-03-31T06:18:00Z,06:18:00
20240331_061800.WAV,18,21,Turdus migratorius_American Robin,0.5159242749214172,2024-03-31T06:18:00Z,06:18:00
20240331_061800.WAV,21,24,Turdus migratorius_American Robin,0.6369471549987793,2024-03-31T06:18:00Z,06:18:00
20240331_061800.WAV,24,27,Turdus migratorius_American Robin,0.40040865540504456,2024-03-31T06:18:00Z,06:18:00
20240331_061800.WAV,27,30,Turdus migratorius_American Robin,0.5458228588104248,2024-03-31T06:18:00Z,06:18:00
20240331_061800.WAV,39,42,Turdus migratorius_American Robin,0.4280915558338166,2024-03-31T06:18:00Z,06:18:00
20240411_144900.WAV,33,36,Certhia americana_Brown Creeper,0.9712268710136414,2024-04-11T14:49:00Z,14:49:00
20240411_144900.WAV,42,45,Regulus regulus_Goldcrest,0.4568742513656616,2024-04-11T14:49:00Z,14:49:00
20240415_140500.WAV,39,42,Corvus brachyrhynchos_American Crow,0.848517894744873,2024-04-15T14:05:00Z,14:05:00
20240415_140500.WAV,48,51,Corvus brachyrhynchos_American Crow,0.6841719150543213,2024-04-15T14:05:00Z,14:05:00
20240415_140500.WAV,51,54,Corvus brachyrhynchos_American Crow,0.6998923420906067,2024-04-15T14:05:00Z,14:05:00
20240406_070500.WAV,21,24,Dryobates pubescens_Downy Woodpecker,0.43601325154304504,2024-04-06T07:05:00Z,07:05:00
20240409_150100.WAV,12,15,Certhia americana_Brown Creeper,0.9044665694236756,2024-04-09T15:01:00Z,15:01:00
20240413_055700.WAV,6,9,Botaurus lentiginosus_American Bittern,0.7841292023658752,2024-04-13T05:57:00Z,05:57:00
20240407_063100.WAV,6,9,Certhia americana_Brown Creeper,0.9014354944229126,2024-04-07T06:31:00Z,06:31:00
20240407_063100.WAV,18,21,Certhia americana_Brown Creeper,0.490158349275589,2024-04-07T06:31:00Z,06:31:00
20240407_063100.WAV,21,24,Certhia americana_Brown Creeper,0.8974007368087769,2024-04-07T06:31:00Z,06:31:00
20240407_063100.WAV,39,42,Certhia americana_Brown Creeper,0.6517252326011658,2024-04-07T06:31:00Z,06:31:00
20240407_063100.WAV,54,55,Certhia americana_Brown Creeper,0.47297725081443787,2024-04-07T06:31:00Z,06:31:00
20240409_154400.WAV,36,39,Poecile atricapillus_Black-capped Chickadee,0.705324113368988,2024-04-09T15:44:00Z,15:44:00
20240409_154400.WAV,42,45,Certhia americana_Brown Creeper,0.44771403074264526,2024-04-09T15:44:00Z,15:44:00
20240408_192600.WAV,0,3,Certhia americana_Brown Creeper,0.9214913845062256,2024-04-08T19:26:00Z,19:26:00
20240408_192600.WAV,9,12,Certhia americana_Brown Creeper,0.4029471278190613,2024-04-08T19:26:00Z,19:26:00
20240408_192600.WAV,18,21,Certhia americana_Brown Creeper,0.5965709090232849,2024-04-08T19:26:00Z,19:26:00
20240408_192600.WAV,18,21,Regulus regulus_Goldcrest,0.4444408714771271,2024-04-08T19:26:00Z,19:26:00
20240408_192600.WAV,51,54,Regulus regulus_Goldcrest,0.7544913291931152,2024-04-08T19:26:00Z,19:26:00
20240415_195300.WAV,33,36,Turdus migratorius_American Robin,0.5469465255737305,2024-04-15T19:53:00Z,19:53:00
20240415_195300.WAV,39,42,Turdus migratorius_American Robin,0.4517621099948883,2024-04-15T19:53:00Z,19:53:00
20240411_063400.WAV,0,3,Certhia americana_Brown Creeper,0.9684709906578064,2024-04-11T06:34:00Z,06:34:00
20240411_063400.WAV,18,21,Certhia americana_Brown Creeper,0.8846091628074646,2024-04-11T06:34:00Z,06:34:00
20240411_063400.WAV,27,30,Certhia americana_Brown Creeper,0.5018985867500305,2024-04-11T06:34:00Z,06:34:00
20240411_063400.WAV,30,33,Certhia americana_Brown Creeper,0.7181490659713745,2024-04-11T06:34:00Z,06:34:00
20240411_063400.WAV,39,42,Certhia americana_Brown Creeper,0.8585247993469238,2024-04-11T06:34:00Z,06:34:00
20240411_063400.WAV,42,45,Certhia americana_Brown Creeper,0.9414204359054564,2024-04-11T06:34:00Z,06:34:00
20240408_064800.WAV,6,9,Certhia americana_Brown Creeper,0.5711374282836914,2024-04-08T06:48:00Z,06:48:00
20240408_064800.WAV,21,24,Certhia americana_Brown Creeper,0.7054266929626465,2024-04-08T06:48:00Z,06:48:00
20240408_064800.WAV,33,36,Certhia americana_Brown Creeper,0.8980919122695923,2024-04-08T06:48:00Z,06:48:00
20240408_064800.WAV,45,48,Certhia americana_Brown Creeper,0.44671666622161865,2024-04-08T06:48:00Z,06:48:00
20240404_142300.WAV,0,3,Porzana porzana_Spotted Crake,0.6639660596847534,2024-04-04T14:23:00Z,14:23:00
20240414_070900.WAV,33,36,Turdus migratorius_American Robin,0.4161413908004761,2024-04-14T07:09:00Z,07:09:00
20240405_151700.WAV,18,21,Turdus migratorius_American Robin,0.5942603945732117,2024-04-05T15:17:00Z,15:17:00
20240410_070000.WAV,6,9,Turdus migratorius_American Robin,0.5421205163002014,2024-04-10T07:00:00Z,07:00:00
20240410_070000.WAV,51,54,Regulus regulus_Goldcrest,0.6312228441238403,2024-04-10T07:00:00Z,07:00:00
20240411_163400.WAV,18,21,Poecile atricapillus_Black-capped Chickadee,0.8032606244087219,2024-04-11T16:34:00Z,16:34:00
20240406_191700.WAV,45,48,Turdus migratorius_American Robin,0.5089415311813354,2024-04-06T19:17:00Z,19:17:00
20240409_143800.WAV,42,45,Sitta carolinensis_White-breasted Nuthatch,0.4799331724643707,2024-04-09T14:38:00Z,14:38:00
20240405_065300.WAV,6,9,Turdus migratorius_American Robin,0.785528302192688,2024-04-05T06:53:00Z,06:53:00
20240405_065300.WAV,9,12,Turdus migratorius_American Robin,0.465346097946167,2024-04-05T06:53:00Z,06:53:00
20240405_065300.WAV,24,27,Turdus migratorius_American Robin,0.49295979738235474,2024-04-05T06:53:00Z,06:53:00
20240405_065300.WAV,27,30,Turdus migratorius_American Robin,0.6453384757041931,2024-04-05T06:53:00Z,06:53:00
20240405_065300.WAV,30,33,Turdus migratorius_American Robin,0.5056356191635132,2024-04-05T06:53:00Z,06:53:00
20240405_065300.WAV,33,36,Turdus migratorius_American Robin,0.4019543826580048,2024-04-05T06:53:00Z,06:53:00
20240405_065300.WAV,39,42,Turdus migratorius_American Robin,0.8093132376670837,2024-04-05T06:53:00Z,06:53:00
20240405_065300.WAV,42,45,Turdus migratorius_American Robin,0.6017926931381226,2024-04-05T06:53:00Z,06:53:00
20240405_065300.WAV,48,51,Turdus migratorius_American Robin,0.512856662273407,2024-04-05T06:53:00Z,06:53:00
20240403_070100.WAV,24,27,Acanthiza reguloides_Buff-rumped Thornbill,0.703880786895752,2024-04-03T07:01:00Z,07:01:00
20240403_070100.WAV,36,39,Certhia americana_Brown Creeper,0.42486053705215454,2024-04-03T07:01:00Z,07:01:00
20240410_144400.WAV,18,21,Turdus migratorius_American Robin,0.4686520993709564,2024-04-10T14:44:00Z,14:44:00
20240408_054900.WAV,21,24,Anas platyrhynchos_Mallard,0.861680805683136,2024-04-08T05:49:00Z,05:49:00
20240408_054900.WAV,24,27,Anas platyrhynchos_Mallard,0.7265916466712952,2024-04-08T05:49:00Z,05:49:00
20240408_054900.WAV,42,45,Turdus migratorius_American Robin,0.6101803183555603,2024-04-08T05:49:00Z,05:49:00
20240405_061600.WAV,51,54,Turdus migratorius_American Robin,0.7286548614501953,2024-04-05T06:16:00Z,06:16:00
20240410_140100.WAV,6,9,Certhia americana_Brown Creeper,0.9400596022605896,2024-04-10T14:01:00Z,14:01:00
20240410_140100.WAV,9,12,Certhia americana_Brown Creeper,0.890384316444397,2024-04-10T14:01:00Z,14:01:00
20240410_140100.WAV,15,18,Regulus satrapa_Golden-crowned Kinglet,0.5144596695899963,2024-04-10T14:01:00Z,14:01:00
20240410_140100.WAV,24,27,Certhia americana_Brown Creeper,0.5814468264579773,2024-04-10T14:01:00Z,14:01:00
20240410_140100.WAV,30,33,Regulus satrapa_Golden-crowned Kinglet,0.47506141662597656,2024-04-10T14:01:00Z,14:01:00
20240410_140100.WAV,45,48,Certhia americana_Brown Creeper,0.8727092742919922,2024-04-10T14:01:00Z,14:01:00
20240402_063500.WAV,39,42,Poecile gambeli_Mountain Chickadee,0.4483650028705597,2024-04-02T06:35:00Z,06:35:00
20240405_161600.WAV,12,15,Porzana porzana_Spotted Crake,0.49240535497665405,2024-04-05T16:16:00Z,16:16:00
20240408_141100.WAV,39,42,Certhia americana_Brown Creeper,0.46361103653907776,2024-04-08T14:11:00Z,14:11:00
20240410_055900.WAV,51,54,Certhia americana_Brown Creeper,0.42829176783561707,2024-04-10T05:59:00Z,05:59:00
20240408_145400.WAV,36,39,Corvus brachyrhynchos_American Crow,0.49539607763290405,2024-04-08T14:54:00Z,14:54:00
20240411_142800.WAV,48,51,Regulus regulus_Goldcrest,0.4271915256977082,2024-04-11T14:28:00Z,14:28:00
20240407_065000.WAV,9,12,Certhia americana_Brown Creeper,0.8669706583023071,2024-04-07T06:50:00Z,06:50:00
20240407_065000.WAV,24,27,Certhia americana_Brown Creeper,0.7038665413856506,2024-04-07T06:50:00Z,06:50:00
20240407_065000.WAV,39,42,Certhia americana_Brown Creeper,0.523423969745636,2024-04-07T06:50:00Z,06:50:00
20240407_065000.WAV,51,54,Certhia americana_Brown Creeper,0.4652023017406464,2024-04-07T06:50:00Z,06:50:00
20240401_070200.WAV,3,6,Certhia americana_Brown Creeper,0.7354521155357361,2024-04-01T07:02:00Z,07:02:00
20240401_070200.WAV,6,9,Nucifraga caryocatactes_Eurasian Nutcracker,0.5578860640525818,2024-04-01T07:02:00Z,07:02:00
20240412_144700.WAV,6,9,Certhia americana_Brown Creeper,0.9486721754074096,2024-04-12T14:47:00Z,14:47:00
20240407_061500.WAV,3,6,Certhia americana_Brown Creeper,0.8549315333366394,2024-04-07T06:15:00Z,06:15:00
20240407_061500.WAV,15,18,Certhia americana_Brown Creeper,0.7476538419723511,2024-04-07T06:15:00Z,06:15:00
20240407_061500.WAV,18,21,Certhia americana_Brown Creeper,0.6356375813484192,2024-04-07T06:15:00Z,06:15:00
20240407_061500.WAV,30,33,Certhia americana_Brown Creeper,0.6526340246200562,2024-04-07T06:15:00Z,06:15:00
20240407_061500.WAV,42,45,Certhia americana_Brown Creeper,0.6079566478729248,2024-04-07T06:15:00Z,06:15:00
20240407_061500.WAV,51,54,Certhia americana_Brown Creeper,0.7066812515258789,2024-04-07T06:15:00Z,06:15:00
20240410_193600.WAV,24,27,Certhia americana_Brown Creeper,0.8834357857704163,2024-04-10T19:36:00Z,19:36:00
20240410_193600.WAV,39,42,Certhia americana_Brown Creeper,0.816048800945282,2024-04-10T19:36:00Z,19:36:00
20240413_195900.WAV,18,21,Botaurus lentiginosus_American Bittern,0.8899936676025391,2024-04-13T19:59:00Z,19:59:00
20240413_195900.WAV,27,30,Botaurus lentiginosus_American Bittern,0.4992837309837342,2024-04-13T19:59:00Z,19:59:00
20240331_195200.WAV,0,3,Turdus migratorius_American Robin,0.6982168555259705,2024-03-31T19:52:00Z,19:52:00
20240331_195200.WAV,6,9,Turdus migratorius_American Robin,0.4027598798274994,2024-03-31T19:52:00Z,19:52:00
20240331_195200.WAV,9,12,Turdus migratorius_American Robin,0.4502050578594208,2024-03-31T19:52:00Z,19:52:00
20240331_195200.WAV,12,15,Turdus migratorius_American Robin,0.4329193830490112,2024-03-31T19:52:00Z,19:52:00
20240410_065800.WAV,15,18,Certhia americana_Brown Creeper,0.5114988088607788,2024-04-10T06:58:00Z,06:58:00
20240410_065800.WAV,30,33,Certhia americana_Brown Creeper,0.5568515062332153,2024-04-10T06:58:00Z,06:58:00
20240410_065800.WAV,42,45,Certhia americana_Brown Creeper,0.5058016777038574,2024-04-10T06:58:00Z,06:58:00
20240407_155100.WAV,27,30,Corvus brachyrhynchos_American Crow,0.4423653483390808,2024-04-07T15:51:00Z,15:51:00
20240414_061400.WAV,0,3,Certhia americana_Brown Creeper,0.9511114358901978,2024-04-14T06:14:00Z,06:14:00
20240414_061400.WAV,9,12,Certhia americana_Brown Creeper,0.932101547718048,2024-04-14T06:14:00Z,06:14:00
20240414_061400.WAV,12,15,Certhia americana_Brown Creeper,0.7996225953102112,2024-04-14T06:14:00Z,06:14:00
20240414_061400.WAV,18,21,Certhia americana_Brown Creeper,0.6586797833442688,2024-04-14T06:14:00Z,06:14:00
20240414_061400.WAV,21,24,Certhia americana_Brown Creeper,0.4980599880218506,2024-04-14T06:14:00Z,06:14:00
20240414_061400.WAV,27,30,Certhia americana_Brown Creeper,0.5264626145362854,2024-04-14T06:14:00Z,06:14:00
20240414_061400.WAV,30,33,Certhia americana_Brown Creeper,0.7278587222099304,2024-04-14T06:14:00Z,06:14:00
20240414_061400.WAV,33,36,Certhia americana_Brown Creeper,0.6114287972450256,2024-04-14T06:14:00Z,06:14:00
20240414_061400.WAV,36,39,Certhia americana_Brown Creeper,0.6962699890136719,2024-04-14T06:14:00Z,06:14:00
20240414_061400.WAV,39,42,Certhia americana_Brown Creeper,0.7600287199020386,2024-04-14T06:14:00Z,06:14:00
20240414_061400.WAV,42,45,Certhia americana_Brown Creeper,0.9572064280509948,2024-04-14T06:14:00Z,06:14:00
20240414_061400.WAV,45,48,Certhia americana_Brown Creeper,0.7582665681838989,2024-04-14T06:14:00Z,06:14:00
20240414_061400.WAV,48,51,Certhia americana_Brown Creeper,0.5490842461585999,2024-04-14T06:14:00Z,06:14:00
20240414_061400.WAV,51,54,Certhia americana_Brown Creeper,0.9175360202789308,2024-04-14T06:14:00Z,06:14:00
20240401_140300.WAV,6,9,Poecile gambeli_Mountain Chickadee,0.5989023447036743,2024-04-01T14:03:00Z,14:03:00
20240401_140300.WAV,9,12,Poecile atricapillus_Black-capped Chickadee,0.7690801620483398,2024-04-01T14:03:00Z,14:03:00
20240401_140300.WAV,12,15,Poecile atricapillus_Black-capped Chickadee,0.4444747865200043,2024-04-01T14:03:00Z,14:03:00
20240401_140300.WAV,12,15,Poecile gambeli_Mountain Chickadee,0.4966644048690796,2024-04-01T14:03:00Z,14:03:00
20240401_140300.WAV,15,18,Poecile atricapillus_Black-capped Chickadee,0.6071807146072388,2024-04-01T14:03:00Z,14:03:00
20240401_140300.WAV,21,24,Poecile atricapillus_Black-capped Chickadee,0.8118938207626343,2024-04-01T14:03:00Z,14:03:00
20240401_140300.WAV,24,27,Poecile atricapillus_Black-capped Chickadee,0.7662302851676941,2024-04-01T14:03:00Z,14:03:00
20240401_140300.WAV,27,30,Poecile atricapillus_Black-capped Chickadee,0.8248591423034668,2024-04-01T14:03:00Z,14:03:00
20240401_140300.WAV,30,33,Poecile atricapillus_Black-capped Chickadee,0.7210490107536316,2024-04-01T14:03:00Z,14:03:00
20240401_140300.WAV,33,36,Poecile atricapillus_Black-capped Chickadee,0.7896398901939392,2024-04-01T14:03:00Z,14:03:00
20240401_140300.WAV,36,39,Poecile atricapillus_Black-capped Chickadee,0.6492318511009216,2024-04-01T14:03:00Z,14:03:00
20240401_140300.WAV,45,48,Poecile atricapillus_Black-capped Chickadee,0.7750997543334961,2024-04-01T14:03:00Z,14:03:00
20240401_140300.WAV,48,51,Poecile atricapillus_Black-capped Chickadee,0.6847224235534668,2024-04-01T14:03:00Z,14:03:00
20240401_140300.WAV,51,54,Poecile atricapillus_Black-capped Chickadee,0.8731071352958679,2024-04-01T14:03:00Z,14:03:00
20240412_070300.WAV,3,6,Sphyrapicus varius_Yellow-bellied Sapsucker,0.5295349359512329,2024-04-12T07:03:00Z,07:03:00
20240412_070300.WAV,6,9,Certhia americana_Brown Creeper,0.951798141002655,2024-04-12T07:03:00Z,07:03:00
20240412_070300.WAV,15,18,Sphyrapicus varius_Yellow-bellied Sapsucker,0.7235215902328491,2024-04-12T07:03:00Z,07:03:00
20240412_070300.WAV,21,24,Certhia americana_Brown Creeper,0.938673496246338,2024-04-12T07:03:00Z,07:03:00
20240412_070300.WAV,30,33,Acanthiza reguloides_Buff-rumped Thornbill,0.8334367871284485,2024-04-12T07:03:00Z,07:03:00
20240412_070300.WAV,39,42,Sphyrapicus varius_Yellow-bellied Sapsucker,0.7862331867218018,2024-04-12T07:03:00Z,07:03:00
20240412_070300.WAV,48,51,Sphyrapicus varius_Yellow-bellied Sapsucker,0.5484962463378906,2024-04-12T07:03:00Z,07:03:00
20240412_070300.WAV,54,55,Certhia americana_Brown Creeper,0.8796668648719788,2024-04-12T07:03:00Z,07:03:00
20240408_071000.WAV,36,39,Turdus migratorius_American Robin,0.4589959979057312,2024-04-08T07:10:00Z,07:10:00
20240409_162400.WAV,51,54,Certhia americana_Brown Creeper,0.7158978581428528,2024-04-09T16:24:00Z,16:24:00
20240414_161400.WAV,39,42,Certhia americana_Brown Creeper,0.4362375736236572,2024-04-14T16:14:00Z,16:14:00
20240413_063700.WAV,6,9,Poecile atricapillus_Black-capped Chickadee,0.7302086353302002,2024-04-13T06:37:00Z,06:37:00
20240413_063700.WAV,9,12,Poecile atricapillus_Black-capped Chickadee,0.5568259358406067,2024-04-13T06:37:00Z,06:37:00
20240413_063700.WAV,12,15,Poecile atricapillus_Black-capped Chickadee,0.9718140959739684,2024-04-13T06:37:00Z,06:37:00
20240413_063700.WAV,15,18,Poecile atricapillus_Black-capped Chickadee,0.6418942809104919,2024-04-13T06:37:00Z,06:37:00
20240413_063700.WAV,18,21,Poecile atricapillus_Black-capped Chickadee,0.4658498764038086,2024-04-13T06:37:00Z,06:37:00
20240413_063700.WAV,33,36,Poecile atricapillus_Black-capped Chickadee,0.4521884620189667,2024-04-13T06:37:00Z,06:37:00
20240413_063700.WAV,39,42,Dryobates pubescens_Downy Woodpecker,0.5734509825706482,2024-04-13T06:37:00Z,06:37:00
20240414_194700.WAV,0,3,Branta canadensis_Canada Goose,0.9707977771759032,2024-04-14T19:47:00Z,19:47:00
20240414_194700.WAV,3,6,Branta canadensis_Canada Goose,0.9318121075630188,2024-04-14T19:47:00Z,19:47:00
20240414_194700.WAV,9,12,Branta canadensis_Canada Goose,0.9131044149398804,2024-04-14T19:47:00Z,19:47:00
20240414_194700.WAV,18,21,Branta canadensis_Canada Goose,0.8084604144096375,2024-04-14T19:47:00Z,19:47:00
20240414_194700.WAV,21,24,Branta canadensis_Canada Goose,0.9407467842102052,2024-04-14T19:47:00Z,19:47:00
20240414_194700.WAV,24,27,Branta canadensis_Canada Goose,0.9370936155319214,2024-04-14T19:47:00Z,19:47:00
20240414_194700.WAV,27,30,Branta canadensis_Canada Goose,0.9893307685852052,2024-04-14T19:47:00Z,19:47:00
20240414_194700.WAV,30,33,Branta canadensis_Canada Goose,0.973349153995514,2024-04-14T19:47:00Z,19:47:00
20240414_194700.WAV,33,36,Branta canadensis_Canada Goose,0.9857958555221558,2024-04-14T19:47:00Z,19:47:00
20240414_194700.WAV,36,39,Branta canadensis_Canada Goose,0.972604274749756,2024-04-14T19:47:00Z,19:47:00
20240414_194700.WAV,39,42,Branta canadensis_Canada Goose,0.9854903221130372,2024-04-14T19:47:00Z,19:47:00
20240414_194700.WAV,42,45,Branta canadensis_Canada Goose,0.9660022258758544,2024-04-14T19:47:00Z,19:47:00
20240414_194700.WAV,45,48,Branta canadensis_Canada Goose,0.9891707301139832,2024-04-14T19:47:00Z,19:47:00
20240414_194700.WAV,48,51,Branta canadensis_Canada Goose,0.9949721097946168,2024-04-14T19:47:00Z,19:47:00
20240414_194700.WAV,51,54,Branta canadensis_Canada Goose,0.9840142130851746,2024-04-14T19:47:00Z,19:47:00
20240414_194700.WAV,54,55,Branta canadensis_Canada Goose,0.7008453011512756,2024-04-14T19:47:00Z,19:47:00
20240331_064400.WAV,0,3,Turdus migratorius_American Robin,0.6430595517158508,2024-03-31T06:44:00Z,06:44:00
20240331_064400.WAV,3,6,Turdus migratorius_American Robin,0.44220203161239624,2024-03-31T06:44:00Z,06:44:00
20240331_064400.WAV,12,15,Turdus migratorius_American Robin,0.46660542488098145,2024-03-31T06:44:00Z,06:44:00
20240331_064400.WAV,15,18,Turdus migratorius_American Robin,0.7658684849739075,2024-03-31T06:44:00Z,06:44:00
20240331_064400.WAV,27,30,Turdus migratorius_American Robin,0.856976330280304,2024-03-31T06:44:00Z,06:44:00
20240331_064400.WAV,30,33,Turdus migratorius_American Robin,0.7551121711730957,2024-03-31T06:44:00Z,06:44:00
20240331_064400.WAV,33,36,Turdus migratorius_American Robin,0.5146710872650146,2024-03-31T06:44:00Z,06:44:00
20240331_064400.WAV,36,39,Turdus migratorius_American Robin,0.6537138819694519,2024-03-31T06:44:00Z,06:44:00
20240331_064400.WAV,42,45,Turdus migratorius_American Robin,0.6281188726425171,2024-03-31T06:44:00Z,06:44:00
20240331_064400.WAV,45,48,Turdus migratorius_American Robin,0.6998993754386902,2024-03-31T06:44:00Z,06:44:00
20240331_064400.WAV,51,54,Turdus migratorius_American Robin,0.5833295583724976,2024-03-31T06:44:00Z,06:44:00
20240414_190200.WAV,9,12,Certhia americana_Brown Creeper,0.7371878027915955,2024-04-14T19:02:00Z,19:02:00
20240414_190200.WAV,24,27,Certhia americana_Brown Creeper,0.6114320755004883,2024-04-14T19:02:00Z,19:02:00
20240414_190200.WAV,36,39,Certhia americana_Brown Creeper,0.643039882183075,2024-04-14T19:02:00Z,19:02:00
20240414_190200.WAV,45,48,Tetrastes bonasia_Hazel Grouse,0.501352071762085,2024-04-14T19:02:00Z,19:02:00
20240405_143700.WAV,0,3,Turdus migratorius_American Robin,0.4199614822864533,2024-04-05T14:37:00Z,14:37:00
20240410_062000.WAV,6,9,Sayornis phoebe_Eastern Phoebe,0.4994266629219055,2024-04-10T06:20:00Z,06:20:00
20240410_062000.WAV,9,12,Sayornis phoebe_Eastern Phoebe,0.7409442067146301,2024-04-10T06:20:00Z,06:20:00
20240410_062000.WAV,12,15,Sayornis phoebe_Eastern Phoebe,0.5813909769058228,2024-04-10T06:20:00Z,06:20:00
20240410_062000.WAV,18,21,Sayornis phoebe_Eastern Phoebe,0.6447128057479858,2024-04-10T06:20:00Z,06:20:00
20240410_062000.WAV,24,27,Sayornis phoebe_Eastern Phoebe,0.6834431886672974,2024-04-10T06:20:00Z,06:20:00
20240410_062000.WAV,27,30,Sayornis phoebe_Eastern Phoebe,0.9565511345863342,2024-04-10T06:20:00Z,06:20:00
20240410_062000.WAV,39,42,Sayornis phoebe_Eastern Phoebe,0.4445063769817352,2024-04-10T06:20:00Z,06:20:00
20240410_062000.WAV,42,45,Sayornis phoebe_Eastern Phoebe,0.9051215052604676,2024-04-10T06:20:00Z,06:20:00
20240410_062000.WAV,45,48,Sayornis phoebe_Eastern Phoebe,0.7375144958496094,2024-04-10T06:20:00Z,06:20:00
20240410_062000.WAV,48,51,Sayornis phoebe_Eastern Phoebe,0.5820856094360352,2024-04-10T06:20:00Z,06:20:00
20240410_062000.WAV,51,54,Sayornis phoebe_Eastern Phoebe,0.6607866287231445,2024-04-10T06:20:00Z,06:20:00
20240404_054600.WAV,0,3,Porzana porzana_Spotted Crake,0.4650143086910248,2024-04-04T05:46:00Z,05:46:00
20240411_071400.WAV,0,3,Certhia americana_Brown Creeper,0.6972981095314026,2024-04-11T07:14:00Z,07:14:00
20240411_071400.WAV,3,6,Certhia americana_Brown Creeper,0.8310619592666626,2024-04-11T07:14:00Z,07:14:00
20240411_071400.WAV,12,15,Certhia americana_Brown Creeper,0.929885745048523,2024-04-11T07:14:00Z,07:14:00
20240411_071400.WAV,15,18,Certhia americana_Brown Creeper,0.9753108620643616,2024-04-11T07:14:00Z,07:14:00
20240411_071400.WAV,18,21,Certhia americana_Brown Creeper,0.6145968437194824,2024-04-11T07:14:00Z,07:14:00
20240411_071400.WAV,24,27,Certhia americana_Brown Creeper,0.9959586262702942,2024-04-11T07:14:00Z,07:14:00
20240411_071400.WAV,27,30,Certhia americana_Brown Creeper,0.8065705299377441,2024-04-11T07:14:00Z,07:14:00
20240411_071400.WAV,30,33,Certhia americana_Brown Creeper,0.9907084703445436,2024-04-11T07:14:00Z,07:14:00
20240411_071400.WAV,36,39,Certhia americana_Brown Creeper,0.907322645187378,2024-04-11T07:14:00Z,07:14:00
20240411_071400.WAV,39,42,Certhia americana_Brown Creeper,0.9889190793037416,2024-04-11T07:14:00Z,07:14:00
20240411_071400.WAV,42,45,Certhia americana_Brown Creeper,0.5429338216781616,2024-04-11T07:14:00Z,07:14:00
20240411_071400.WAV,45,48,Certhia americana_Brown Creeper,0.9254161715507508,2024-04-11T07:14:00Z,07:14:00
20240411_071400.WAV,48,51,Certhia americana_Brown Creeper,0.989796221256256,2024-04-11T07:14:00Z,07:14:00
20240411_071400.WAV,51,54,Certhia americana_Brown Creeper,0.8449028134346008,2024-04-11T07:14:00Z,07:14:00
20240402_145100.WAV,48,51,Porzana porzana_Spotted Crake,0.4095974266529083,2024-04-02T14:51:00Z,14:51:00
20240410_162000.WAV,15,18,Regulus satrapa_Golden-crowned Kinglet,0.4065417349338531,2024-04-10T16:20:00Z,16:20:00
20240406_145800.WAV,6,9,Poecile atricapillus_Black-capped Chickadee,0.5931095480918884,2024-04-06T14:58:00Z,14:58:00
20240406_145800.WAV,9,12,Poecile atricapillus_Black-capped Chickadee,0.4126982092857361,2024-04-06T14:58:00Z,14:58:00
20240406_145800.WAV,12,15,Poecile atricapillus_Black-capped Chickadee,0.6931758522987366,2024-04-06T14:58:00Z,14:58:00
20240406_145800.WAV,15,18,Poecile atricapillus_Black-capped Chickadee,0.6757671236991882,2024-04-06T14:58:00Z,14:58:00
20240406_145800.WAV,21,24,Poecile atricapillus_Black-capped Chickadee,0.6050161123275757,2024-04-06T14:58:00Z,14:58:00
20240406_145800.WAV,24,27,Poecile atricapillus_Black-capped Chickadee,0.416347473859787,2024-04-06T14:58:00Z,14:58:00
20240406_145800.WAV,30,33,Poecile atricapillus_Black-capped Chickadee,0.6286389827728271,2024-04-06T14:58:00Z,14:58:00
20240406_145800.WAV,36,39,Poecile atricapillus_Black-capped Chickadee,0.6000906825065613,2024-04-06T14:58:00Z,14:58:00
20240406_145800.WAV,39,42,Poecile atricapillus_Black-capped Chickadee,0.6084789633750916,2024-04-06T14:58:00Z,14:58:00
20240406_145800.WAV,51,54,Poecile atricapillus_Black-capped Chickadee,0.6242383718490601,2024-04-06T14:58:00Z,14:58:00
20240407_194600.WAV,24,27,Branta canadensis_Canada Goose,0.894460916519165,2024-04-07T19:46:00Z,19:46:00
20240407_194600.WAV,27,30,Branta canadensis_Canada Goose,0.7248944640159607,2024-04-07T19:46:00Z,19:46:00
20240407_194600.WAV,30,33,Branta canadensis_Canada Goose,0.8015973567962646,2024-04-07T19:46:00Z,19:46:00
20240411_141500.WAV,18,21,Sayornis phoebe_Eastern Phoebe,0.6838570237159729,2024-04-11T14:15:00Z,14:15:00
20240411_141500.WAV,39,42,Sayornis phoebe_Eastern Phoebe,0.6666396260261536,2024-04-11T14:15:00Z,14:15:00
20240411_141500.WAV,42,45,Sayornis phoebe_Eastern Phoebe,0.6526289582252502,2024-04-11T14:15:00Z,14:15:00
20240404_160200.WAV,6,9,Porzana porzana_Spotted Crake,0.6264398097991943,2024-04-04T16:02:00Z,16:02:00
20240410_152100.WAV,18,21,Certhia americana_Brown Creeper,0.6921576857566833,2024-04-10T15:21:00Z,15:21:00
20240410_152100.WAV,24,27,Certhia americana_Brown Creeper,0.6329074501991272,2024-04-10T15:21:00Z,15:21:00
20240410_152100.WAV,27,30,Certhia americana_Brown Creeper,0.6677098274230957,2024-04-10T15:21:00Z,15:21:00
20240410_152100.WAV,45,48,Certhia americana_Brown Creeper,0.4757792055606842,2024-04-10T15:21:00Z,15:21:00
20240410_152100.WAV,51,54,Certhia americana_Brown Creeper,0.5875433683395386,2024-04-10T15:21:00Z,15:21:00
20240403_062100.WAV,27,30,Turdus migratorius_American Robin,0.4971139430999756,2024-04-03T06:21:00Z,06:21:00
20240403_062100.WAV,45,48,Turdus migratorius_American Robin,0.6936266422271729,2024-04-03T06:21:00Z,06:21:00
20240405_190000.WAV,18,21,Turdus migratorius_American Robin,0.4713677763938904,2024-04-05T19:00:00Z,19:00:00
20240405_190000.WAV,21,24,Turdus migratorius_American Robin,0.4101273715496063,2024-04-05T19:00:00Z,19:00:00
20240405_190000.WAV,33,36,Turdus migratorius_American Robin,0.8037357926368713,2024-04-05T19:00:00Z,19:00:00
20240331_145800.WAV,12,15,Corvus brachyrhynchos_American Crow,0.4670722782611847,2024-03-31T14:58:00Z,14:58:00
20240331_145800.WAV,15,18,Corvus brachyrhynchos_American Crow,0.9818843007087708,2024-03-31T14:58:00Z,14:58:00
20240331_145800.WAV,18,21,Corvus brachyrhynchos_American Crow,0.5065211057662964,2024-03-31T14:58:00Z,14:58:00
20240331_145800.WAV,21,24,Corvus brachyrhynchos_American Crow,0.674258828163147,2024-03-31T14:58:00Z,14:58:00
20240331_145800.WAV,51,54,Corvus brachyrhynchos_American Crow,0.449186772108078,2024-03-31T14:58:00Z,14:58:00
20240412_152200.WAV,36,39,Certhia americana_Brown Creeper,0.4445222616195678,2024-04-12T15:22:00Z,15:22:00
20240409_144000.WAV,6,9,Certhia americana_Brown Creeper,0.930602490901947,2024-04-09T14:40:00Z,14:40:00
20240409_144000.WAV,18,21,Certhia americana_Brown Creeper,0.9671792984008788,2024-04-09T14:40:00Z,14:40:00
20240409_144000.WAV,24,27,Certhia americana_Brown Creeper,0.9709656238555908,2024-04-09T14:40:00Z,14:40:00
20240402_160800.WAV,39,42,Porzana porzana_Spotted Crake,0.44321584701538086,2024-04-02T16:08:00Z,16:08:00
20240402_160800.WAV,42,45,Porzana porzana_Spotted Crake,0.5533460974693298,2024-04-02T16:08:00Z,16:08:00
20240406_164400.WAV,27,30,Aegolius acadicus_Northern Saw-whet Owl,0.7017358541488647,2024-04-06T16:44:00Z,16:44:00
20240406_164400.WAV,39,42,Aegolius acadicus_Northern Saw-whet Owl,0.5245336294174194,2024-04-06T16:44:00Z,16:44:00
20240401_062200.WAV,51,54,Turdus migratorius_American Robin,0.42929649353027344,2024-04-01T06:22:00Z,06:22:00
20240406_060100.WAV,12,15,Turdus migratorius_American Robin,0.4561342000961304,2024-04-06T06:01:00Z,06:01:00
20240415_150100.WAV,36,39,Corvus brachyrhynchos_American Crow,0.4908979833126068,2024-04-15T15:01:00Z,15:01:00
20240415_150100.WAV,45,48,Corvus brachyrhynchos_American Crow,0.5620507001876831,2024-04-15T15:01:00Z,15:01:00
20240402_060800.WAV,3,6,Turdus migratorius_American Robin,0.45962974429130554,2024-04-02T06:08:00Z,06:08:00
20240402_060800.WAV,6,9,Turdus migratorius_American Robin,0.4377272129058838,2024-04-02T06:08:00Z,06:08:00
20240402_060800.WAV,12,15,Turdus migratorius_American Robin,0.6023008823394775,2024-04-02T06:08:00Z,06:08:00
20240402_060800.WAV,15,18,Turdus migratorius_American Robin,0.5310080647468567,2024-04-02T06:08:00Z,06:08:00
20240402_060800.WAV,18,21,Turdus migratorius_American Robin,0.4401009678840637,2024-04-02T06:08:00Z,06:08:00
20240402_060800.WAV,24,27,Turdus migratorius_American Robin,0.669055700302124,2024-04-02T06:08:00Z,06:08:00
20240402_060800.WAV,33,36,Turdus migratorius_American Robin,0.5171745419502258,2024-04-02T06:08:00Z,06:08:00
20240402_060800.WAV,36,39,Turdus migratorius_American Robin,0.45441311597824097,2024-04-02T06:08:00Z,06:08:00
20240402_060800.WAV,39,42,Turdus migratorius_American Robin,0.7266850471496582,2024-04-02T06:08:00Z,06:08:00
20240402_060800.WAV,42,45,Turdus migratorius_American Robin,0.4370138347148895,2024-04-02T06:08:00Z,06:08:00
20240411_192200.WAV,15,18,Certhia americana_Brown Creeper,0.8242453932762146,2024-04-11T19:22:00Z,19:22:00
20240411_192200.WAV,36,39,Certhia americana_Brown Creeper,0.5788713693618774,2024-04-11T19:22:00Z,19:22:00
20240411_192200.WAV,42,45,Certhia americana_Brown Creeper,0.9525458216667176,2024-04-11T19:22:00Z,19:22:00
20240406_150000.WAV,9,12,Poecile atricapillus_Black-capped Chickadee,0.5461826324462891,2024-04-06T15:00:00Z,15:00:00
20240406_150000.WAV,18,21,Poecile atricapillus_Black-capped Chickadee,0.6430908441543579,2024-04-06T15:00:00Z,15:00:00
20240406_150000.WAV,21,24,Poecile atricapillus_Black-capped Chickadee,0.4294016063213349,2024-04-06T15:00:00Z,15:00:00
20240406_150000.WAV,48,51,Poecile gambeli_Mountain Chickadee,0.44905856251716614,2024-04-06T15:00:00Z,15:00:00
20240411_060900.WAV,9,12,Certhia americana_Brown Creeper,0.6067010760307312,2024-04-11T06:09:00Z,06:09:00
20240411_060900.WAV,15,18,Certhia americana_Brown Creeper,0.5809347629547119,2024-04-11T06:09:00Z,06:09:00
20240411_060900.WAV,18,21,Certhia americana_Brown Creeper,0.4343566298484802,2024-04-11T06:09:00Z,06:09:00
20240411_060900.WAV,21,24,Certhia americana_Brown Creeper,0.6689077615737915,2024-04-11T06:09:00Z,06:09:00
20240411_060900.WAV,24,27,Certhia americana_Brown Creeper,0.40106698870658875,2024-04-11T06:09:00Z,06:09:00
20240411_060900.WAV,24,27,Regulus satrapa_Golden-crowned Kinglet,0.5147808194160461,2024-04-11T06:09:00Z,06:09:00
20240411_060900.WAV,27,30,Certhia americana_Brown Creeper,0.8355483412742615,2024-04-11T06:09:00Z,06:09:00
20240411_060900.WAV,30,33,Certhia americana_Brown Creeper,0.8895853757858276,2024-04-11T06:09:00Z,06:09:00
20240411_060900.WAV,30,33,Regulus satrapa_Golden-crowned Kinglet,0.5429062247276306,2024-04-11T06:09:00Z,06:09:00
20240411_060900.WAV,33,36,Certhia americana_Brown Creeper,0.8522899746894836,2024-04-11T06:09:00Z,06:09:00
20240411_060900.WAV,33,36,Regulus satrapa_Golden-crowned Kinglet,0.4307204782962799,2024-04-11T06:09:00Z,06:09:00
20240411_060900.WAV,36,39,Certhia americana_Brown Creeper,0.9071244597434998,2024-04-11T06:09:00Z,06:09:00
20240411_060900.WAV,39,42,Certhia americana_Brown Creeper,0.903493106365204,2024-04-11T06:09:00Z,06:09:00
20240411_060900.WAV,42,45,Regulus satrapa_Golden-crowned Kinglet,0.5442917943000793,2024-04-11T06:09:00Z,06:09:00
20240411_060900.WAV,45,48,Certhia americana_Brown Creeper,0.4945054352283478,2024-04-11T06:09:00Z,06:09:00
20240330_190300.WAV,0,3,Turdus migratorius_American Robin,0.6171715259552002,2024-03-30T19:03:00Z,19:03:00
20240330_190300.WAV,9,12,Turdus migratorius_American Robin,0.47411972284317017,2024-03-30T19:03:00Z,19:03:00
20240330_190300.WAV,15,18,Turdus migratorius_American Robin,0.7157460451126099,2024-03-30T19:03:00Z,19:03:00
20240330_190300.WAV,24,27,Turdus migratorius_American Robin,0.7933125495910645,2024-03-30T19:03:00Z,19:03:00
20240330_190300.WAV,27,30,Turdus migratorius_American Robin,0.6787444353103638,2024-03-30T19:03:00Z,19:03:00
20240330_190300.WAV,30,33,Turdus migratorius_American Robin,0.7668899893760681,2024-03-30T19:03:00Z,19:03:00
20240330_190300.WAV,33,36,Turdus migratorius_American Robin,0.6601980924606323,2024-03-30T19:03:00Z,19:03:00
20240330_190300.WAV,45,48,Turdus migratorius_American Robin,0.4746992588043213,2024-03-30T19:03:00Z,19:03:00
20240415_064500.WAV,9,12,Certhia americana_Brown Creeper,0.4294002056121826,2024-04-15T06:45:00Z,06:45:00
20240415_064500.WAV,27,30,Certhia americana_Brown Creeper,0.9686065316200256,2024-04-15T06:45:00Z,06:45:00
20240415_064500.WAV,36,39,Certhia americana_Brown Creeper,0.9568468332290648,2024-04-15T06:45:00Z,06:45:00
20240415_064500.WAV,45,48,Certhia americana_Brown Creeper,0.964726984500885,2024-04-15T06:45:00Z,06:45:00
20240408_063000.WAV,0,3,Turdus migratorius_American Robin,0.43330657482147217,2024-04-08T06:30:00Z,06:30:00
20240406_154500.WAV,24,27,Poecile gambeli_Mountain Chickadee,0.4768795073032379,2024-04-06T15:45:00Z,15:45:00
20240402_150900.WAV,48,51,Porzana porzana_Spotted Crake,0.44391995668411255,2024-04-02T15:09:00Z,15:09:00
20240412_062300.WAV,0,3,Colaptes auratus_Northern Flicker,0.9203465580940248,2024-04-12T06:23:00Z,06:23:00
20240412_062300.WAV,3,6,Certhia americana_Brown Creeper,0.5718368291854858,2024-04-12T06:23:00Z,06:23:00
20240412_062300.WAV,15,18,Poecile atricapillus_Black-capped Chickadee,0.5307328104972839,2024-04-12T06:23:00Z,06:23:00
20240412_062300.WAV,18,21,Poecile atricapillus_Black-capped Chickadee,0.8197011351585388,2024-04-12T06:23:00Z,06:23:00
20240412_062300.WAV,21,24,Colaptes auratus_Northern Flicker,0.7706806063652039,2024-04-12T06:23:00Z,06:23:00
20240412_062300.WAV,30,33,Poecile atricapillus_Black-capped Chickadee,0.4447273015975952,2024-04-12T06:23:00Z,06:23:00
20240412_062300.WAV,42,45,Colaptes auratus_Northern Flicker,0.6447485685348511,2024-04-12T06:23:00Z,06:23:00
20240412_062300.WAV,45,48,Colaptes auratus_Northern Flicker,0.4064911305904389,2024-04-12T06:23:00Z,06:23:00
20240412_062300.WAV,48,51,Poecile atricapillus_Black-capped Chickadee,0.7705597877502441,2024-04-12T06:23:00Z,06:23:00
20240415_160000.WAV,27,30,Regulus satrapa_Golden-crowned Kinglet,0.6156529784202576,2024-04-15T16:00:00Z,16:00:00
20240415_160000.WAV,30,33,Certhia americana_Brown Creeper,0.9857863187789916,2024-04-15T16:00:00Z,16:00:00
20240415_160000.WAV,42,45,Certhia americana_Brown Creeper,0.6839001178741455,2024-04-15T16:00:00Z,16:00:00
20240409_070400.WAV,0,3,Poecile atricapillus_Black-capped Chickadee,0.5327836275100708,2024-04-09T07:04:00Z,07:04:00
20240409_070400.WAV,12,15,Poecile atricapillus_Black-capped Chickadee,0.48859161138534546,2024-04-09T07:04:00Z,07:04:00
20240409_070400.WAV,27,30,Branta canadensis_Canada Goose,0.424420565366745,2024-04-09T07:04:00Z,07:04:00
20240409_070400.WAV,30,33,Branta canadensis_Canada Goose,0.580261766910553,2024-04-09T07:04:00Z,07:04:00
20240409_070400.WAV,48,51,Certhia americana_Brown Creeper,0.5071484446525574,2024-04-09T07:04:00Z,07:04:00
20240411_141700.WAV,0,3,Certhia americana_Brown Creeper,0.5822034478187561,2024-04-11T14:17:00Z,14:17:00
20240411_141700.WAV,21,24,Certhia americana_Brown Creeper,0.6898413896560669,2024-04-11T14:17:00Z,14:17:00
20240411_141700.WAV,24,27,Certhia americana_Brown Creeper,0.6150943636894226,2024-04-11T14:17:00Z,14:17:00
20240411_141700.WAV,42,45,Certhia americana_Brown Creeper,0.48577412962913513,2024-04-11T14:17:00Z,14:17:00
20240411_141700.WAV,51,54,Certhia americana_Brown Creeper,0.8366868495941162,2024-04-11T14:17:00Z,14:17:00
20240410_152300.WAV,3,6,Certhia americana_Brown Creeper,0.8485259413719177,2024-04-10T15:23:00Z,15:23:00
20240410_152300.WAV,9,12,Certhia americana_Brown Creeper,0.42767277359962463,2024-04-10T15:23:00Z,15:23:00
20240410_152300.WAV,24,27,Regulus satrapa_Golden-crowned Kinglet,0.5315839648246765,2024-04-10T15:23:00Z,15:23:00
20240404_164500.WAV,3,6,Porzana porzana_Spotted Crake,0.6554197072982788,2024-04-04T16:45:00Z,16:45:00
20240404_164500.WAV,39,42,Porzana porzana_Spotted Crake,0.5374234914779663,2024-04-04T16:45:00Z,16:45:00
20240403_062300.WAV,3,6,Turdus migratorius_American Robin,0.48222118616104126,2024-04-03T06:23:00Z,06:23:00
20240403_062300.WAV,12,15,Turdus migratorius_American Robin,0.4067648947238922,2024-04-03T06:23:00Z,06:23:00
20240403_062300.WAV,18,21,Turdus migratorius_American Robin,0.5006471872329712,2024-04-03T06:23:00Z,06:23:00
20240403_062300.WAV,21,24,Turdus migratorius_American Robin,0.7512076497077942,2024-04-03T06:23:00Z,06:23:00
20240403_062300.WAV,24,27,Turdus migratorius_American Robin,0.8025938868522644,2024-04-03T06:23:00Z,06:23:00
20240403_062300.WAV,30,33,Turdus migratorius_American Robin,0.40073201060295105,2024-04-03T06:23:00Z,06:23:00
20240403_062300.WAV,42,45,Turdus migratorius_American Robin,0.6322973966598511,2024-04-03T06:23:00Z,06:23:00
20240403_062300.WAV,45,48,Turdus migratorius_American Robin,0.4027689695358277,2024-04-03T06:23:00Z,06:23:00
20240331_150200.WAV,48,51,Regulus regulus_Goldcrest,0.5954290628433228,2024-03-31T15:02:00Z,15:02:00
20240405_143500.WAV,6,9,Turdus migratorius_American Robin,0.533319890499115,2024-04-05T14:35:00Z,14:35:00
20240410_062200.WAV,0,3,Sayornis phoebe_Eastern Phoebe,0.4082378149032593,2024-04-10T06:22:00Z,06:22:00
20240410_062200.WAV,6,9,Sayornis phoebe_Eastern Phoebe,0.8626628518104553,2024-04-10T06:22:00Z,06:22:00
20240410_062200.WAV,9,12,Sayornis phoebe_Eastern Phoebe,0.8696576356887817,2024-04-10T06:22:00Z,06:22:00
20240410_062200.WAV,18,21,Sayornis phoebe_Eastern Phoebe,0.7435486912727356,2024-04-10T06:22:00Z,06:22:00
20240410_062200.WAV,21,24,Sayornis phoebe_Eastern Phoebe,0.960041880607605,2024-04-10T06:22:00Z,06:22:00
20240410_062200.WAV,24,27,Sayornis phoebe_Eastern Phoebe,0.6346873641014099,2024-04-10T06:22:00Z,06:22:00
20240410_062200.WAV,27,30,Sayornis phoebe_Eastern Phoebe,0.9676451683044434,2024-04-10T06:22:00Z,06:22:00
20240410_062200.WAV,30,33,Sayornis phoebe_Eastern Phoebe,0.5539869070053101,2024-04-10T06:22:00Z,06:22:00
20240410_062200.WAV,30,33,Certhia americana_Brown Creeper,0.492565780878067,2024-04-10T06:22:00Z,06:22:00
20240410_062200.WAV,33,36,Sayornis phoebe_Eastern Phoebe,0.857405960559845,2024-04-10T06:22:00Z,06:22:00
20240410_162200.WAV,3,6,Certhia americana_Brown Creeper,0.9759008884429932,2024-04-10T16:22:00Z,16:22:00
20240410_162200.WAV,6,9,Sphyrapicus varius_Yellow-bellied Sapsucker,0.6376385688781738,2024-04-10T16:22:00Z,16:22:00
20240410_162200.WAV,18,21,Certhia americana_Brown Creeper,0.4953143298625946,2024-04-10T16:22:00Z,16:22:00
20240410_162200.WAV,45,48,Regulus satrapa_Golden-crowned Kinglet,0.4075926840305328,2024-04-10T16:22:00Z,16:22:00
20240410_162200.WAV,48,51,Certhia americana_Brown Creeper,0.5922918319702148,2024-04-10T16:22:00Z,16:22:00
20240402_145300.WAV,6,9,Porzana porzana_Spotted Crake,0.6031532883644104,2024-04-02T14:53:00Z,14:53:00
20240402_145300.WAV,9,12,Porzana porzana_Spotted Crake,0.4282759726047516,2024-04-02T14:53:00Z,14:53:00
20240402_145300.WAV,12,15,Porzana porzana_Spotted Crake,0.7246890068054199,2024-04-02T14:53:00Z,14:53:00
20240413_060800.WAV,3,6,Certhia americana_Brown Creeper,0.9133133888244628,2024-04-13T06:08:00Z,06:08:00
20240413_060800.WAV,12,15,Certhia americana_Brown Creeper,0.8508084416389465,2024-04-13T06:08:00Z,06:08:00
20240413_060800.WAV,15,18,Certhia americana_Brown Creeper,0.9554736614227296,2024-04-13T06:08:00Z,06:08:00
20240413_060800.WAV,21,24,Certhia americana_Brown Creeper,0.7105491757392883,2024-04-13T06:08:00Z,06:08:00
20240413_060800.WAV,24,27,Certhia americana_Brown Creeper,0.8643462061882019,2024-04-13T06:08:00Z,06:08:00
20240413_060800.WAV,30,33,Certhia americana_Brown Creeper,0.8724087476730347,2024-04-13T06:08:00Z,06:08:00
20240413_060800.WAV,39,42,Certhia americana_Brown Creeper,0.8626289963722229,2024-04-13T06:08:00Z,06:08:00
20240404_150100.WAV,36,39,Porzana porzana_Spotted Crake,0.4547598659992218,2024-04-04T15:01:00Z,15:01:00
20240331_064600.WAV,36,39,Turdus migratorius_American Robin,0.5209330320358276,2024-03-31T06:46:00Z,06:46:00
20240331_064600.WAV,39,42,Turdus migratorius_American Robin,0.5366292595863342,2024-03-31T06:46:00Z,06:46:00
20240331_064600.WAV,51,54,Turdus migratorius_American Robin,0.42666053771972656,2024-03-31T06:46:00Z,06:46:00
20240414_190000.WAV,12,15,Turdus migratorius_American Robin,0.5354253649711609,2024-04-14T19:00:00Z,19:00:00
20240414_190000.WAV,15,18,Turdus migratorius_American Robin,0.4564860761165619,2024-04-14T19:00:00Z,19:00:00
20240414_190000.WAV,18,21,Turdus migratorius_American Robin,0.48327693343162537,2024-04-14T19:00:00Z,19:00:00
20240414_190000.WAV,21,24,Turdus migratorius_American Robin,0.692043125629425,2024-04-14T19:00:00Z,19:00:00
20240414_190000.WAV,39,42,Turdus migratorius_American Robin,0.4295782446861267,2024-04-14T19:00:00Z,19:00:00
20240414_190000.WAV,45,48,Turdus migratorius_American Robin,0.6030625700950623,2024-04-14T19:00:00Z,19:00:00
20240330_190100.WAV,12,15,Turdus migratorius_American Robin,0.5082008242607117,2024-03-30T19:01:00Z,19:01:00
20240330_190100.WAV,21,24,Turdus migratorius_American Robin,0.632684588432312,2024-03-30T19:01:00Z,19:01:00
20240330_190100.WAV,27,30,Turdus migratorius_American Robin,0.41019827127456665,2024-03-30T19:01:00Z,19:01:00
20240330_190100.WAV,30,33,Turdus migratorius_American Robin,0.6202754974365234,2024-03-30T19:01:00Z,19:01:00
20240330_190100.WAV,33,36,Turdus migratorius_American Robin,0.5764591693878174,2024-03-30T19:01:00Z,19:01:00
20240330_190100.WAV,39,42,Turdus migratorius_American Robin,0.4540175497531891,2024-03-30T19:01:00Z,19:01:00
20240330_190100.WAV,42,45,Turdus migratorius_American Robin,0.4547421336174011,2024-03-30T19:01:00Z,19:01:00
20240330_190100.WAV,45,48,Turdus migratorius_American Robin,0.4308987855911255,2024-03-30T19:01:00Z,19:01:00
20240330_190100.WAV,51,54,Turdus migratorius_American Robin,0.6276318430900574,2024-03-30T19:01:00Z,19:01:00
20240415_064700.WAV,48,51,Certhia americana_Brown Creeper,0.6944854855537415,2024-04-15T06:47:00Z,06:47:00
20240408_063200.WAV,6,9,Certhia americana_Brown Creeper,0.46252986788749695,2024-04-08T06:32:00Z,06:32:00
20240408_063200.WAV,30,33,Certhia americana_Brown Creeper,0.7273164391517639,2024-04-08T06:32:00Z,06:32:00
20240415_060200.WAV,9,12,Certhia americana_Brown Creeper,0.5620774030685425,2024-04-15T06:02:00Z,06:02:00
20240415_060200.WAV,15,18,Certhia americana_Brown Creeper,0.6524900794029236,2024-04-15T06:02:00Z,06:02:00
20240415_060200.WAV,18,21,Certhia americana_Brown Creeper,0.6102367043495178,2024-04-15T06:02:00Z,06:02:00
20240415_060200.WAV,24,27,Certhia americana_Brown Creeper,0.6657801866531372,2024-04-15T06:02:00Z,06:02:00
20240415_060200.WAV,33,36,Certhia americana_Brown Creeper,0.8833348751068115,2024-04-15T06:02:00Z,06:02:00
20240412_062100.WAV,0,3,Colaptes auratus_Northern Flicker,0.7301365733146667,2024-04-12T06:21:00Z,06:21:00
20240412_062100.WAV,18,21,Certhia americana_Brown Creeper,0.48853811621665955,2024-04-12T06:21:00Z,06:21:00
20240412_062100.WAV,30,33,Certhia americana_Brown Creeper,0.6148576736450195,2024-04-12T06:21:00Z,06:21:00
20240412_062100.WAV,33,36,Colaptes auratus_Northern Flicker,0.5489557981491089,2024-04-12T06:21:00Z,06:21:00
20240412_062100.WAV,36,39,Colaptes auratus_Northern Flicker,0.6187751293182373,2024-04-12T06:21:00Z,06:21:00
20240412_062100.WAV,39,42,Certhia americana_Brown Creeper,0.4086457490921021,2024-04-12T06:21:00Z,06:21:00
20240412_062100.WAV,45,48,Colaptes auratus_Northern Flicker,0.7700706124305725,2024-04-12T06:21:00Z,06:21:00
20240412_062100.WAV,54,55,Colaptes auratus_Northern Flicker,0.606570303440094,2024-04-12T06:21:00Z,06:21:00
20240416_062800.WAV,24,27,Sphyrapicus varius_Yellow-bellied Sapsucker,0.754487156867981,2024-04-16T06:28:00Z,06:28:00
20240409_070600.WAV,6,9,Aix sponsa_Wood Duck,0.6750329732894897,2024-04-09T07:06:00Z,07:06:00
20240409_070600.WAV,24,27,Certhia americana_Brown Creeper,0.49508023262023926,2024-04-09T07:06:00Z,07:06:00
20240409_070600.WAV,39,42,Certhia americana_Brown Creeper,0.8612241148948669,2024-04-09T07:06:00Z,07:06:00
20240409_070600.WAV,48,51,Certhia americana_Brown Creeper,0.5119187831878662,2024-04-09T07:06:00Z,07:06:00
20240409_070600.WAV,51,54,Certhia americana_Brown Creeper,0.7853657007217407,2024-04-09T07:06:00Z,07:06:00
20240411_192000.WAV,0,3,Certhia americana_Brown Creeper,0.8404878377914429,2024-04-11T19:20:00Z,19:20:00
20240411_192000.WAV,3,6,Certhia americana_Brown Creeper,0.4589864015579224,2024-04-11T19:20:00Z,19:20:00
20240411_192000.WAV,33,36,Certhia americana_Brown Creeper,0.8002692461013794,2024-04-11T19:20:00Z,19:20:00
20240415_054600.WAV,12,15,Botaurus lentiginosus_American Bittern,0.4235094785690307,2024-04-15T05:46:00Z,05:46:00
20240405_062900.WAV,3,6,Regulus regulus_Goldcrest,0.7909817099571228,2024-04-05T06:29:00Z,06:29:00
20240414_143700.WAV,24,27,Regulus satrapa_Golden-crowned Kinglet,0.5707613825798035,2024-04-14T14:37:00Z,14:37:00
20240401_062000.WAV,15,18,Turdus migratorius_American Robin,0.424057275056839,2024-04-01T06:20:00Z,06:20:00
20240401_062000.WAV,18,21,Turdus migratorius_American Robin,0.6949756741523743,2024-04-01T06:20:00Z,06:20:00
20240401_062000.WAV,24,27,Turdus migratorius_American Robin,0.45512503385543823,2024-04-01T06:20:00Z,06:20:00
20240401_062000.WAV,27,30,Turdus migratorius_American Robin,0.6612181067466736,2024-04-01T06:20:00Z,06:20:00
20240413_141400.WAV,24,27,Turdus migratorius_American Robin,0.4190614521503449,2024-04-13T14:14:00Z,14:14:00
20240415_154600.WAV,48,51,Sphyrapicus varius_Yellow-bellied Sapsucker,0.7421104907989502,2024-04-15T15:46:00Z,15:46:00
20240401_162000.WAV,24,27,Porzana porzana_Spotted Crake,0.6175095438957214,2024-04-01T16:20:00Z,16:20:00
20240413_145100.WAV,24,27,Sayornis phoebe_Eastern Phoebe,0.8959811329841614,2024-04-13T14:51:00Z,14:51:00
20240415_150300.WAV,45,48,Corvus brachyrhynchos_American Crow,0.6083154678344727,2024-04-15T15:03:00Z,15:03:00
20240405_190200.WAV,21,24,Turdus migratorius_American Robin,0.4820970296859741,2024-04-05T19:02:00Z,19:02:00
20240405_190200.WAV,39,42,Turdus migratorius_American Robin,0.5886754393577576,2024-04-05T19:02:00Z,19:02:00
20240405_190200.WAV,42,45,Turdus migratorius_American Robin,0.5853215456008911,2024-04-05T19:02:00Z,19:02:00
20240405_190200.WAV,48,51,Turdus migratorius_American Robin,0.7204416394233704,2024-04-05T19:02:00Z,19:02:00
20240405_065100.WAV,12,15,Turdus migratorius_American Robin,0.524395763874054,2024-04-05T06:51:00Z,06:51:00
20240405_065100.WAV,24,27,Turdus migratorius_American Robin,0.7920833826065063,2024-04-05T06:51:00Z,06:51:00
20240405_065100.WAV,27,30,Turdus migratorius_American Robin,0.7038156390190125,2024-04-05T06:51:00Z,06:51:00
20240405_065100.WAV,33,36,Turdus migratorius_American Robin,0.7174571752548218,2024-04-05T06:51:00Z,06:51:00
20240405_065100.WAV,39,42,Turdus migratorius_American Robin,0.7117562890052795,2024-04-05T06:51:00Z,06:51:00
20240405_065100.WAV,42,45,Turdus migratorius_American Robin,0.7828828692436218,2024-04-05T06:51:00Z,06:51:00
20240405_065100.WAV,45,48,Turdus migratorius_American Robin,0.4696137607097626,2024-04-05T06:51:00Z,06:51:00
20240405_065100.WAV,51,54,Turdus migratorius_American Robin,0.4101729691028595,2024-04-05T06:51:00Z,06:51:00
20240403_070300.WAV,33,36,Poecile gambeli_Mountain Chickadee,0.41764187812805176,2024-04-03T07:03:00Z,07:03:00
20240403_070300.WAV,39,42,Poecile gambeli_Mountain Chickadee,0.531654417514801,2024-04-03T07:03:00Z,07:03:00
20240410_144600.WAV,51,54,Corvus brachyrhynchos_American Crow,0.509087085723877,2024-04-10T14:46:00Z,14:46:00
20240401_065800.WAV,6,9,Certhia americana_Brown Creeper,0.46133166551589966,2024-04-01T06:58:00Z,06:58:00
20240401_065800.WAV,27,30,Certhia americana_Brown Creeper,0.5739469528198242,2024-04-01T06:58:00Z,06:58:00
20240401_065800.WAV,30,33,Turdus migratorius_American Robin,0.5812773108482361,2024-04-01T06:58:00Z,06:58:00
20240405_061400.WAV,3,6,Turdus migratorius_American Robin,0.6053726077079773,2024-04-05T06:14:00Z,06:14:00
20240405_061400.WAV,6,9,Turdus migratorius_American Robin,0.7853550314903259,2024-04-05T06:14:00Z,06:14:00
20240405_061400.WAV,9,12,Turdus migratorius_American Robin,0.5372241139411926,2024-04-05T06:14:00Z,06:14:00
20240405_061400.WAV,12,15,Turdus migratorius_American Robin,0.4225825369358063,2024-04-05T06:14:00Z,06:14:00
20240405_061400.WAV,18,21,Turdus migratorius_American Robin,0.5793775916099548,2024-04-05T06:14:00Z,06:14:00
20240405_061400.WAV,24,27,Turdus migratorius_American Robin,0.713851273059845,2024-04-05T06:14:00Z,06:14:00
20240405_061400.WAV,27,30,Turdus migratorius_American Robin,0.6829549074172974,2024-04-05T06:14:00Z,06:14:00
20240410_140300.WAV,3,6,Certhia americana_Brown Creeper,0.5975505113601685,2024-04-10T14:03:00Z,14:03:00
20240412_055800.WAV,3,6,Certhia americana_Brown Creeper,0.7097811102867126,2024-04-12T05:58:00Z,05:58:00
20240412_055800.WAV,12,15,Certhia americana_Brown Creeper,0.4826797842979431,2024-04-12T05:58:00Z,05:58:00
20240412_055800.WAV,27,30,Certhia americana_Brown Creeper,0.4859626889228821,2024-04-12T05:58:00Z,05:58:00
20240412_055800.WAV,36,39,Certhia americana_Brown Creeper,0.44981977343559265,2024-04-12T05:58:00Z,05:58:00
20240412_055800.WAV,45,48,Certhia americana_Brown Creeper,0.5294641256332397,2024-04-12T05:58:00Z,05:58:00
20240411_153700.WAV,30,33,Certhia americana_Brown Creeper,0.8517643213272095,2024-04-11T15:37:00Z,15:37:00
20240411_153700.WAV,36,39,Certhia americana_Brown Creeper,0.7377092242240906,2024-04-11T15:37:00Z,15:37:00
20240411_153700.WAV,42,45,Certhia americana_Brown Creeper,0.707344114780426,2024-04-11T15:37:00Z,15:37:00
20240416_055100.WAV,3,6,Certhia americana_Brown Creeper,0.8056324124336243,2024-04-16T05:51:00Z,05:51:00
20240416_055100.WAV,6,9,Certhia americana_Brown Creeper,0.6606351733207703,2024-04-16T05:51:00Z,05:51:00
20240406_195000.WAV,0,3,Anas platyrhynchos_Mallard,0.6374200582504272,2024-04-06T19:50:00Z,19:50:00
20240406_195000.WAV,15,18,Turdus migratorius_American Robin,0.44606512784957886,2024-04-06T19:50:00Z,19:50:00
20240411_063600.WAV,0,3,Certhia americana_Brown Creeper,0.7493377923965454,2024-04-11T06:36:00Z,06:36:00
20240411_063600.WAV,21,24,Colaptes auratus_Northern Flicker,0.5964615941047668,2024-04-11T06:36:00Z,06:36:00
20240411_063600.WAV,24,27,Dryobates pubescens_Downy Woodpecker,0.554497241973877,2024-04-11T06:36:00Z,06:36:00
20240411_063600.WAV,27,30,Dryobates pubescens_Downy Woodpecker,0.6806202530860901,2024-04-11T06:36:00Z,06:36:00
20240411_063600.WAV,30,33,Dryobates pubescens_Downy Woodpecker,0.58824622631073,2024-04-11T06:36:00Z,06:36:00
20240411_063600.WAV,39,42,Dryobates pubescens_Downy Woodpecker,0.5789031982421875,2024-04-11T06:36:00Z,06:36:00
20240411_063600.WAV,45,48,Colaptes auratus_Northern Flicker,0.6208059191703796,2024-04-11T06:36:00Z,06:36:00
20240411_063600.WAV,51,54,Dryobates pubescens_Downy Woodpecker,0.5248324871063232,2024-04-11T06:36:00Z,06:36:00
20240412_065900.WAV,9,12,Certhia americana_Brown Creeper,0.43381616473197937,2024-04-12T06:59:00Z,06:59:00
20240412_065900.WAV,18,21,Certhia americana_Brown Creeper,0.7754675149917603,2024-04-12T06:59:00Z,06:59:00
20240405_151500.WAV,18,21,Turdus migratorius_American Robin,0.6298710107803345,2024-04-05T15:15:00Z,15:15:00
20240416_065000.WAV,15,18,Sphyrapicus varius_Yellow-bellied Sapsucker,0.571206271648407,2024-04-16T06:50:00Z,06:50:00
20240410_070200.WAV,51,54,Regulus satrapa_Golden-crowned Kinglet,0.8094848394393921,2024-04-10T07:02:00Z,07:02:00
20240331_195000.WAV,45,48,Turdus migratorius_American Robin,0.4298968315124512,2024-03-31T19:50:00Z,19:50:00
20240414_061600.WAV,0,3,Certhia americana_Brown Creeper,0.7341340780258179,2024-04-14T06:16:00Z,06:16:00
20240414_061600.WAV,6,9,Certhia americana_Brown Creeper,0.7312723398208618,2024-04-14T06:16:00Z,06:16:00
20240414_061600.WAV,18,21,Certhia americana_Brown Creeper,0.6546949744224548,2024-04-14T06:16:00Z,06:16:00
20240414_061600.WAV,30,33,Certhia americana_Brown Creeper,0.9106267690658568,2024-04-14T06:16:00Z,06:16:00
20240414_061600.WAV,39,42,Certhia americana_Brown Creeper,0.8284044861793518,2024-04-14T06:16:00Z,06:16:00
20240414_061600.WAV,42,45,Certhia americana_Brown Creeper,0.9512057900428772,2024-04-14T06:16:00Z,06:16:00
20240414_061600.WAV,48,51,Certhia americana_Brown Creeper,0.8475636839866638,2024-04-14T06:16:00Z,06:16:00
20240414_061600.WAV,51,54,Certhia americana_Brown Creeper,0.6456337571144104,2024-04-14T06:16:00Z,06:16:00
20240409_062600.WAV,18,21,Anas platyrhynchos_Mallard,0.5156780481338501,2024-04-09T06:26:00Z,06:26:00
20240401_140100.WAV,0,3,Poecile gambeli_Mountain Chickadee,0.42496609687805176,2024-04-01T14:01:00Z,14:01:00
20240401_140100.WAV,12,15,Poecile atricapillus_Black-capped Chickadee,0.4716920852661133,2024-04-01T14:01:00Z,14:01:00
20240401_140100.WAV,21,24,Poecile atricapillus_Black-capped Chickadee,0.5658661723136902,2024-04-01T14:01:00Z,14:01:00
20240401_140100.WAV,27,30,Poecile gambeli_Mountain Chickadee,0.5101115703582764,2024-04-01T14:01:00Z,14:01:00
20240401_140100.WAV,30,33,Poecile gambeli_Mountain Chickadee,0.8739493489265442,2024-04-01T14:01:00Z,14:01:00
20240401_140100.WAV,48,51,Poecile atricapillus_Black-capped Chickadee,0.7664164900779724,2024-04-01T14:01:00Z,14:01:00
20240412_070100.WAV,48,51,Sphyrapicus varius_Yellow-bellied Sapsucker,0.710999608039856,2024-04-12T07:01:00Z,07:01:00
20240408_071200.WAV,0,3,Turdus migratorius_American Robin,0.4116562008857727,2024-04-08T07:12:00Z,07:12:00
20240408_071200.WAV,15,18,Turdus migratorius_American Robin,0.4661611318588257,2024-04-08T07:12:00Z,07:12:00
20240408_071200.WAV,30,33,Turdus migratorius_American Robin,0.4104287922382355,2024-04-08T07:12:00Z,07:12:00
20240408_071200.WAV,42,45,Turdus migratorius_American Robin,0.5584250092506409,2024-04-08T07:12:00Z,07:12:00
20240408_071200.WAV,48,51,Corvus brachyrhynchos_American Crow,0.5069923400878906,2024-04-08T07:12:00Z,07:12:00
20240409_162600.WAV,0,3,Sayornis phoebe_Eastern Phoebe,0.8820162415504456,2024-04-09T16:26:00Z,16:26:00
20240409_162600.WAV,6,9,Sayornis phoebe_Eastern Phoebe,0.937625288963318,2024-04-09T16:26:00Z,16:26:00
20240409_162600.WAV,9,12,Sayornis phoebe_Eastern Phoebe,0.8572355508804321,2024-04-09T16:26:00Z,16:26:00
20240409_162600.WAV,12,15,Sayornis phoebe_Eastern Phoebe,0.9848991632461548,2024-04-09T16:26:00Z,16:26:00
20240409_162600.WAV,15,18,Sayornis phoebe_Eastern Phoebe,0.7441681623458862,2024-04-09T16:26:00Z,16:26:00
20240409_162600.WAV,18,21,Regulus regulus_Goldcrest,0.4926204383373261,2024-04-09T16:26:00Z,16:26:00
20240407_055300.WAV,6,9,Turdus migratorius_American Robin,0.491853803396225,2024-04-07T05:53:00Z,05:53:00
20240407_055300.WAV,12,15,Turdus migratorius_American Robin,0.5209848880767822,2024-04-07T05:53:00Z,05:53:00
20240407_055300.WAV,39,42,Turdus migratorius_American Robin,0.7533374428749084,2024-04-07T05:53:00Z,05:53:00
20240410_193400.WAV,9,12,Certhia americana_Brown Creeper,0.9720231294631958,2024-04-10T19:34:00Z,19:34:00
20240410_193400.WAV,18,21,Certhia americana_Brown Creeper,0.9228031039237976,2024-04-10T19:34:00Z,19:34:00
20240410_193400.WAV,27,30,Certhia americana_Brown Creeper,0.5292751789093018,2024-04-10T19:34:00Z,19:34:00
20240410_193400.WAV,39,42,Certhia americana_Brown Creeper,0.8908065557479858,2024-04-10T19:34:00Z,19:34:00
20240410_193400.WAV,42,45,Certhia americana_Brown Creeper,0.5044371485710144,2024-04-10T19:34:00Z,19:34:00
20240410_193400.WAV,51,54,Certhia americana_Brown Creeper,0.7832222580909729,2024-04-10T19:34:00Z,19:34:00
20240408_141300.WAV,15,18,Certhia americana_Brown Creeper,0.4922626316547394,2024-04-08T14:13:00Z,14:13:00
20240407_065200.WAV,6,9,Certhia americana_Brown Creeper,0.982289731502533,2024-04-07T06:52:00Z,06:52:00
20240407_065200.WAV,18,21,Certhia americana_Brown Creeper,0.9350236058235168,2024-04-07T06:52:00Z,06:52:00
20240407_065200.WAV,27,30,Certhia americana_Brown Creeper,0.9794913530349731,2024-04-07T06:52:00Z,06:52:00
20240407_065200.WAV,30,33,Certhia americana_Brown Creeper,0.8786529898643494,2024-04-07T06:52:00Z,06:52:00
20240407_065200.WAV,36,39,Certhia americana_Brown Creeper,0.9664766192436218,2024-04-07T06:52:00Z,06:52:00
20240407_065200.WAV,45,48,Certhia americana_Brown Creeper,0.4848573505878449,2024-04-07T06:52:00Z,06:52:00
20240407_065200.WAV,48,51,Certhia americana_Brown Creeper,0.8261135220527649,2024-04-07T06:52:00Z,06:52:00
20240401_070000.WAV,15,18,Certhia americana_Brown Creeper,0.4160462021827698,2024-04-01T07:00:00Z,07:00:00
20240401_070000.WAV,33,36,Regulus regulus_Goldcrest,0.6786577105522156,2024-04-01T07:00:00Z,07:00:00
20240401_070000.WAV,48,51,Certhia americana_Brown Creeper,0.5487547516822815,2024-04-01T07:00:00Z,07:00:00
20240412_144500.WAV,42,45,Certhia americana_Brown Creeper,0.8210636973381042,2024-04-12T14:45:00Z,14:45:00
20240412_144500.WAV,51,54,Certhia americana_Brown Creeper,0.939832329750061,2024-04-12T14:45:00Z,14:45:00
20240407_061700.WAV,0,3,Certhia americana_Brown Creeper,0.9519246220588684,2024-04-07T06:17:00Z,06:17:00
20240407_061700.WAV,3,6,Certhia americana_Brown Creeper,0.527673602104187,2024-04-07T06:17:00Z,06:17:00
20240407_061700.WAV,15,18,Certhia americana_Brown Creeper,0.471167504787445,2024-04-07T06:17:00Z,06:17:00
20240407_061700.WAV,27,30,Certhia americana_Brown Creeper,0.8504419326782227,2024-04-07T06:17:00Z,06:17:00
20240407_061700.WAV,36,39,Certhia americana_Brown Creeper,0.9212899208068848,2024-04-07T06:17:00Z,06:17:00
20240407_061700.WAV,45,48,Certhia americana_Brown Creeper,0.8473008275032043,2024-04-07T06:17:00Z,06:17:00
20240405_070900.WAV,15,18,Turdus migratorius_American Robin,0.8107029795646667,2024-04-05T07:09:00Z,07:09:00
20240405_070900.WAV,27,30,Turdus migratorius_American Robin,0.6623556017875671,2024-04-05T07:09:00Z,07:09:00
20240405_070900.WAV,42,45,Regulus satrapa_Golden-crowned Kinglet,0.45529937744140625,2024-04-05T07:09:00Z,07:09:00
20240405_070900.WAV,45,48,Regulus satrapa_Golden-crowned Kinglet,0.6065473556518555,2024-04-05T07:09:00Z,07:09:00
20240405_070900.WAV,48,51,Regulus satrapa_Golden-crowned Kinglet,0.723076343536377,2024-04-05T07:09:00Z,07:09:00
20240415_193000.WAV,42,45,Certhia americana_Brown Creeper,0.9108601808547974,2024-04-15T19:30:00Z,19:30:00
20240331_070700.WAV,12,15,Regulus satrapa_Golden-crowned Kinglet,0.7084819674491882,2024-03-31T07:07:00Z,07:07:00
20240331_070700.WAV,18,21,Certhia americana_Brown Creeper,0.8735504746437073,2024-03-31T07:07:00Z,07:07:00
20240331_070700.WAV,21,24,Regulus satrapa_Golden-crowned Kinglet,0.5776486396789551,2024-03-31T07:07:00Z,07:07:00
20240331_070700.WAV,27,30,Turdus migratorius_American Robin,0.6087638139724731,2024-03-31T07:07:00Z,07:07:00
20240331_070700.WAV,39,42,Turdus migratorius_American Robin,0.5340191721916199,2024-03-31T07:07:00Z,07:07:00
20240411_065700.WAV,6,9,Dryobates pubescens_Downy Woodpecker,0.44036251306533813,2024-04-11T06:57:00Z,06:57:00
20240411_065700.WAV,9,12,Dryobates pubescens_Downy Woodpecker,0.4361270964145661,2024-04-11T06:57:00Z,06:57:00
20240411_065700.WAV,15,18,Dryobates pubescens_Downy Woodpecker,0.8614546656608582,2024-04-11T06:57:00Z,06:57:00
20240411_065700.WAV,18,21,Dryobates pubescens_Downy Woodpecker,0.874659538269043,2024-04-11T06:57:00Z,06:57:00
20240411_065700.WAV,21,24,Dryobates pubescens_Downy Woodpecker,0.832978367805481,2024-04-11T06:57:00Z,06:57:00
20240411_065700.WAV,24,27,Dryobates pubescens_Downy Woodpecker,0.8054797649383545,2024-04-11T06:57:00Z,06:57:00
20240411_065700.WAV,27,30,Dryobates pubescens_Downy Woodpecker,0.8388749957084656,2024-04-11T06:57:00Z,06:57:00
20240411_065700.WAV,30,33,Dryobates pubescens_Downy Woodpecker,0.9565640091896056,2024-04-11T06:57:00Z,06:57:00
20240411_065700.WAV,33,36,Dryobates pubescens_Downy Woodpecker,0.9856346249580384,2024-04-11T06:57:00Z,06:57:00
20240402_155700.WAV,3,6,Porzana porzana_Spotted Crake,0.6561378240585327,2024-04-02T15:57:00Z,15:57:00
20240330_191800.WAV,15,18,Turdus migratorius_American Robin,0.6355149745941162,2024-03-30T19:18:00Z,19:18:00
20240330_191800.WAV,33,36,Turdus migratorius_American Robin,0.6154123544692993,2024-03-30T19:18:00Z,19:18:00
20240330_191800.WAV,36,39,Turdus migratorius_American Robin,0.5663145780563354,2024-03-30T19:18:00Z,19:18:00
20240411_061200.WAV,6,9,Certhia americana_Brown Creeper,0.575491189956665,2024-04-11T06:12:00Z,06:12:00
20240411_061200.WAV,18,21,Certhia americana_Brown Creeper,0.4403724372386933,2024-04-11T06:12:00Z,06:12:00
20240411_061200.WAV,21,24,Certhia americana_Brown Creeper,0.4542971551418304,2024-04-11T06:12:00Z,06:12:00
20240411_061200.WAV,24,27,Certhia americana_Brown Creeper,0.5230370163917542,2024-04-11T06:12:00Z,06:12:00
20240411_061200.WAV,27,30,Certhia americana_Brown Creeper,0.46826615929603577,2024-04-11T06:12:00Z,06:12:00
20240411_061200.WAV,30,33,Certhia americana_Brown Creeper,0.5596341490745544,2024-04-11T06:12:00Z,06:12:00
20240411_061200.WAV,36,39,Certhia americana_Brown Creeper,0.6312878131866455,2024-04-11T06:12:00Z,06:12:00
20240411_061200.WAV,39,42,Certhia americana_Brown Creeper,0.6386666297912598,2024-04-11T06:12:00Z,06:12:00
20240411_061200.WAV,42,45,Certhia americana_Brown Creeper,0.7658849954605103,2024-04-11T06:12:00Z,06:12:00
20240411_061200.WAV,45,48,Certhia americana_Brown Creeper,0.45798808336257935,2024-04-11T06:12:00Z,06:12:00
20240411_061200.WAV,51,54,Certhia americana_Brown Creeper,0.8066431283950806,2024-04-11T06:12:00Z,06:12:00
20240404_140500.WAV,9,12,Porzana porzana_Spotted Crake,0.6220830082893372,2024-04-04T14:05:00Z,14:05:00
20240404_140500.WAV,12,15,Porzana porzana_Spotted Crake,0.5653272867202759,2024-04-04T14:05:00Z,14:05:00
20240404_140500.WAV,21,24,Porzana porzana_Spotted Crake,0.6885064244270325,2024-04-04T14:05:00Z,14:05:00
20240416_063100.WAV,12,15,Certhia americana_Brown Creeper,0.4204743504524231,2024-04-16T06:31:00Z,06:31:00
20240416_063100.WAV,18,21,Certhia americana_Brown Creeper,0.7507898211479187,2024-04-16T06:31:00Z,06:31:00
20240416_063100.WAV,24,27,Certhia americana_Brown Creeper,0.7351308465003967,2024-04-16T06:31:00Z,06:31:00
20240416_063100.WAV,36,39,Certhia americana_Brown Creeper,0.4162099361419678,2024-04-16T06:31:00Z,06:31:00
20240416_063100.WAV,39,42,Certhia americana_Brown Creeper,0.4719024002552033,2024-04-16T06:31:00Z,06:31:00
20240412_063800.WAV,0,3,Poecile atricapillus_Black-capped Chickadee,0.6156072020530701,2024-04-12T06:38:00Z,06:38:00
20240412_063800.WAV,18,21,Poecile atricapillus_Black-capped Chickadee,0.5347103476524353,2024-04-12T06:38:00Z,06:38:00
20240402_055700.WAV,21,24,Turdus migratorius_American Robin,0.4577542245388031,2024-04-02T05:57:00Z,05:57:00
20240401_191200.WAV,9,12,Certhia americana_Brown Creeper,0.9673599600791932,2024-04-01T19:12:00Z,19:12:00
20240401_191200.WAV,12,15,Certhia americana_Brown Creeper,0.8881277441978455,2024-04-01T19:12:00Z,19:12:00
20240401_063900.WAV,45,48,Turdus migratorius_American Robin,0.5411197543144226,2024-04-01T06:39:00Z,06:39:00
20240411_055600.WAV,0,3,Certhia americana_Brown Creeper,0.4103855788707733,2024-04-11T05:56:00Z,05:56:00
20240411_055600.WAV,3,6,Certhia americana_Brown Creeper,0.7188047766685486,2024-04-11T05:56:00Z,05:56:00
20240411_055600.WAV,12,15,Certhia americana_Brown Creeper,0.777030348777771,2024-04-11T05:56:00Z,05:56:00
20240411_055600.WAV,21,24,Certhia americana_Brown Creeper,0.9305181503295898,2024-04-11T05:56:00Z,05:56:00
20240411_055600.WAV,33,36,Certhia americana_Brown Creeper,0.833299458026886,2024-04-11T05:56:00Z,05:56:00
20240411_055600.WAV,42,45,Certhia americana_Brown Creeper,0.6065539121627808,2024-04-11T05:56:00Z,05:56:00
20240411_055600.WAV,51,54,Certhia americana_Brown Creeper,0.8253800868988037,2024-04-11T05:56:00Z,05:56:00
20240402_161300.WAV,6,9,Corvus brachyrhynchos_American Crow,0.6065181493759155,2024-04-02T16:13:00Z,16:13:00
20240402_161300.WAV,9,12,Corvus brachyrhynchos_American Crow,0.7383010387420654,2024-04-02T16:13:00Z,16:13:00
20240402_161300.WAV,15,18,Corvus brachyrhynchos_American Crow,0.733531653881073,2024-04-02T16:13:00Z,16:13:00
20240402_161300.WAV,21,24,Porzana porzana_Spotted Crake,0.44291234016418457,2024-04-02T16:13:00Z,16:13:00
20240402_161300.WAV,24,27,Porzana porzana_Spotted Crake,0.4273843169212342,2024-04-02T16:13:00Z,16:13:00
20240402_161300.WAV,36,39,Corvus brachyrhynchos_American Crow,0.6820582151412964,2024-04-02T16:13:00Z,16:13:00
20240402_161300.WAV,39,42,Corvus brachyrhynchos_American Crow,0.7944386005401611,2024-04-02T16:13:00Z,16:13:00
20240402_161300.WAV,42,45,Corvus brachyrhynchos_American Crow,0.9249601364135742,2024-04-02T16:13:00Z,16:13:00
20240402_161300.WAV,48,51,Corvus brachyrhynchos_American Crow,0.4278697967529297,2024-04-02T16:13:00Z,16:13:00
20240402_161300.WAV,51,54,Corvus brachyrhynchos_American Crow,0.8025067448616028,2024-04-02T16:13:00Z,16:13:00
20240402_061300.WAV,33,36,Turdus migratorius_American Robin,0.634861409664154,2024-04-02T06:13:00Z,06:13:00
20240401_163900.WAV,21,24,Porzana porzana_Spotted Crake,0.5390600562095642,2024-04-01T16:39:00Z,16:39:00
20240411_151300.WAV,24,27,Certhia americana_Brown Creeper,0.6987242698669434,2024-04-11T15:13:00Z,15:13:00
20240402_065600.WAV,3,6,Turdus migratorius_American Robin,0.5194767713546753,2024-04-02T06:56:00Z,06:56:00
20240402_065600.WAV,33,36,Regulus satrapa_Golden-crowned Kinglet,0.4365392029285431,2024-04-02T06:56:00Z,06:56:00
20240402_065600.WAV,42,45,Turdus migratorius_American Robin,0.6082070469856262,2024-04-02T06:56:00Z,06:56:00
20240404_070400.WAV,12,15,Branta canadensis_Canada Goose,0.7287065386772156,2024-04-04T07:04:00Z,07:04:00
20240404_070400.WAV,15,18,Branta canadensis_Canada Goose,0.9618594646453856,2024-04-04T07:04:00Z,07:04:00
20240404_070400.WAV,18,21,Branta canadensis_Canada Goose,0.6044771671295166,2024-04-04T07:04:00Z,07:04:00
20240404_070400.WAV,27,30,Branta canadensis_Canada Goose,0.4633006155490875,2024-04-04T07:04:00Z,07:04:00
20240405_163000.WAV,45,48,Aegolius acadicus_Northern Saw-whet Owl,0.4205681979656219,2024-04-05T16:30:00Z,16:30:00
20240415_140700.WAV,9,12,Corvus brachyrhynchos_American Crow,0.5543715953826904,2024-04-15T14:07:00Z,14:07:00
20240415_140700.WAV,39,42,Corvus brachyrhynchos_American Crow,0.7056236863136292,2024-04-15T14:07:00Z,14:07:00
20240415_140700.WAV,42,45,Corvus brachyrhynchos_American Crow,0.47781145572662354,2024-04-15T14:07:00Z,14:07:00
20240415_140700.WAV,48,51,Corvus brachyrhynchos_American Crow,0.45504069328308105,2024-04-15T14:07:00Z,14:07:00
20240415_140700.WAV,51,54,Corvus brachyrhynchos_American Crow,0.8318426012992859,2024-04-15T14:07:00Z,14:07:00
20240404_061900.WAV,3,6,Turdus migratorius_American Robin,0.9026308655738832,2024-04-04T06:19:00Z,06:19:00
20240404_061900.WAV,9,12,Turdus migratorius_American Robin,0.5576375126838684,2024-04-04T06:19:00Z,06:19:00
20240404_061900.WAV,12,15,Turdus migratorius_American Robin,0.6401456594467163,2024-04-04T06:19:00Z,06:19:00
20240404_061900.WAV,15,18,Turdus migratorius_American Robin,0.8734791278839111,2024-04-04T06:19:00Z,06:19:00
20240404_061900.WAV,18,21,Turdus migratorius_American Robin,0.859020471572876,2024-04-04T06:19:00Z,06:19:00
20240404_061900.WAV,21,24,Turdus migratorius_American Robin,0.40306103229522705,2024-04-04T06:19:00Z,06:19:00
20240404_061900.WAV,24,27,Turdus migratorius_American Robin,0.8376955389976501,2024-04-04T06:19:00Z,06:19:00
20240404_061900.WAV,27,30,Turdus migratorius_American Robin,0.8126039505004883,2024-04-04T06:19:00Z,06:19:00
20240404_061900.WAV,30,33,Turdus migratorius_American Robin,0.7395387291908264,2024-04-04T06:19:00Z,06:19:00
20240404_061900.WAV,36,39,Turdus migratorius_American Robin,0.5725880861282349,2024-04-04T06:19:00Z,06:19:00
20240404_061900.WAV,39,42,Turdus migratorius_American Robin,0.5829277634620667,2024-04-04T06:19:00Z,06:19:00
20240404_061900.WAV,42,45,Turdus migratorius_American Robin,0.450449138879776,2024-04-04T06:19:00Z,06:19:00
20240404_061900.WAV,48,51,Turdus migratorius_American Robin,0.6253013610839844,2024-04-04T06:19:00Z,06:19:00
20240404_061900.WAV,51,54,Turdus migratorius_American Robin,0.666752278804779,2024-04-04T06:19:00Z,06:19:00
20240406_070700.WAV,9,12,Dryobates pubescens_Downy Woodpecker,0.41183581948280334,2024-04-06T07:07:00Z,07:07:00
20240406_070700.WAV,12,15,Dryobates pubescens_Downy Woodpecker,0.4021996855735779,2024-04-06T07:07:00Z,07:07:00
20240406_070700.WAV,15,18,Dryobates pubescens_Downy Woodpecker,0.43965864181518555,2024-04-06T07:07:00Z,07:07:00
20240406_070700.WAV,33,36,Dryobates pubescens_Downy Woodpecker,0.4423594474792481,2024-04-06T07:07:00Z,07:07:00
20240406_070700.WAV,36,39,Dryobates pubescens_Downy Woodpecker,0.4512125849723816,2024-04-06T07:07:00Z,07:07:00
20240406_070700.WAV,39,42,Dryobates pubescens_Downy Woodpecker,0.6475803256034851,2024-04-06T07:07:00Z,07:07:00
20240406_070700.WAV,42,45,Dryobates pubescens_Downy Woodpecker,0.6757933497428894,2024-04-06T07:07:00Z,07:07:00
20240406_070700.WAV,45,48,Dryobates pubescens_Downy Woodpecker,0.42850345373153687,2024-04-06T07:07:00Z,07:07:00
20240406_070700.WAV,51,54,Dryobates pubescens_Downy Woodpecker,0.6427494287490845,2024-04-06T07:07:00Z,07:07:00
20240407_063300.WAV,21,24,Certhia americana_Brown Creeper,0.6144225001335144,2024-04-07T06:33:00Z,06:33:00
20240407_063300.WAV,36,39,Certhia americana_Brown Creeper,0.7780847549438477,2024-04-07T06:33:00Z,06:33:00
20240407_063300.WAV,51,54,Certhia americana_Brown Creeper,0.43259361386299133,2024-04-07T06:33:00Z,06:33:00
20240407_063300.WAV,51,54,Regulus regulus_Goldcrest,0.4755749702453614,2024-04-07T06:33:00Z,06:33:00
20240409_154600.WAV,12,15,Certhia americana_Brown Creeper,0.4519129991531372,2024-04-09T15:46:00Z,15:46:00
20240409_154600.WAV,12,15,Regulus regulus_Goldcrest,0.4782017171382904,2024-04-09T15:46:00Z,15:46:00
20240409_154600.WAV,21,24,Certhia americana_Brown Creeper,0.9432744979858398,2024-04-09T15:46:00Z,15:46:00
20240409_154600.WAV,39,42,Poecile atricapillus_Black-capped Chickadee,0.4226061999797821,2024-04-09T15:46:00Z,15:46:00
20240404_161900.WAV,33,36,Porzana porzana_Spotted Crake,0.6246626973152161,2024-04-04T16:19:00Z,16:19:00
20240404_161900.WAV,45,48,Porzana porzana_Spotted Crake,0.40220925211906433,2024-04-04T16:19:00Z,16:19:00
20240412_142400.WAV,9,12,Certhia americana_Brown Creeper,0.5055375099182129,2024-04-12T14:24:00Z,14:24:00
20240412_142400.WAV,12,15,Certhia americana_Brown Creeper,0.8439351320266724,2024-04-12T14:24:00Z,14:24:00
20240412_142400.WAV,33,36,Certhia americana_Brown Creeper,0.7989766597747803,2024-04-12T14:24:00Z,14:24:00
20240412_142400.WAV,51,54,Certhia americana_Brown Creeper,0.967104434967041,2024-04-12T14:24:00Z,14:24:00
20240414_191900.WAV,21,24,Certhia americana_Brown Creeper,0.943092405796051,2024-04-14T19:19:00Z,19:19:00
20240414_191900.WAV,36,39,Turdus migratorius_American Robin,0.4672168791294098,2024-04-14T19:19:00Z,19:19:00
20240414_191900.WAV,48,51,Certhia americana_Brown Creeper,0.8267461061477661,2024-04-14T19:19:00Z,19:19:00
20240414_063200.WAV,15,18,Corvus brachyrhynchos_American Crow,0.4501269459724426,2024-04-14T06:32:00Z,06:32:00
20240414_063200.WAV,18,21,Corvus brachyrhynchos_American Crow,0.8411851525306702,2024-04-14T06:32:00Z,06:32:00
20240414_063200.WAV,27,30,Corvus brachyrhynchos_American Crow,0.6669549345970154,2024-04-14T06:32:00Z,06:32:00
20240414_063200.WAV,45,48,Corvus brachyrhynchos_American Crow,0.5465016961097717,2024-04-14T06:32:00Z,06:32:00
20240409_060200.WAV,6,9,Poecile atricapillus_Black-capped Chickadee,0.4570996165275574,2024-04-09T06:02:00Z,06:02:00
20240409_060200.WAV,39,42,Certhia americana_Brown Creeper,0.4158276617527008,2024-04-09T06:02:00Z,06:02:00
20240409_060200.WAV,48,51,Poecile atricapillus_Black-capped Chickadee,0.5214189291000366,2024-04-09T06:02:00Z,06:02:00
20240331_193100.WAV,15,18,Turdus migratorius_American Robin,0.4453636705875397,2024-03-31T19:31:00Z,19:31:00
20240409_064700.WAV,33,36,Certhia americana_Brown Creeper,0.7686669826507568,2024-04-09T06:47:00Z,06:47:00
20240409_064700.WAV,42,45,Certhia americana_Brown Creeper,0.7069029808044434,2024-04-09T06:47:00Z,06:47:00
20240409_064700.WAV,51,54,Certhia americana_Brown Creeper,0.6847449541091919,2024-04-09T06:47:00Z,06:47:00
20240413_065400.WAV,15,18,Botaurus lentiginosus_American Bittern,0.5198853611946106,2024-04-13T06:54:00Z,06:54:00
20240413_065400.WAV,51,54,Botaurus lentiginosus_American Bittern,0.6555718183517456,2024-04-13T06:54:00Z,06:54:00
20240409_160200.WAV,3,6,Regulus regulus_Goldcrest,0.44966843724250793,2024-04-09T16:02:00Z,16:02:00
20240415_070600.WAV,15,18,Regulus satrapa_Golden-crowned Kinglet,0.5735279321670532,2024-04-15T07:06:00Z,07:06:00
20240415_070600.WAV,39,42,Dryobates pubescens_Downy Woodpecker,0.436576247215271,2024-04-15T07:06:00Z,07:06:00
20240406_144300.WAV,6,9,Poecile atricapillus_Black-capped Chickadee,0.6996248960494995,2024-04-06T14:43:00Z,14:43:00
20240406_144300.WAV,21,24,Acanthiza reguloides_Buff-rumped Thornbill,0.7688794732093811,2024-04-06T14:43:00Z,14:43:00
20240406_144300.WAV,24,27,Poecile atricapillus_Black-capped Chickadee,0.692754864692688,2024-04-06T14:43:00Z,14:43:00
20240406_144300.WAV,39,42,Acanthiza reguloides_Buff-rumped Thornbill,0.42868131399154663,2024-04-06T14:43:00Z,14:43:00
20240413_061100.WAV,3,6,Certhia americana_Brown Creeper,0.9323509931564332,2024-04-13T06:11:00Z,06:11:00
20240413_061100.WAV,12,15,Certhia americana_Brown Creeper,0.6552683711051941,2024-04-13T06:11:00Z,06:11:00
20240413_061100.WAV,18,21,Certhia americana_Brown Creeper,0.7986264824867249,2024-04-13T06:11:00Z,06:11:00
20240413_061100.WAV,21,24,Certhia americana_Brown Creeper,0.866737961769104,2024-04-13T06:11:00Z,06:11:00
20240331_062700.WAV,30,33,Turdus migratorius_American Robin,0.4757295548915863,2024-03-31T06:27:00Z,06:27:00
20240414_192400.WAV,0,3,Turdus migratorius_American Robin,0.45204976201057434,2024-04-14T19:24:00Z,19:24:00
20240413_194200.WAV,21,24,Botaurus lentiginosus_American Bittern,0.4837559759616852,2024-04-13T19:42:00Z,19:42:00
20240405_141100.WAV,30,33,Porzana porzana_Spotted Crake,0.5530009865760803,2024-04-05T14:11:00Z,14:11:00
20240410_060600.WAV,9,12,Aix sponsa_Wood Duck,0.6240959167480469,2024-04-10T06:06:00Z,06:06:00
20240410_060600.WAV,42,45,Turdus migratorius_American Robin,0.6927859783172607,2024-04-10T06:06:00Z,06:06:00
20240410_060600.WAV,48,51,Turdus migratorius_American Robin,0.5104453563690186,2024-04-10T06:06:00Z,06:06:00
20240410_064300.WAV,0,3,Certhia americana_Brown Creeper,0.9539163708686828,2024-04-10T06:43:00Z,06:43:00
20240410_064300.WAV,9,12,Certhia americana_Brown Creeper,0.9829332828521729,2024-04-10T06:43:00Z,06:43:00
20240410_064300.WAV,12,15,Certhia americana_Brown Creeper,0.8442211151123047,2024-04-10T06:43:00Z,06:43:00
20240410_064300.WAV,24,27,Certhia americana_Brown Creeper,0.730596661567688,2024-04-10T06:43:00Z,06:43:00
20240331_194900.WAV,12,15,Turdus migratorius_American Robin,0.6575924754142761,2024-03-31T19:49:00Z,19:49:00
20240331_194900.WAV,21,24,Turdus migratorius_American Robin,0.45216116309165955,2024-03-31T19:49:00Z,19:49:00
20240331_194900.WAV,51,54,Turdus migratorius_American Robin,0.4402208924293518,2024-03-31T19:49:00Z,19:49:00
20240411_143300.WAV,9,12,Certhia americana_Brown Creeper,0.6039800643920898,2024-04-11T14:33:00Z,14:33:00
20240411_143300.WAV,9,12,Regulus regulus_Goldcrest,0.5780889987945557,2024-04-11T14:33:00Z,14:33:00
20240405_071000.WAV,0,3,Certhia americana_Brown Creeper,0.8032627105712891,2024-04-05T07:10:00Z,07:10:00
20240405_071000.WAV,3,6,Certhia americana_Brown Creeper,0.7022700905799866,2024-04-05T07:10:00Z,07:10:00
20240405_071000.WAV,6,9,Certhia americana_Brown Creeper,0.49412354826927185,2024-04-05T07:10:00Z,07:10:00
20240405_071000.WAV,12,15,Certhia americana_Brown Creeper,0.5123609304428101,2024-04-05T07:10:00Z,07:10:00
20240405_071000.WAV,15,18,Certhia americana_Brown Creeper,0.7884992957115173,2024-04-05T07:10:00Z,07:10:00
20240405_071000.WAV,18,21,Certhia americana_Brown Creeper,0.6552978754043579,2024-04-05T07:10:00Z,07:10:00
20240405_071000.WAV,21,24,Certhia americana_Brown Creeper,0.6434130668640137,2024-04-05T07:10:00Z,07:10:00
20240405_071000.WAV,24,27,Certhia americana_Brown Creeper,0.9498894810676576,2024-04-05T07:10:00Z,07:10:00
20240405_071000.WAV,27,30,Certhia americana_Brown Creeper,0.7653902769088745,2024-04-05T07:10:00Z,07:10:00
20240405_071000.WAV,30,33,Regulus satrapa_Golden-crowned Kinglet,0.4078802764415741,2024-04-05T07:10:00Z,07:10:00
20240405_071000.WAV,33,36,Certhia americana_Brown Creeper,0.4578312337398529,2024-04-05T07:10:00Z,07:10:00
20240405_071000.WAV,33,36,Regulus satrapa_Golden-crowned Kinglet,0.5850778222084045,2024-04-05T07:10:00Z,07:10:00
20240405_071000.WAV,39,42,Regulus satrapa_Golden-crowned Kinglet,0.6718665957450867,2024-04-05T07:10:00Z,07:10:00
20240405_071000.WAV,42,45,Regulus satrapa_Golden-crowned Kinglet,0.6228304505348206,2024-04-05T07:10:00Z,07:10:00
20240405_071000.WAV,45,48,Certhia americana_Brown Creeper,0.6404257416725159,2024-04-05T07:10:00Z,07:10:00
20240405_071000.WAV,45,48,Regulus satrapa_Golden-crowned Kinglet,0.6290760636329651,2024-04-05T07:10:00Z,07:10:00
20240405_071000.WAV,48,51,Certhia americana_Brown Creeper,0.49704626202583313,2024-04-05T07:10:00Z,07:10:00
20240405_071000.WAV,48,51,Regulus satrapa_Golden-crowned Kinglet,0.5537674427032471,2024-04-05T07:10:00Z,07:10:00
20240405_071000.WAV,51,54,Certhia americana_Brown Creeper,0.8247647285461426,2024-04-05T07:10:00Z,07:10:00
20240405_071000.WAV,51,54,Regulus satrapa_Golden-crowned Kinglet,0.4674009680747986,2024-04-05T07:10:00Z,07:10:00
20240405_071000.WAV,54,55,Certhia americana_Brown Creeper,0.7344212532043457,2024-04-05T07:10:00Z,07:10:00
20240405_071000.WAV,54,55,Regulus satrapa_Golden-crowned Kinglet,0.4649275541305542,2024-04-05T07:10:00Z,07:10:00
20240403_064200.WAV,0,3,Poecile atricapillus_Black-capped Chickadee,0.5276738405227661,2024-04-03T06:42:00Z,06:42:00
20240403_064200.WAV,12,15,Poecile atricapillus_Black-capped Chickadee,0.45040830969810486,2024-04-03T06:42:00Z,06:42:00
20240403_064200.WAV,24,27,Sitta carolinensis_White-breasted Nuthatch,0.44386976957321167,2024-04-03T06:42:00Z,06:42:00
20240410_154200.WAV,36,39,Certhia americana_Brown Creeper,0.7034555673599243,2024-04-10T15:42:00Z,15:42:00
20240405_192600.WAV,18,21,Turdus migratorius_American Robin,0.6416675448417664,2024-04-05T19:26:00Z,19:26:00
20240402_194000.WAV,12,15,Turdus migratorius_American Robin,0.4176564812660218,2024-04-02T19:40:00Z,19:40:00
20240407_150700.WAV,6,9,Certhia americana_Brown Creeper,0.58234405517578125,2024-04-07T15:07:00Z,15:07:00
20240412_071000.WAV,36,39,Certhia americana_Brown Creeper,0.6168445348739624,2024-04-12T07:10:00Z,07:10:00
20240414_060700.WAV,0,3,Certhia americana_Brown Creeper,0.7378745079040527,2024-04-14T06:07:00Z,06:07:00
20240414_060700.WAV,6,9,Certhia americana_Brown Creeper,0.9112578630447388,2024-04-14T06:07:00Z,06:07:00
20240414_060700.WAV,9,12,Certhia americana_Brown Creeper,0.7517176270484924,2024-04-14T06:07:00Z,06:07:00
20240414_060700.WAV,12,15,Certhia americana_Brown Creeper,0.7654492855072021,2024-04-14T06:07:00Z,06:07:00
20240414_060700.WAV,15,18,Certhia americana_Brown Creeper,0.9181719422340392,2024-04-14T06:07:00Z,06:07:00
20240414_060700.WAV,21,24,Certhia americana_Brown Creeper,0.6671713590621948,2024-04-14T06:07:00Z,06:07:00
20240414_060700.WAV,27,30,Certhia americana_Brown Creeper,0.7373767495155334,2024-04-14T06:07:00Z,06:07:00
20240414_060700.WAV,30,33,Certhia americana_Brown Creeper,0.963821530342102,2024-04-14T06:07:00Z,06:07:00
20240414_060700.WAV,39,42,Certhia americana_Brown Creeper,0.7614381909370422,2024-04-14T06:07:00Z,06:07:00
20240414_060700.WAV,45,48,Certhia americana_Brown Creeper,0.9710921049118042,2024-04-14T06:07:00Z,06:07:00
20240414_060700.WAV,48,51,Certhia americana_Brown Creeper,0.966404676437378,2024-04-14T06:07:00Z,06:07:00
20240409_063700.WAV,30,33,Certhia americana_Brown Creeper,0.5590469837188721,2024-04-09T06:37:00Z,06:37:00
20240410_192500.WAV,18,21,Certhia americana_Brown Creeper,0.5499722361564636,2024-04-10T19:25:00Z,19:25:00
20240410_192500.WAV,21,24,Certhia americana_Brown Creeper,0.8227307796478271,2024-04-10T19:25:00Z,19:25:00
20240410_192500.WAV,27,30,Certhia americana_Brown Creeper,0.9354634881019592,2024-04-10T19:25:00Z,19:25:00
20240410_192500.WAV,33,36,Certhia americana_Brown Creeper,0.8864184617996216,2024-04-10T19:25:00Z,19:25:00
20240410_192500.WAV,42,45,Certhia americana_Brown Creeper,0.8736153244972229,2024-04-10T19:25:00Z,19:25:00
20240410_192500.WAV,54,55,Certhia americana_Brown Creeper,0.5867491960525513,2024-04-10T19:25:00Z,19:25:00
20240411_070700.WAV,0,3,Catharus guttatus_Hermit Thrush,0.48933395743370056,2024-04-11T07:07:00Z,07:07:00
20240411_070700.WAV,3,6,Turdus migratorius_American Robin,0.4636861979961395,2024-04-11T07:07:00Z,07:07:00
20240411_070700.WAV,6,9,Certhia americana_Brown Creeper,0.7575021386146545,2024-04-11T07:07:00Z,07:07:00
20240411_070700.WAV,30,33,Certhia americana_Brown Creeper,0.7080956101417542,2024-04-11T07:07:00Z,07:07:00
20240411_070700.WAV,36,39,Turdus migratorius_American Robin,0.6941227316856384,2024-04-11T07:07:00Z,07:07:00
20240331_193900.WAV,27,30,Turdus migratorius_American Robin,0.6468667984008789,2024-03-31T19:39:00Z,19:39:00
20240410_063300.WAV,3,6,Sayornis phoebe_Eastern Phoebe,0.7554399371147156,2024-04-10T06:33:00Z,06:33:00
20240410_063300.WAV,6,9,Certhia americana_Brown Creeper,0.6905112862586975,2024-04-10T06:33:00Z,06:33:00
20240410_063300.WAV,12,15,Sayornis phoebe_Eastern Phoebe,0.8149702548980713,2024-04-10T06:33:00Z,06:33:00
20240410_063300.WAV,18,21,Sayornis phoebe_Eastern Phoebe,0.4322702586650848,2024-04-10T06:33:00Z,06:33:00
20240410_063300.WAV,21,24,Certhia americana_Brown Creeper,0.5482771396636963,2024-04-10T06:33:00Z,06:33:00
20240410_063300.WAV,24,27,Sayornis phoebe_Eastern Phoebe,0.9160146117210388,2024-04-10T06:33:00Z,06:33:00
20240410_063300.WAV,30,33,Sayornis phoebe_Eastern Phoebe,0.4926258325576782,2024-04-10T06:33:00Z,06:33:00
20240410_063300.WAV,42,45,Certhia americana_Brown Creeper,0.5297064781188965,2024-04-10T06:33:00Z,06:33:00
20240413_193200.WAV,12,15,Botaurus lentiginosus_American Bittern,0.4785291254520416,2024-04-13T19:32:00Z,19:32:00
20240414_191100.WAV,9,12,Turdus migratorius_American Robin,0.4193529784679413,2024-04-14T19:11:00Z,19:11:00
20240414_191100.WAV,36,39,Turdus migratorius_American Robin,0.4279423952102661,2024-04-14T19:11:00Z,19:11:00
20240331_065700.WAV,9,12,Turdus migratorius_American Robin,0.684932291507721,2024-03-31T06:57:00Z,06:57:00
20240331_065700.WAV,21,24,Turdus migratorius_American Robin,0.422269344329834,2024-03-31T06:57:00Z,06:57:00
20240331_065700.WAV,27,30,Turdus migratorius_American Robin,0.4177902340888977,2024-03-31T06:57:00Z,06:57:00
20240331_065700.WAV,30,33,Turdus migratorius_American Robin,0.5571904182434082,2024-03-31T06:57:00Z,06:57:00
20240331_065700.WAV,39,42,Turdus migratorius_American Robin,0.6065223217010498,2024-03-31T06:57:00Z,06:57:00
20240331_065700.WAV,45,48,Turdus migratorius_American Robin,0.552926778793335,2024-03-31T06:57:00Z,06:57:00
20240331_065700.WAV,48,51,Turdus migratorius_American Robin,0.5220774412155151,2024-03-31T06:57:00Z,06:57:00
20240331_065700.WAV,51,54,Turdus migratorius_American Robin,0.7033490538597107,2024-03-31T06:57:00Z,06:57:00
20240331_061200.WAV,0,3,Turdus migratorius_American Robin,0.555034875869751,2024-03-31T06:12:00Z,06:12:00
20240331_061200.WAV,3,6,Turdus migratorius_American Robin,0.43665069341659546,2024-03-31T06:12:00Z,06:12:00
20240331_061200.WAV,12,15,Turdus migratorius_American Robin,0.4690608978271485,2024-03-31T06:12:00Z,06:12:00
20240331_061200.WAV,15,18,Turdus migratorius_American Robin,0.47976553440093994,2024-03-31T06:12:00Z,06:12:00
20240331_061200.WAV,30,33,Turdus migratorius_American Robin,0.45108404755592346,2024-03-31T06:12:00Z,06:12:00
20240331_061200.WAV,36,39,Turdus migratorius_American Robin,0.4500752985477447,2024-03-31T06:12:00Z,06:12:00
20240403_063200.WAV,0,3,Turdus migratorius_American Robin,0.5409184098243713,2024-04-03T06:32:00Z,06:32:00
20240403_063200.WAV,3,6,Certhia americana_Brown Creeper,0.9542650580406188,2024-04-03T06:32:00Z,06:32:00
20240403_063200.WAV,12,15,Certhia americana_Brown Creeper,0.9657113552093506,2024-04-03T06:32:00Z,06:32:00
20240403_063200.WAV,15,18,Certhia americana_Brown Creeper,0.927151083946228,2024-04-03T06:32:00Z,06:32:00
20240403_063200.WAV,30,33,Certhia americana_Brown Creeper,0.9655774831771852,2024-04-03T06:32:00Z,06:32:00
20240403_063200.WAV,39,42,Certhia americana_Brown Creeper,0.9076635241508484,2024-04-03T06:32:00Z,06:32:00
20240403_063200.WAV,45,48,Certhia americana_Brown Creeper,0.9123090505599976,2024-04-03T06:32:00Z,06:32:00
20240403_063200.WAV,48,51,Certhia americana_Brown Creeper,0.9788960814476012,2024-04-03T06:32:00Z,06:32:00
20240411_144300.WAV,6,9,Regulus satrapa_Golden-crowned Kinglet,0.6352593302726746,2024-04-11T14:43:00Z,14:43:00
20240411_144300.WAV,18,21,Certhia americana_Brown Creeper,0.8993796110153198,2024-04-11T14:43:00Z,14:43:00
20240411_144300.WAV,48,51,Certhia americana_Brown Creeper,0.5185755491256714,2024-04-11T14:43:00Z,14:43:00
20240411_140600.WAV,45,48,Regulus satrapa_Golden-crowned Kinglet,0.4476259052753449,2024-04-11T14:06:00Z,14:06:00
20240413_151800.WAV,24,27,Porzana porzana_Spotted Crake,0.4245096445083618,2024-04-13T15:18:00Z,15:18:00
20240413_151800.WAV,27,30,Porzana porzana_Spotted Crake,0.6835006475448608,2024-04-13T15:18:00Z,15:18:00
20240331_155600.WAV,48,51,Porzana porzana_Spotted Crake,0.46094465255737305,2024-03-31T15:56:00Z,15:56:00
20240407_195500.WAV,9,12,Turdus migratorius_American Robin,0.6204372644424438,2024-04-07T19:55:00Z,19:55:00
20240407_195500.WAV,12,15,Turdus migratorius_American Robin,0.4901905357837677,2024-04-07T19:55:00Z,19:55:00
20240331_151300.WAV,0,3,Corvus brachyrhynchos_American Crow,0.8292567729949951,2024-03-31T15:13:00Z,15:13:00
20240331_151300.WAV,3,6,Corvus brachyrhynchos_American Crow,0.7688049077987671,2024-03-31T15:13:00Z,15:13:00
20240331_151300.WAV,51,54,Certhia americana_Brown Creeper,0.5300020575523376,2024-03-31T15:13:00Z,15:13:00
20240405_163800.WAV,3,6,Turdus migratorius_American Robin,0.6414563655853271,2024-04-05T16:38:00Z,16:38:00
20240405_163800.WAV,33,36,Turdus migratorius_American Robin,0.8379479646682739,2024-04-05T16:38:00Z,16:38:00
20240405_163800.WAV,39,42,Turdus migratorius_American Robin,0.41378986835479736,2024-04-05T16:38:00Z,16:38:00
20240405_163800.WAV,42,45,Turdus migratorius_American Robin,0.4998634159564972,2024-04-05T16:38:00Z,16:38:00
20240405_163800.WAV,51,54,Turdus migratorius_American Robin,0.6746451258659363,2024-04-05T16:38:00Z,16:38:00
20240406_061200.WAV,15,18,Turdus migratorius_American Robin,0.403257817029953,2024-04-06T06:12:00Z,06:12:00
20240406_061200.WAV,36,39,Turdus migratorius_American Robin,0.5155805945396423,2024-04-06T06:12:00Z,06:12:00
20240406_061200.WAV,39,42,Turdus migratorius_American Robin,0.54221343994140625,2024-04-06T06:12:00Z,06:12:00
20240406_061200.WAV,48,51,Turdus migratorius_American Robin,0.6953007578849792,2024-04-06T06:12:00Z,06:12:00
20240401_063100.WAV,27,30,Corvus brachyrhynchos_American Crow,0.4027717709541321,2024-04-01T06:31:00Z,06:31:00
20240401_063100.WAV,42,45,Regulus regulus_Goldcrest,0.4106833338737488,2024-04-01T06:31:00Z,06:31:00
20240406_161200.WAV,51,54,Porzana porzana_Spotted Crake,0.5298812389373779,2024-04-06T16:12:00Z,16:12:00
20240406_193900.WAV,0,3,Turdus migratorius_American Robin,0.4658924639225006,2024-04-06T19:39:00Z,19:39:00
20240406_193900.WAV,6,9,Turdus migratorius_American Robin,0.6018184423446655,2024-04-06T19:39:00Z,19:39:00
20240406_193900.WAV,24,27,Turdus migratorius_American Robin,0.7352343797683716,2024-04-06T19:39:00Z,19:39:00
20240406_193900.WAV,42,45,Turdus migratorius_American Robin,0.48731204867362976,2024-04-06T19:39:00Z,19:39:00
20240406_193900.WAV,48,51,Turdus migratorius_American Robin,0.46290647983551025,2024-04-06T19:39:00Z,19:39:00
20240405_191300.WAV,15,18,Porzana porzana_Spotted Crake,0.42746180295944214,2024-04-05T19:13:00Z,19:13:00
20240416_063900.WAV,27,30,Sphyrapicus varius_Yellow-bellied Sapsucker,0.6266937851905823,2024-04-16T06:39:00Z,06:39:00
20240412_063000.WAV,21,24,Certhia americana_Brown Creeper,0.745616614818573,2024-04-12T06:30:00Z,06:30:00
20240412_063000.WAV,30,33,Certhia americana_Brown Creeper,0.42810991406440735,2024-04-12T06:30:00Z,06:30:00
20240412_063000.WAV,39,42,Certhia americana_Brown Creeper,0.9055722951889038,2024-04-12T06:30:00Z,06:30:00
20240412_063000.WAV,51,54,Certhia americana_Brown Creeper,0.9841349720954896,2024-04-12T06:30:00Z,06:30:00
20240405_153900.WAV,27,30,Turdus migratorius_American Robin,0.4357973337173462,2024-04-05T15:39:00Z,15:39:00
20240408_062300.WAV,27,30,Poecile atricapillus_Black-capped Chickadee,0.47261345386505127,2024-04-08T06:23:00Z,06:23:00
20240404_144800.WAV,45,48,Porzana porzana_Spotted Crake,0.740485668182373,2024-04-04T14:48:00Z,14:48:00
20240415_061300.WAV,3,6,Certhia americana_Brown Creeper,0.8087631464004517,2024-04-15T06:13:00Z,06:13:00
20240330_195500.WAV,3,6,Aegolius acadicus_Northern Saw-whet Owl,0.472971647977829,2024-03-30T19:55:00Z,19:55:00
20240330_191000.WAV,3,6,Turdus migratorius_American Robin,0.6208040714263916,2024-03-30T19:10:00Z,19:10:00
20240405_070600.WAV,3,6,Turdus migratorius_American Robin,0.4352627396583557,2024-04-05T07:06:00Z,07:06:00
20240405_070600.WAV,9,12,Turdus migratorius_American Robin,0.6133807301521301,2024-04-05T07:06:00Z,07:06:00
20240405_070600.WAV,27,30,Turdus migratorius_American Robin,0.8041093349456787,2024-04-05T07:06:00Z,07:06:00
20240405_070600.WAV,33,36,Turdus migratorius_American Robin,0.4899630844593048,2024-04-05T07:06:00Z,07:06:00
20240405_070600.WAV,36,39,Turdus migratorius_American Robin,0.5933022499084473,2024-04-05T07:06:00Z,07:06:00
20240405_070600.WAV,39,42,Turdus migratorius_American Robin,0.7334326505661011,2024-04-05T07:06:00Z,07:06:00
20240405_070600.WAV,45,48,Turdus migratorius_American Robin,0.40907442569732666,2024-04-05T07:06:00Z,07:06:00
20240410_193900.WAV,6,9,Certhia americana_Brown Creeper,0.7984287142753601,2024-04-10T19:39:00Z,19:39:00
20240410_193900.WAV,15,18,Turdus migratorius_American Robin,0.4486108720302582,2024-04-10T19:39:00Z,19:39:00
20240410_193900.WAV,18,21,Certhia americana_Brown Creeper,0.8935418128967285,2024-04-10T19:39:00Z,19:39:00
20240410_193900.WAV,27,30,Certhia americana_Brown Creeper,0.8497189283370972,2024-04-10T19:39:00Z,19:39:00
20240410_193900.WAV,36,39,Certhia americana_Brown Creeper,0.6409381031990051,2024-04-10T19:39:00Z,19:39:00
20240410_193900.WAV,39,42,Certhia americana_Brown Creeper,0.42159003019332886,2024-04-10T19:39:00Z,19:39:00
20240410_193900.WAV,45,48,Certhia americana_Brown Creeper,0.8826912045478821,2024-04-10T19:39:00Z,19:39:00
20240410_193900.WAV,51,54,Certhia americana_Brown Creeper,0.7178974151611328,2024-04-10T19:39:00Z,19:39:00
20240413_063800.WAV,21,24,Botaurus lentiginosus_American Bittern,0.6952718496322632,2024-04-13T06:38:00Z,06:38:00
20240405_144000.WAV,9,12,Turdus migratorius_American Robin,0.4729816615581513,2024-04-05T14:40:00Z,14:40:00
20240405_144000.WAV,18,21,Turdus migratorius_American Robin,0.8493842482566833,2024-04-05T14:40:00Z,14:40:00
20240405_144000.WAV,21,24,Turdus migratorius_American Robin,0.4108866751194,2024-04-05T14:40:00Z,14:40:00
20240405_144000.WAV,27,30,Turdus migratorius_American Robin,0.6833198666572571,2024-04-05T14:40:00Z,14:40:00
20240405_144000.WAV,48,51,Turdus migratorius_American Robin,0.8720293045043945,2024-04-05T14:40:00Z,14:40:00
20240405_144000.WAV,51,54,Turdus migratorius_American Robin,0.54218590259552,2024-04-05T14:40:00Z,14:40:00
20240404_063000.WAV,3,6,Certhia americana_Brown Creeper,0.5430076718330383,2024-04-04T06:30:00Z,06:30:00
20240404_063000.WAV,12,15,Certhia americana_Brown Creeper,0.9383280873298644,2024-04-04T06:30:00Z,06:30:00
20240404_063000.WAV,15,18,Certhia americana_Brown Creeper,0.965120255947113,2024-04-04T06:30:00Z,06:30:00
20240404_063000.WAV,21,24,Regulus regulus_Goldcrest,0.4636865556240082,2024-04-04T06:30:00Z,06:30:00
20240404_063000.WAV,24,27,Certhia americana_Brown Creeper,0.7918556928634644,2024-04-04T06:30:00Z,06:30:00
20240404_063000.WAV,27,30,Certhia americana_Brown Creeper,0.8053754568099976,2024-04-04T06:30:00Z,06:30:00
20240404_063000.WAV,39,42,Certhia americana_Brown Creeper,0.7934578657150269,2024-04-04T06:30:00Z,06:30:00
20240404_063000.WAV,48,51,Certhia americana_Brown Creeper,0.9138182997703552,2024-04-04T06:30:00Z,06:30:00
20240406_191800.WAV,15,18,Regulus regulus_Goldcrest,0.4650215208530426,2024-04-06T19:18:00Z,19:18:00
20240406_191800.WAV,18,21,Turdus migratorius_American Robin,0.9091596603393556,2024-04-06T19:18:00Z,19:18:00
20240406_191800.WAV,42,45,Turdus migratorius_American Robin,0.41158831119537354,2024-04-06T19:18:00Z,19:18:00
20240406_194900.WAV,30,33,Anas platyrhynchos_Mallard,0.5899905562400818,2024-04-06T19:49:00Z,19:49:00
20240406_194900.WAV,39,42,Anas platyrhynchos_Mallard,0.5028060674667358,2024-04-06T19:49:00Z,19:49:00
20240407_071300.WAV,3,6,Regulus regulus_Goldcrest,0.5519132614135742,2024-04-07T07:13:00Z,07:13:00
20240407_071300.WAV,12,15,Certhia americana_Brown Creeper,0.8393449187278748,2024-04-07T07:13:00Z,07:13:00
20240407_071300.WAV,27,30,Certhia americana_Brown Creeper,0.8589785099029541,2024-04-07T07:13:00Z,07:13:00
20240407_071300.WAV,27,30,Regulus regulus_Goldcrest,0.500220537185669,2024-04-07T07:13:00Z,07:13:00
20240408_055200.WAV,6,9,Turdus migratorius_American Robin,0.5135399699211121,2024-04-08T05:52:00Z,05:52:00
20240408_055200.WAV,18,21,Turdus migratorius_American Robin,0.4966956973075866,2024-04-08T05:52:00Z,05:52:00
20240401_064100.WAV,48,51,Certhia americana_Brown Creeper,0.8852500915527344,2024-04-01T06:41:00Z,06:41:00
20240411_064600.WAV,9,12,Regulus regulus_Goldcrest,0.5066031217575073,2024-04-11T06:46:00Z,06:46:00
20240411_064600.WAV,21,24,Turdus migratorius_American Robin,0.4877356886863709,2024-04-11T06:46:00Z,06:46:00
20240411_064600.WAV,36,39,Turdus migratorius_American Robin,0.5207951068878174,2024-04-11T06:46:00Z,06:46:00
20240402_150300.WAV,12,15,Porzana porzana_Spotted Crake,0.4626558721065521,2024-04-02T15:03:00Z,15:03:00
20240402_150300.WAV,21,24,Porzana porzana_Spotted Crake,0.5751655101776123,2024-04-02T15:03:00Z,15:03:00
20240402_150300.WAV,27,30,Porzana porzana_Spotted Crake,0.6755485534667969,2024-04-02T15:03:00Z,15:03:00
20240402_150300.WAV,33,36,Porzana porzana_Spotted Crake,0.6850585341453552,2024-04-02T15:03:00Z,15:03:00
20240402_150300.WAV,39,42,Porzana porzana_Spotted Crake,0.47523367404937744,2024-04-02T15:03:00Z,15:03:00
20240410_194400.WAV,0,3,Certhia americana_Brown Creeper,0.617162823677063,2024-04-10T19:44:00Z,19:44:00
20240410_194400.WAV,12,15,Certhia americana_Brown Creeper,0.928970456123352,2024-04-10T19:44:00Z,19:44:00
20240410_194400.WAV,42,45,Certhia americana_Brown Creeper,0.87363433837890625,2024-04-10T19:44:00Z,19:44:00
20240414_190800.WAV,12,15,Turdus migratorius_American Robin,0.5344676971435547,2024-04-14T19:08:00Z,19:08:00
20240409_193800.WAV,0,3,Sayornis phoebe_Eastern Phoebe,0.8151571154594421,2024-04-09T19:38:00Z,19:38:00
20240406_145200.WAV,9,12,Poecile atricapillus_Black-capped Chickadee,0.7968612909317017,2024-04-06T14:52:00Z,14:52:00
20240406_145200.WAV,15,18,Poecile atricapillus_Black-capped Chickadee,0.6338499784469604,2024-04-06T14:52:00Z,14:52:00
20240406_145200.WAV,21,24,Poecile atricapillus_Black-capped Chickadee,0.6133699417114258,2024-04-06T14:52:00Z,14:52:00
20240406_145200.WAV,24,27,Poecile atricapillus_Black-capped Chickadee,0.5509804487228394,2024-04-06T14:52:00Z,14:52:00
20240409_065600.WAV,0,3,Aix sponsa_Wood Duck,0.42137759923934937,2024-04-09T06:56:00Z,06:56:00
20240409_065600.WAV,9,12,Turdus migratorius_American Robin,0.414287269115448,2024-04-09T06:56:00Z,06:56:00
20240409_065600.WAV,12,15,Regulus satrapa_Golden-crowned Kinglet,0.7540423274040222,2024-04-09T06:56:00Z,06:56:00
20240409_065600.WAV,15,18,Regulus satrapa_Golden-crowned Kinglet,0.5348592400550842,2024-04-09T06:56:00Z,06:56:00
20240409_065600.WAV,18,21,Regulus satrapa_Golden-crowned Kinglet,0.5072886943817139,2024-04-09T06:56:00Z,06:56:00
20240409_065600.WAV,24,27,Regulus satrapa_Golden-crowned Kinglet,0.6906003952026367,2024-04-09T06:56:00Z,06:56:00
20240401_143400.WAV,24,27,Poecile gambeli_Mountain Chickadee,0.6716103553771973,2024-04-01T14:34:00Z,14:34:00
20240409_061300.WAV,3,6,Certhia americana_Brown Creeper,0.8304465413093567,2024-04-09T06:13:00Z,06:13:00
20240409_061300.WAV,9,12,Certhia americana_Brown Creeper,0.9373767375946044,2024-04-09T06:13:00Z,06:13:00
20240409_061300.WAV,12,15,Certhia americana_Brown Creeper,0.4130563735961914,2024-04-09T06:13:00Z,06:13:00
20240409_061300.WAV,18,21,Certhia americana_Brown Creeper,0.49003034830093384,2024-04-09T06:13:00Z,06:13:00
20240409_061300.WAV,21,24,Certhia americana_Brown Creeper,0.5054483413696289,2024-04-09T06:13:00Z,06:13:00
20240409_061300.WAV,30,33,Poecile atricapillus_Black-capped Chickadee,0.44818544387817383,2024-04-09T06:13:00Z,06:13:00
20240409_061300.WAV,33,36,Certhia americana_Brown Creeper,0.8491258025169373,2024-04-09T06:13:00Z,06:13:00
20240409_061300.WAV,36,39,Certhia americana_Brown Creeper,0.532733142375946,2024-04-09T06:13:00Z,06:13:00
20240409_061300.WAV,39,42,Certhia americana_Brown Creeper,0.7454755306243896,2024-04-09T06:13:00Z,06:13:00
20240409_061300.WAV,42,45,Certhia americana_Brown Creeper,0.48494410514831543,2024-04-09T06:13:00Z,06:13:00
20240409_061300.WAV,45,48,Certhia americana_Brown Creeper,0.8120793700218201,2024-04-09T06:13:00Z,06:13:00
20240409_061300.WAV,48,51,Certhia americana_Brown Creeper,0.5915464758872986,2024-04-09T06:13:00Z,06:13:00
20240409_061300.WAV,51,54,Certhia americana_Brown Creeper,0.535849392414093,2024-04-09T06:13:00Z,06:13:00
20240407_062200.WAV,3,6,Corvus brachyrhynchos_American Crow,0.8034615516662598,2024-04-07T06:22:00Z,06:22:00
20240407_062200.WAV,3,6,Poecile atricapillus_Black-capped Chickadee,0.7335432171821594,2024-04-07T06:22:00Z,06:22:00
20240407_062200.WAV,15,18,Certhia americana_Brown Creeper,0.6563320755958557,2024-04-07T06:22:00Z,06:22:00
20240407_062200.WAV,24,27,Poecile atricapillus_Black-capped Chickadee,0.4547169804573059,2024-04-07T06:22:00Z,06:22:00
20240407_062200.WAV,33,36,Certhia americana_Brown Creeper,0.9270123243331908,2024-04-07T06:22:00Z,06:22:00
20240407_062200.WAV,45,48,Sitta carolinensis_White-breasted Nuthatch,0.4208293557167053,2024-04-07T06:22:00Z,06:22:00
20240407_062200.WAV,51,54,Certhia americana_Brown Creeper,0.8567367792129517,2024-04-07T06:22:00Z,06:22:00
20240404_160800.WAV,45,48,Porzana porzana_Spotted Crake,0.7400937080383301,2024-04-04T16:08:00Z,16:08:00
20240414_152200.WAV,42,45,Certhia americana_Brown Creeper,0.47610369324684143,2024-04-14T15:22:00Z,15:22:00
20240414_152200.WAV,42,45,Regulus satrapa_Golden-crowned Kinglet,0.540342390537262,2024-04-14T15:22:00Z,15:22:00
20240413_150100.WAV,12,15,Branta canadensis_Canada Goose,0.5267492532730103,2024-04-13T15:01:00Z,15:01:00
20240413_150100.WAV,15,18,Branta canadensis_Canada Goose,0.7437409162521362,2024-04-13T15:01:00Z,15:01:00
20240413_150100.WAV,18,21,Branta canadensis_Canada Goose,0.7179288268089294,2024-04-13T15:01:00Z,15:01:00
20240413_150100.WAV,21,24,Branta canadensis_Canada Goose,0.6535414457321167,2024-04-13T15:01:00Z,15:01:00
20240413_150100.WAV,24,27,Branta canadensis_Canada Goose,0.6631849408149719,2024-04-13T15:01:00Z,15:01:00
20240413_150100.WAV,27,30,Branta canadensis_Canada Goose,0.71543121337890625,2024-04-13T15:01:00Z,15:01:00
20240413_150100.WAV,42,45,Branta canadensis_Canada Goose,0.5021398663520813,2024-04-13T15:01:00Z,15:01:00
20240409_055700.WAV,6,9,Regulus regulus_Goldcrest,0.4003236591815949,2024-04-09T05:57:00Z,05:57:00
20240401_154800.WAV,21,24,Aegolius acadicus_Northern Saw-whet Owl,0.6905449628829956,2024-04-01T15:48:00Z,15:48:00
20240401_154800.WAV,30,33,Aegolius acadicus_Northern Saw-whet Owl,0.5201097130775452,2024-04-01T15:48:00Z,15:48:00
20240401_154800.WAV,48,51,Aegolius acadicus_Northern Saw-whet Owl,0.5225762724876404,2024-04-01T15:48:00Z,15:48:00
20240411_162700.WAV,0,3,Anas platyrhynchos_Mallard,0.6311987042427063,2024-04-11T16:27:00Z,16:27:00
20240411_162700.WAV,3,6,Anas platyrhynchos_Mallard,0.7316802144050598,2024-04-11T16:27:00Z,16:27:00
20240411_162700.WAV,6,9,Anas platyrhynchos_Mallard,0.7273377776145935,2024-04-11T16:27:00Z,16:27:00
20240410_071300.WAV,21,24,Sayornis phoebe_Eastern Phoebe,0.5618829131126404,2024-04-10T07:13:00Z,07:13:00
20240410_071300.WAV,24,27,Sayornis phoebe_Eastern Phoebe,0.790162205696106,2024-04-10T07:13:00Z,07:13:00
20240410_071300.WAV,27,30,Sayornis phoebe_Eastern Phoebe,0.82861328125,2024-04-10T07:13:00Z,07:13:00
20240410_071300.WAV,33,36,Sayornis phoebe_Eastern Phoebe,0.6745111346244812,2024-04-10T07:13:00Z,07:13:00
20240410_071300.WAV,42,45,Sayornis phoebe_Eastern Phoebe,0.7448932528495789,2024-04-10T07:13:00Z,07:13:00
20240410_071300.WAV,45,48,Sayornis phoebe_Eastern Phoebe,0.5856193900108337,2024-04-10T07:13:00Z,07:13:00
20240410_071300.WAV,48,51,Sayornis phoebe_Eastern Phoebe,0.6578363180160522,2024-04-10T07:13:00Z,07:13:00
20240410_071300.WAV,48,51,Aix sponsa_Wood Duck,0.5963585376739502,2024-04-10T07:13:00Z,07:13:00
20240416_060400.WAV,0,3,Colaptes auratus_Northern Flicker,0.5378347039222717,2024-04-16T06:04:00Z,06:04:00
20240416_060400.WAV,3,6,Colaptes auratus_Northern Flicker,0.9292771220207214,2024-04-16T06:04:00Z,06:04:00
20240416_060400.WAV,6,9,Colaptes auratus_Northern Flicker,0.9397879242897034,2024-04-16T06:04:00Z,06:04:00
20240416_060400.WAV,9,12,Colaptes auratus_Northern Flicker,0.7364599108695984,2024-04-16T06:04:00Z,06:04:00
20240416_060400.WAV,36,39,Sphyrapicus varius_Yellow-bellied Sapsucker,0.9161101579666138,2024-04-16T06:04:00Z,06:04:00
20240416_060400.WAV,39,42,Sphyrapicus varius_Yellow-bellied Sapsucker,0.4576813876628876,2024-04-16T06:04:00Z,06:04:00
20240416_060400.WAV,45,48,Poecile gambeli_Mountain Chickadee,0.5043508410453796,2024-04-16T06:04:00Z,06:04:00
20240411_062700.WAV,24,27,Certhia americana_Brown Creeper,0.5806543231010437,2024-04-11T06:27:00Z,06:27:00
20240411_062700.WAV,30,33,Colaptes auratus_Northern Flicker,0.4937051832675934,2024-04-11T06:27:00Z,06:27:00
20240411_062700.WAV,42,45,Certhia americana_Brown Creeper,0.6442469358444214,2024-04-11T06:27:00Z,06:27:00
20240411_062700.WAV,48,51,Aix sponsa_Wood Duck,0.6460816860198975,2024-04-11T06:27:00Z,06:27:00
20240411_062700.WAV,51,54,Colaptes auratus_Northern Flicker,0.40207090973854065,2024-04-11T06:27:00Z,06:27:00
20240404_143000.WAV,42,45,Porzana porzana_Spotted Crake,0.4836403727531433,2024-04-04T14:30:00Z,14:30:00
20240412_164800.WAV,24,27,Porzana porzana_Spotted Crake,0.5172536373138428,2024-04-12T16:48:00Z,16:48:00
20240412_192600.WAV,42,45,Porzana porzana_Spotted Crake,0.4088573157787323,2024-04-12T19:26:00Z,19:26:00
20240415_194000.WAV,12,15,Turdus migratorius_American Robin,0.43463343381881714,2024-04-15T19:40:00Z,19:40:00
20240411_152600.WAV,0,3,Certhia americana_Brown Creeper,0.9838157296180724,2024-04-11T15:26:00Z,15:26:00
20240411_152600.WAV,3,6,Certhia americana_Brown Creeper,0.886874794960022,2024-04-11T15:26:00Z,15:26:00
20240402_062600.WAV,21,24,Turdus migratorius_American Robin,0.48522812128067017,2024-04-02T06:26:00Z,06:26:00
20240402_062600.WAV,27,30,Certhia americana_Brown Creeper,0.6840726733207703,2024-04-02T06:26:00Z,06:26:00
20240402_062600.WAV,36,39,Certhia americana_Brown Creeper,0.8165324926376343,2024-04-02T06:26:00Z,06:26:00
20240402_062600.WAV,42,45,Certhia americana_Brown Creeper,0.5921743512153625,2024-04-02T06:26:00Z,06:26:00
20240405_164000.WAV,27,30,Turdus migratorius_American Robin,0.4358644485473633,2024-04-05T16:40:00Z,16:40:00
20240405_064000.WAV,3,6,Turdus migratorius_American Robin,0.545956552028656,2024-04-05T06:40:00Z,06:40:00
20240405_064000.WAV,39,42,Turdus migratorius_American Robin,0.452480286359787,2024-04-05T06:40:00Z,06:40:00
20240402_162600.WAV,30,33,Porzana porzana_Spotted Crake,0.46887725591659546,2024-04-02T16:26:00Z,16:26:00
20240413_064501.WAV,33,36,Dryobates pubescens_Downy Woodpecker,0.5254294872283936,2024-04-13T06:45:01Z,06:45:01
20240406_194100.WAV,21,24,Turdus migratorius_American Robin,0.4305428862571716,2024-04-06T19:41:00Z,19:41:00
20240406_194100.WAV,36,39,Turdus migratorius_American Robin,0.4307941496372223,2024-04-06T19:41:00Z,19:41:00
20240406_194100.WAV,42,45,Turdus migratorius_American Robin,0.5003008246421814,2024-04-06T19:41:00Z,19:41:00
20240406_194100.WAV,45,48,Turdus migratorius_American Robin,0.5500834584236145,2024-04-06T19:41:00Z,19:41:00
20240401_192700.WAV,0,3,Turdus migratorius_American Robin,0.4064177870750427,2024-04-01T19:27:00Z,19:27:00
20240401_192700.WAV,9,12,Turdus migratorius_American Robin,0.4452517032623291,2024-04-01T19:27:00Z,19:27:00
20240401_192700.WAV,15,18,Turdus migratorius_American Robin,0.5652365684509277,2024-04-01T19:27:00Z,19:27:00
20240401_192700.WAV,18,21,Turdus migratorius_American Robin,0.5010527968406677,2024-04-01T19:27:00Z,19:27:00
20240401_192700.WAV,21,24,Turdus migratorius_American Robin,0.4313944280147553,2024-04-01T19:27:00Z,19:27:00
20240401_192700.WAV,27,30,Turdus migratorius_American Robin,0.8974895477294922,2024-04-01T19:27:00Z,19:27:00
20240401_192700.WAV,33,36,Turdus migratorius_American Robin,0.7798205018043518,2024-04-01T19:27:00Z,19:27:00
20240401_192700.WAV,36,39,Turdus migratorius_American Robin,0.7196646332740784,2024-04-01T19:27:00Z,19:27:00
20240401_192700.WAV,39,42,Turdus migratorius_American Robin,0.886685311794281,2024-04-01T19:27:00Z,19:27:00
20240401_192700.WAV,42,45,Turdus migratorius_American Robin,0.7922876477241516,2024-04-01T19:27:00Z,19:27:00
20240401_192700.WAV,45,48,Turdus migratorius_American Robin,0.4193854331970215,2024-04-01T19:27:00Z,19:27:00
20240401_192700.WAV,48,51,Turdus migratorius_American Robin,0.5914239883422852,2024-04-01T19:27:00Z,19:27:00
20240401_192700.WAV,51,54,Turdus migratorius_American Robin,0.6602246165275574,2024-04-01T19:27:00Z,19:27:00
20240401_192700.WAV,54,55,Turdus migratorius_American Robin,0.4865653812885285,2024-04-01T19:27:00Z,19:27:00
20240407_064300.WAV,9,12,Certhia americana_Brown Creeper,0.5356047749519348,2024-04-07T06:43:00Z,06:43:00
20240407_064300.WAV,39,42,Certhia americana_Brown Creeper,0.8291795253753662,2024-04-07T06:43:00Z,06:43:00
20240407_064300.WAV,42,45,Certhia americana_Brown Creeper,0.6743597984313965,2024-04-07T06:43:00Z,06:43:00
20240414_150600.WAV,15,18,Anas platyrhynchos_Mallard,0.8509753942489624,2024-04-14T15:06:00Z,15:06:00
20240414_150600.WAV,18,21,Anas platyrhynchos_Mallard,0.6785609126091003,2024-04-14T15:06:00Z,15:06:00
20240414_150600.WAV,21,24,Anas platyrhynchos_Mallard,0.4499113559722901,2024-04-14T15:06:00Z,15:06:00
20240414_150600.WAV,24,27,Certhia americana_Brown Creeper,0.7012737989425659,2024-04-14T15:06:00Z,15:06:00
20240414_150600.WAV,36,39,Anas platyrhynchos_Mallard,0.7140028476715088,2024-04-14T15:06:00Z,15:06:00
20240414_150600.WAV,39,42,Nucifraga caryocatactes_Eurasian Nutcracker,0.6249223947525024,2024-04-14T15:06:00Z,15:06:00
20240414_150600.WAV,54,55,Anas platyrhynchos_Mallard,0.4362516403198242,2024-04-14T15:06:00Z,15:06:00
20240401_071100.WAV,3,6,Turdus migratorius_American Robin,0.5610811114311218,2024-04-01T07:11:00Z,07:11:00
20240409_153600.WAV,0,3,Poecile atricapillus_Black-capped Chickadee,0.445573627948761,2024-04-09T15:36:00Z,15:36:00
20240409_153600.WAV,12,15,Poecile atricapillus_Black-capped Chickadee,0.45347240567207336,2024-04-09T15:36:00Z,15:36:00
20240409_153600.WAV,33,36,Poecile atricapillus_Black-capped Chickadee,0.5211286544799805,2024-04-09T15:36:00Z,15:36:00
20240413_152500.WAV,24,27,Botaurus lentiginosus_American Bittern,0.5856465101242065,2024-04-13T15:25:00Z,15:25:00
20240408_140200.WAV,3,6,Corvus brachyrhynchos_American Crow,0.6032683253288269,2024-04-08T14:02:00Z,14:02:00
20240408_140200.WAV,12,15,Corvus brachyrhynchos_American Crow,0.6834850311279297,2024-04-08T14:02:00Z,14:02:00
20240408_140200.WAV,39,42,Corvus brachyrhynchos_American Crow,0.5240234136581421,2024-04-08T14:02:00Z,14:02:00
20240407_164300.WAV,36,39,Poecile atricapillus_Black-capped Chickadee,0.5873400568962097,2024-04-07T16:43:00Z,16:43:00
20240407_164300.WAV,42,45,Poecile atricapillus_Black-capped Chickadee,0.43267208337783813,2024-04-07T16:43:00Z,16:43:00
20240407_164300.WAV,45,48,Poecile atricapillus_Black-capped Chickadee,0.6968778371810913,2024-04-07T16:43:00Z,16:43:00
20240407_164300.WAV,48,51,Poecile atricapillus_Black-capped Chickadee,0.6102190613746643,2024-04-07T16:43:00Z,16:43:00
20240404_190700.WAV,9,12,Certhia americana_Brown Creeper,0.6079915761947632,2024-04-04T19:07:00Z,19:07:00
20240404_190700.WAV,12,15,Certhia americana_Brown Creeper,0.40711578726768494,2024-04-04T19:07:00Z,19:07:00
20240404_190700.WAV,33,36,Certhia americana_Brown Creeper,0.4293159544467926,2024-04-04T19:07:00Z,19:07:00
20240413_062400.WAV,0,3,Certhia americana_Brown Creeper,0.6924943923950195,2024-04-13T06:24:00Z,06:24:00
20240413_062400.WAV,9,12,Certhia americana_Brown Creeper,0.9005049467086792,2024-04-13T06:24:00Z,06:24:00
20240413_062400.WAV,15,18,Strepera versicolor_Gray Currawong,0.5164300203323364,2024-04-13T06:24:00Z,06:24:00
20240413_062400.WAV,18,21,Certhia americana_Brown Creeper,0.965222418308258,2024-04-13T06:24:00Z,06:24:00
20240413_062400.WAV,24,27,Certhia americana_Brown Creeper,0.4010796844959259,2024-04-13T06:24:00Z,06:24:00
20240413_062400.WAV,27,30,Certhia americana_Brown Creeper,0.8369805812835693,2024-04-13T06:24:00Z,06:24:00
20240413_062400.WAV,30,33,Certhia americana_Brown Creeper,0.973723530769348,2024-04-13T06:24:00Z,06:24:00
20240413_062400.WAV,42,45,Certhia americana_Brown Creeper,0.931877851486206,2024-04-13T06:24:00Z,06:24:00
20240413_062400.WAV,54,55,Certhia americana_Brown Creeper,0.5670212507247925,2024-04-13T06:24:00Z,06:24:00
20240408_070300.WAV,6,9,Certhia americana_Brown Creeper,0.4322879910469055,2024-04-08T07:03:00Z,07:03:00
20240408_070300.WAV,9,12,Certhia americana_Brown Creeper,0.8293845653533936,2024-04-08T07:03:00Z,07:03:00
20240408_070300.WAV,18,21,Certhia americana_Brown Creeper,0.9281320571899414,2024-04-08T07:03:00Z,07:03:00
20240408_070300.WAV,27,30,Certhia americana_Brown Creeper,0.8881288766860962,2024-04-08T07:03:00Z,07:03:00
20240408_070300.WAV,33,36,Certhia americana_Brown Creeper,0.5566138625144958,2024-04-08T07:03:00Z,07:03:00
20240408_070300.WAV,45,48,Certhia americana_Brown Creeper,0.726568341255188,2024-04-08T07:03:00Z,07:03:00
20240408_070300.WAV,48,51,Certhia americana_Brown Creeper,0.9539833068847656,2024-04-08T07:03:00Z,07:03:00
20240408_070300.WAV,51,54,Certhia americana_Brown Creeper,0.7116188406944275,2024-04-08T07:03:00Z,07:03:00
20240414_064200.WAV,21,24,Certhia americana_Brown Creeper,0.4991225004196167,2024-04-14T06:42:00Z,06:42:00
20240414_064200.WAV,45,48,Certhia americana_Brown Creeper,0.5477893352508545,2024-04-14T06:42:00Z,06:42:00
20240405_070100.WAV,12,15,Turdus migratorius_American Robin,0.4044684171676636,2024-04-05T07:01:00Z,07:01:00
20240405_070100.WAV,39,42,Regulus regulus_Goldcrest,0.7669492363929749,2024-04-05T07:01:00Z,07:01:00
20240403_065300.WAV,51,54,Porzana porzana_Spotted Crake,0.460512638092041,2024-04-03T06:53:00Z,06:53:00
20240410_151600.WAV,51,54,Certhia americana_Brown Creeper,0.8409895300865173,2024-04-10T15:16:00Z,15:16:00
20240411_142200.WAV,3,6,Poecile atricapillus_Black-capped Chickadee,0.4082200229167938,2024-04-11T14:22:00Z,14:22:00
20240411_142200.WAV,27,30,Certhia americana_Brown Creeper,0.6649360656738281,2024-04-11T14:22:00Z,14:22:00
20240404_063500.WAV,0,3,Certhia americana_Brown Creeper,0.8147764801979065,2024-04-04T06:35:00Z,06:35:00
20240404_063500.WAV,3,6,Certhia americana_Brown Creeper,0.9295784831047058,2024-04-04T06:35:00Z,06:35:00
20240404_063500.WAV,9,12,Certhia americana_Brown Creeper,0.9723830819129944,2024-04-04T06:35:00Z,06:35:00
20240404_063500.WAV,12,15,Certhia americana_Brown Creeper,0.883659303188324,2024-04-04T06:35:00Z,06:35:00
20240404_063500.WAV,15,18,Certhia americana_Brown Creeper,0.4714566767215729,2024-04-04T06:35:00Z,06:35:00
20240404_063500.WAV,18,21,Certhia americana_Brown Creeper,0.95929718017578125,2024-04-04T06:35:00Z,06:35:00
20240404_063500.WAV,21,24,Certhia americana_Brown Creeper,0.54767245054245,2024-04-04T06:35:00Z,06:35:00
20240404_063500.WAV,24,27,Certhia americana_Brown Creeper,0.8577741980552673,2024-04-04T06:35:00Z,06:35:00
20240404_063500.WAV,27,30,Certhia americana_Brown Creeper,0.9647088050842284,2024-04-04T06:35:00Z,06:35:00
20240404_063500.WAV,39,42,Certhia americana_Brown Creeper,0.9658873677253724,2024-04-04T06:35:00Z,06:35:00
20240404_063500.WAV,48,51,Certhia americana_Brown Creeper,0.5553687810897827,2024-04-04T06:35:00Z,06:35:00
20240413_195300.WAV,30,33,Botaurus lentiginosus_American Bittern,0.6644454598426819,2024-04-13T19:53:00Z,19:53:00
20240413_195300.WAV,42,45,Botaurus lentiginosus_American Bittern,0.42111164331436157,2024-04-13T19:53:00Z,19:53:00
20240413_191600.WAV,48,51,Turdus migratorius_American Robin,0.5522356629371643,2024-04-13T19:16:00Z,19:16:00
20240331_063600.WAV,0,3,Certhia americana_Brown Creeper,0.9874706864356996,2024-03-31T06:36:00Z,06:36:00
20240331_063600.WAV,3,6,Certhia americana_Brown Creeper,0.7008921504020691,2024-03-31T06:36:00Z,06:36:00
20240331_063600.WAV,9,12,Certhia americana_Brown Creeper,0.988654851913452,2024-03-31T06:36:00Z,06:36:00
20240331_063600.WAV,12,15,Certhia americana_Brown Creeper,0.5974863767623901,2024-03-31T06:36:00Z,06:36:00
20240331_063600.WAV,15,18,Certhia americana_Brown Creeper,0.990712583065033,2024-03-31T06:36:00Z,06:36:00
20240331_063600.WAV,24,27,Regulus regulus_Goldcrest,0.4183417856693268,2024-03-31T06:36:00Z,06:36:00
20240331_063600.WAV,27,30,Certhia americana_Brown Creeper,0.9911621809005736,2024-03-31T06:36:00Z,06:36:00
20240331_063600.WAV,33,36,Certhia americana_Brown Creeper,0.9831954836845398,2024-03-31T06:36:00Z,06:36:00
20240331_063600.WAV,36,39,Certhia americana_Brown Creeper,0.9404773116111756,2024-03-31T06:36:00Z,06:36:00
20240331_063600.WAV,39,42,Certhia americana_Brown Creeper,0.4904200732707978,2024-03-31T06:36:00Z,06:36:00
20240331_063600.WAV,42,45,Certhia americana_Brown Creeper,0.9080843329429626,2024-03-31T06:36:00Z,06:36:00
20240331_063600.WAV,48,51,Certhia americana_Brown Creeper,0.5734120011329651,2024-03-31T06:36:00Z,06:36:00
20240410_161700.WAV,12,15,Certhia americana_Brown Creeper,0.9661911725997924,2024-04-10T16:17:00Z,16:17:00
20240410_161700.WAV,15,18,Certhia americana_Brown Creeper,0.817581832408905,2024-04-10T16:17:00Z,16:17:00
20240403_055200.WAV,27,30,Porzana porzana_Spotted Crake,0.6858095526695251,2024-04-03T05:52:00Z,05:52:00
20240403_055200.WAV,30,33,Porzana porzana_Spotted Crake,0.6552391052246094,2024-04-03T05:52:00Z,05:52:00
20240404_153400.WAV,9,12,Porzana porzana_Spotted Crake,0.4405507147312164,2024-04-04T15:34:00Z,15:34:00
20240410_065200.WAV,9,12,Regulus satrapa_Golden-crowned Kinglet,0.4294007420539856,2024-04-10T06:52:00Z,06:52:00
20240410_065200.WAV,15,18,Colaptes auratus_Northern Flicker,0.49039342999458313,2024-04-10T06:52:00Z,06:52:00
20240410_065200.WAV,54,55,Poecile atricapillus_Black-capped Chickadee,0.4241524040699005,2024-04-10T06:52:00Z,06:52:00
20240412_070900.WAV,18,21,Corvus brachyrhynchos_American Crow,0.46337246894836426,2024-04-12T07:09:00Z,07:09:00
20240410_061700.WAV,3,6,Certhia americana_Brown Creeper,0.5607244372367859,2024-04-10T06:17:00Z,06:17:00
20240411_191500.WAV,6,9,Certhia americana_Brown Creeper,0.9082266092300416,2024-04-11T19:15:00Z,19:15:00
20240411_191500.WAV,30,33,Certhia americana_Brown Creeper,0.566849410533905,2024-04-11T19:15:00Z,19:15:00
20240411_191500.WAV,33,36,Certhia americana_Brown Creeper,0.9345675110816956,2024-04-11T19:15:00Z,19:15:00
20240415_195900.WAV,36,39,Aegolius acadicus_Northern Saw-whet Owl,0.40804940462112427,2024-04-15T19:59:00Z,19:59:00
20240408_160700.WAV,12,15,Corvus brachyrhynchos_American Crow,0.46330782771110535,2024-04-08T16:07:00Z,16:07:00
20240412_065100.WAV,42,45,Certhia americana_Brown Creeper,0.9493743181228638,2024-04-12T06:51:00Z,06:51:00
20240412_065100.WAV,51,54,Turdus migratorius_American Robin,0.4001430571079254,2024-04-12T06:51:00Z,06:51:00
20240407_140300.WAV,21,24,Anas platyrhynchos_Mallard,0.5323463082313538,2024-04-07T14:03:00Z,14:03:00
20240407_140300.WAV,30,33,Certhia americana_Brown Creeper,0.5521853566169739,2024-04-07T14:03:00Z,14:03:00
20240412_061400.WAV,21,24,Certhia americana_Brown Creeper,0.6229605078697205,2024-04-12T06:14:00Z,06:14:00
20240412_061400.WAV,24,27,Certhia americana_Brown Creeper,0.8766118884086609,2024-04-12T06:14:00Z,06:14:00
20240408_060700.WAV,0,3,Aix sponsa_Wood Duck,0.8819582462310791,2024-04-08T06:07:00Z,06:07:00
20240408_060700.WAV,3,6,Certhia americana_Brown Creeper,0.6191486716270447,2024-04-08T06:07:00Z,06:07:00
20240408_060700.WAV,12,15,Certhia americana_Brown Creeper,0.8158533573150635,2024-04-08T06:07:00Z,06:07:00
20240408_060700.WAV,21,24,Certhia americana_Brown Creeper,0.6050726175308228,2024-04-08T06:07:00Z,06:07:00
20240408_064200.WAV,9,12,Certhia americana_Brown Creeper,0.8901411294937134,2024-04-08T06:42:00Z,06:42:00
20240408_064200.WAV,42,45,Certhia americana_Brown Creeper,0.9832119345664978,2024-04-08T06:42:00Z,06:42:00
20240330_193400.WAV,9,12,Turdus migratorius_American Robin,0.648194432258606,2024-03-30T19:34:00Z,19:34:00
20240330_193400.WAV,12,15,Turdus migratorius_American Robin,0.4586208760738373,2024-03-30T19:34:00Z,19:34:00
20240330_193400.WAV,15,18,Turdus migratorius_American Robin,0.5606310367584229,2024-03-30T19:34:00Z,19:34:00
20240330_193400.WAV,24,27,Turdus migratorius_American Robin,0.5454996824264526,2024-03-30T19:34:00Z,19:34:00
20240330_193400.WAV,30,33,Turdus migratorius_American Robin,0.7813382148742676,2024-03-30T19:34:00Z,19:34:00
20240414_140200.WAV,33,36,Regulus satrapa_Golden-crowned Kinglet,0.6848405003547668,2024-04-14T14:02:00Z,14:02:00
20240414_140200.WAV,51,54,Regulus satrapa_Golden-crowned Kinglet,0.8201603889465332,2024-04-14T14:02:00Z,14:02:00
20240401_061500.WAV,0,3,Turdus migratorius_American Robin,0.7533672451972961,2024-04-01T06:15:00Z,06:15:00
20240401_061500.WAV,48,51,Turdus migratorius_American Robin,0.5847423672676086,2024-04-01T06:15:00Z,06:15:00
20240405_065900.WAV,0,3,Turdus migratorius_American Robin,0.5518276691436768,2024-04-05T06:59:00Z,06:59:00
20240405_065900.WAV,3,6,Turdus migratorius_American Robin,0.6575161218643188,2024-04-05T06:59:00Z,06:59:00
20240405_065900.WAV,6,9,Turdus migratorius_American Robin,0.5057695508003235,2024-04-05T06:59:00Z,06:59:00
20240405_065900.WAV,9,12,Turdus migratorius_American Robin,0.5555699467658997,2024-04-05T06:59:00Z,06:59:00
20240405_065900.WAV,18,21,Turdus migratorius_American Robin,0.8578776121139526,2024-04-05T06:59:00Z,06:59:00
20240405_065900.WAV,21,24,Turdus migratorius_American Robin,0.44131597876548767,2024-04-05T06:59:00Z,06:59:00
20240405_065900.WAV,24,27,Turdus migratorius_American Robin,0.4031051993370056,2024-04-05T06:59:00Z,06:59:00
20240405_065900.WAV,27,30,Turdus migratorius_American Robin,0.46154743432998657,2024-04-05T06:59:00Z,06:59:00
20240405_065900.WAV,33,36,Turdus migratorius_American Robin,0.5465266704559326,2024-04-05T06:59:00Z,06:59:00
20240405_065900.WAV,39,42,Turdus migratorius_American Robin,0.5193411707878113,2024-04-05T06:59:00Z,06:59:00
20240412_155000.WAV,21,24,Regulus satrapa_Golden-crowned Kinglet,0.4761640727519989,2024-04-12T15:50:00Z,15:50:00
20240407_070200.WAV,0,3,Certhia americana_Brown Creeper,0.8732588887214661,2024-04-07T07:02:00Z,07:02:00
20240407_070200.WAV,9,12,Certhia americana_Brown Creeper,0.8380492925643921,2024-04-07T07:02:00Z,07:02:00
20240407_070200.WAV,21,24,Certhia americana_Brown Creeper,0.8663665652275085,2024-04-07T07:02:00Z,07:02:00
20240407_070200.WAV,30,33,Certhia americana_Brown Creeper,0.7922536134719849,2024-04-07T07:02:00Z,07:02:00
20240407_070200.WAV,33,36,Certhia americana_Brown Creeper,0.6978608965873718,2024-04-07T07:02:00Z,07:02:00
20240407_070200.WAV,39,42,Certhia americana_Brown Creeper,0.5039582252502441,2024-04-07T07:02:00Z,07:02:00
20240407_070200.WAV,51,54,Certhia americana_Brown Creeper,0.4775643050670624,2024-04-07T07:02:00Z,07:02:00
20240412_151500.WAV,12,15,Certhia americana_Brown Creeper,0.7627943158149719,2024-04-12T15:15:00Z,15:15:00
20240406_192000.WAV,15,18,Turdus migratorius_American Robin,0.4260753095149994,2024-04-06T19:20:00Z,19:20:00
20240401_190300.WAV,30,33,Poecile gambeli_Mountain Chickadee,0.5819040536880493,2024-04-01T19:03:00Z,19:03:00
20240331_145200.WAV,0,3,Regulus regulus_Goldcrest,0.6252644658088684,2024-03-31T14:52:00Z,14:52:00
20240331_145200.WAV,12,15,Certhia americana_Brown Creeper,0.8880221247673035,2024-03-31T14:52:00Z,14:52:00
20240331_145200.WAV,39,42,Certhia americana_Brown Creeper,0.5036608576774597,2024-03-31T14:52:00Z,14:52:00
20240331_145200.WAV,39,42,Regulus regulus_Goldcrest,0.5636220574378967,2024-03-31T14:52:00Z,14:52:00
20240402_064700.WAV,12,15,Turdus migratorius_American Robin,0.5383318066596985,2024-04-02T06:47:00Z,06:47:00
20240402_064700.WAV,51,54,Turdus migratorius_American Robin,0.5042233467102051,2024-04-02T06:47:00Z,06:47:00
20240411_150200.WAV,30,33,Certhia americana_Brown Creeper,0.8013496994972229,2024-04-11T15:02:00Z,15:02:00
20240411_154700.WAV,6,9,Corvus brachyrhynchos_American Crow,0.6038935780525208,2024-04-11T15:47:00Z,15:47:00
20240411_154700.WAV,24,27,Certhia americana_Brown Creeper,0.4571841061115265,2024-04-11T15:47:00Z,15:47:00
20240411_154700.WAV,27,30,Certhia americana_Brown Creeper,0.945513904094696,2024-04-11T15:47:00Z,15:47:00
20240411_154700.WAV,39,42,Certhia americana_Brown Creeper,0.8531399965286255,2024-04-11T15:47:00Z,15:47:00
20240411_154700.WAV,42,45,Certhia americana_Brown Creeper,0.736167848110199,2024-04-11T15:47:00Z,15:47:00
20240410_143600.WAV,3,6,Sayornis phoebe_Eastern Phoebe,0.948515236377716,2024-04-10T14:36:00Z,14:36:00
20240401_062800.WAV,3,6,Corvus brachyrhynchos_American Crow,0.4035831391811371,2024-04-01T06:28:00Z,06:28:00
20240401_062800.WAV,6,9,Turdus migratorius_American Robin,0.48573824763298035,2024-04-01T06:28:00Z,06:28:00
20240401_062800.WAV,9,12,Certhia americana_Brown Creeper,0.8659359216690063,2024-04-01T06:28:00Z,06:28:00
20240401_062800.WAV,18,21,Corvus brachyrhynchos_American Crow,0.6177211999893188,2024-04-01T06:28:00Z,06:28:00
20240401_062800.WAV,24,27,Turdus migratorius_American Robin,0.470788836479187,2024-04-01T06:28:00Z,06:28:00
20240401_062800.WAV,42,45,Corvus brachyrhynchos_American Crow,0.5337980389595032,2024-04-01T06:28:00Z,06:28:00
20240402_160200.WAV,6,9,Porzana porzana_Spotted Crake,0.44898155331611633,2024-04-02T16:02:00Z,16:02:00
20240412_190200.WAV,45,48,Turdus migratorius_American Robin,0.4038108289241791,2024-04-12T19:02:00Z,19:02:00
20240411_192800.WAV,0,3,Certhia americana_Brown Creeper,0.9875144958496094,2024-04-11T19:28:00Z,19:28:00
20240411_192800.WAV,18,21,Certhia americana_Brown Creeper,0.7523472309112549,2024-04-11T19:28:00Z,19:28:00
20240411_192800.WAV,24,27,Certhia americana_Brown Creeper,0.5059311985969543,2024-04-11T19:28:00Z,19:28:00
20240411_192800.WAV,27,30,Certhia americana_Brown Creeper,0.6596132516860962,2024-04-11T19:28:00Z,19:28:00
20240411_192800.WAV,36,39,Certhia americana_Brown Creeper,0.7192497253417969,2024-04-11T19:28:00Z,19:28:00
20240411_192800.WAV,42,45,Certhia americana_Brown Creeper,0.7018852233886719,2024-04-11T19:28:00Z,19:28:00
20240411_192800.WAV,45,48,Regulus regulus_Goldcrest,0.7758496403694153,2024-04-11T19:28:00Z,19:28:00
20240411_192800.WAV,51,54,Certhia americana_Brown Creeper,0.5600336790084839,2024-04-11T19:28:00Z,19:28:00
20240412_062900.WAV,3,6,Certhia americana_Brown Creeper,0.981276035308838,2024-04-12T06:29:00Z,06:29:00
20240412_062900.WAV,18,21,Certhia americana_Brown Creeper,0.41713547706604,2024-04-12T06:29:00Z,06:29:00
20240412_062900.WAV,33,36,Certhia americana_Brown Creeper,0.702873706817627,2024-04-12T06:29:00Z,06:29:00
20240412_062900.WAV,36,39,Colaptes auratus_Northern Flicker,0.5051736235618591,2024-04-12T06:29:00Z,06:29:00
20240412_062900.WAV,39,42,Colaptes auratus_Northern Flicker,0.7153953313827515,2024-04-12T06:29:00Z,06:29:00
20240412_062900.WAV,42,45,Certhia americana_Brown Creeper,0.6334061622619629,2024-04-12T06:29:00Z,06:29:00
20240412_062900.WAV,51,54,Certhia americana_Brown Creeper,0.47725093364715576,2024-04-12T06:29:00Z,06:29:00
20240411_164600.WAV,6,9,Certhia americana_Brown Creeper,0.4659967124462128,2024-04-11T16:46:00Z,16:46:00
20240411_060300.WAV,27,30,Turdus migratorius_American Robin,0.4672471582889557,2024-04-11T06:03:00Z,06:03:00
20240411_060300.WAV,42,45,Turdus migratorius_American Robin,0.46936455368995667,2024-04-11T06:03:00Z,06:03:00
20240405_064800.WAV,9,12,Turdus migratorius_American Robin,0.4114820957183838,2024-04-05T06:48:00Z,06:48:00
20240409_142300.WAV,42,45,Certhia americana_Brown Creeper,0.45424023270606995,2024-04-09T14:23:00Z,14:23:00
20240409_142300.WAV,42,45,Regulus regulus_Goldcrest,0.8063552975654602,2024-04-09T14:23:00Z,14:23:00
20240401_060400.WAV,33,36,Turdus migratorius_American Robin,0.5887597799301147,2024-04-01T06:04:00Z,06:04:00
20240416_054800.WAV,3,6,Certhia americana_Brown Creeper,0.5880613923072815,2024-04-16T05:48:00Z,05:48:00
20240416_054800.WAV,15,18,Poecile atricapillus_Black-capped Chickadee,0.5564512014389038,2024-04-16T05:48:00Z,05:48:00
20240410_162800.WAV,27,30,Poecile gambeli_Mountain Chickadee,0.5137574672698975,2024-04-10T16:28:00Z,16:28:00
20240406_145000.WAV,18,21,Poecile atricapillus_Black-capped Chickadee,0.4962626099586487,2024-04-06T14:50:00Z,14:50:00
20240406_145000.WAV,24,27,Poecile atricapillus_Black-capped Chickadee,0.6687870621681213,2024-04-06T14:50:00Z,14:50:00
20240406_145000.WAV,27,30,Poecile atricapillus_Black-capped Chickadee,0.6623793840408325,2024-04-06T14:50:00Z,14:50:00
20240406_145000.WAV,30,33,Poecile atricapillus_Black-capped Chickadee,0.7057781219482422,2024-04-06T14:50:00Z,14:50:00
20240406_145000.WAV,33,36,Poecile atricapillus_Black-capped Chickadee,0.8363994359970093,2024-04-06T14:50:00Z,14:50:00
20240406_145000.WAV,36,39,Poecile atricapillus_Black-capped Chickadee,0.4575459957122803,2024-04-06T14:50:00Z,14:50:00
20240406_145000.WAV,42,45,Poecile atricapillus_Black-capped Chickadee,0.4776884615421295,2024-04-06T14:50:00Z,14:50:00
20240406_145000.WAV,45,48,Poecile atricapillus_Black-capped Chickadee,0.6014901399612427,2024-04-06T14:50:00Z,14:50:00
20240406_145000.WAV,51,54,Poecile atricapillus_Black-capped Chickadee,0.5493746995925903,2024-04-06T14:50:00Z,14:50:00
20240410_062800.WAV,3,6,Sayornis phoebe_Eastern Phoebe,0.6389054656028748,2024-04-10T06:28:00Z,06:28:00
20240410_062800.WAV,6,9,Sayornis phoebe_Eastern Phoebe,0.941909909248352,2024-04-10T06:28:00Z,06:28:00
20240410_062800.WAV,9,12,Sayornis phoebe_Eastern Phoebe,0.9777056574821472,2024-04-10T06:28:00Z,06:28:00
20240410_062800.WAV,9,12,Certhia americana_Brown Creeper,0.408187597990036,2024-04-10T06:28:00Z,06:28:00
20240410_062800.WAV,12,15,Sayornis phoebe_Eastern Phoebe,0.9022970795631408,2024-04-10T06:28:00Z,06:28:00
20240410_062800.WAV,15,18,Sayornis phoebe_Eastern Phoebe,0.8643744587898254,2024-04-10T06:28:00Z,06:28:00
20240410_062800.WAV,18,21,Sayornis phoebe_Eastern Phoebe,0.9789956212043762,2024-04-10T06:28:00Z,06:28:00
20240410_062800.WAV,21,24,Sayornis phoebe_Eastern Phoebe,0.9862887859344482,2024-04-10T06:28:00Z,06:28:00
20240410_062800.WAV,24,27,Sayornis phoebe_Eastern Phoebe,0.9949072003364564,2024-04-10T06:28:00Z,06:28:00
20240410_062800.WAV,27,30,Certhia americana_Brown Creeper,0.6015719771385193,2024-04-10T06:28:00Z,06:28:00
20240410_062800.WAV,30,33,Sayornis phoebe_Eastern Phoebe,0.9783536791801452,2024-04-10T06:28:00Z,06:28:00
20240410_062800.WAV,30,33,Certhia americana_Brown Creeper,0.932699739933014,2024-04-10T06:28:00Z,06:28:00
20240410_062800.WAV,33,36,Sayornis phoebe_Eastern Phoebe,0.9981829524040222,2024-04-10T06:28:00Z,06:28:00
20240410_062800.WAV,36,39,Sayornis phoebe_Eastern Phoebe,0.9075921177864076,2024-04-10T06:28:00Z,06:28:00
20240410_062800.WAV,39,42,Certhia americana_Brown Creeper,0.9292595386505128,2024-04-10T06:28:00Z,06:28:00
20240410_062800.WAV,42,45,Sayornis phoebe_Eastern Phoebe,0.6619818806648254,2024-04-10T06:28:00Z,06:28:00
20240410_062800.WAV,45,48,Sayornis phoebe_Eastern Phoebe,0.9824222922325134,2024-04-10T06:28:00Z,06:28:00
20240410_062800.WAV,48,51,Sayornis phoebe_Eastern Phoebe,0.990250051021576,2024-04-10T06:28:00Z,06:28:00
20240410_062800.WAV,48,51,Certhia americana_Brown Creeper,0.9545779824256896,2024-04-10T06:28:00Z,06:28:00
20240410_062800.WAV,51,54,Sayornis phoebe_Eastern Phoebe,0.977763533592224,2024-04-10T06:28:00Z,06:28:00
20240410_062800.WAV,54,55,Sayornis phoebe_Eastern Phoebe,0.9656133055686952,2024-04-10T06:28:00Z,06:28:00
20240331_192200.WAV,15,18,Turdus migratorius_American Robin,0.7893792986869812,2024-03-31T19:22:00Z,19:22:00
20240331_192200.WAV,21,24,Turdus migratorius_American Robin,0.5487766861915588,2024-03-31T19:22:00Z,19:22:00
20240331_192200.WAV,27,30,Turdus migratorius_American Robin,0.9125241041183472,2024-03-31T19:22:00Z,19:22:00
20240331_192200.WAV,30,33,Turdus migratorius_American Robin,0.48804521560668945,2024-03-31T19:22:00Z,19:22:00
20240331_192200.WAV,39,42,Turdus migratorius_American Robin,0.7800644040107727,2024-03-31T19:22:00Z,19:22:00
20240331_192200.WAV,48,51,Turdus migratorius_American Robin,0.9444167613983154,2024-03-31T19:22:00Z,19:22:00
20240331_192200.WAV,51,54,Turdus migratorius_American Robin,0.6369372010231018,2024-03-31T19:22:00Z,19:22:00
20240331_192200.WAV,54,55,Turdus migratorius_American Robin,0.45689815282821655,2024-03-31T19:22:00Z,19:22:00
20240409_065400.WAV,6,9,Regulus satrapa_Golden-crowned Kinglet,0.41850972175598145,2024-04-09T06:54:00Z,06:54:00
20240409_065400.WAV,39,42,Aix sponsa_Wood Duck,0.4276386797428131,2024-04-09T06:54:00Z,06:54:00
20240409_065400.WAV,42,45,Aix sponsa_Wood Duck,0.7148984670639038,2024-04-09T06:54:00Z,06:54:00
20240414_062100.WAV,12,15,Certhia americana_Brown Creeper,0.6788100004196167,2024-04-14T06:21:00Z,06:21:00
20240409_061100.WAV,3,6,Certhia americana_Brown Creeper,0.47916722297668457,2024-04-09T06:11:00Z,06:11:00
20240409_061100.WAV,6,9,Certhia americana_Brown Creeper,0.6306755542755127,2024-04-09T06:11:00Z,06:11:00
20240409_061100.WAV,12,15,Certhia americana_Brown Creeper,0.4134315848350525,2024-04-09T06:11:00Z,06:11:00
20240409_061100.WAV,21,24,Certhia americana_Brown Creeper,0.7542797923088074,2024-04-09T06:11:00Z,06:11:00
20240409_061100.WAV,30,33,Certhia americana_Brown Creeper,0.5571140646934509,2024-04-09T06:11:00Z,06:11:00
20240411_230200.WAV,18,21,Botaurus lentiginosus_American Bittern,0.7252505421638489,2024-04-11T23:02:00Z,23:02:00
20240411_230200.WAV,30,33,Botaurus lentiginosus_American Bittern,0.4106022119522095,2024-04-11T23:02:00Z,23:02:00
20240411_230200.WAV,48,51,Botaurus lentiginosus_American Bittern,0.5137423276901245,2024-04-11T23:02:00Z,23:02:00
20240410_194600.WAV,21,24,Turdus migratorius_American Robin,0.6845271587371826,2024-04-10T19:46:00Z,19:46:00
20240410_161500.WAV,36,39,Certhia americana_Brown Creeper,0.6257323622703552,2024-04-10T16:15:00Z,16:15:00
20240405_144700.WAV,0,3,Turdus migratorius_American Robin,0.4103170037269592,2024-04-05T14:47:00Z,14:47:00
20240410_065000.WAV,24,27,Regulus satrapa_Golden-crowned Kinglet,0.4500820636749267,2024-04-10T06:50:00Z,06:50:00
20240410_065000.WAV,30,33,Regulus satrapa_Golden-crowned Kinglet,0.6336833238601685,2024-04-10T06:50:00Z,06:50:00
20240410_065000.WAV,33,36,Regulus satrapa_Golden-crowned Kinglet,0.6807804703712463,2024-04-10T06:50:00Z,06:50:00
20240405_140200.WAV,18,21,Regulus satrapa_Golden-crowned Kinglet,0.4497978687286377,2024-04-05T14:02:00Z,14:02:00
20240410_061500.WAV,3,6,Sayornis phoebe_Eastern Phoebe,0.5730502605438232,2024-04-10T06:15:00Z,06:15:00
20240410_061500.WAV,3,6,Certhia americana_Brown Creeper,0.8376802802085876,2024-04-10T06:15:00Z,06:15:00
20240410_061500.WAV,9,12,Certhia americana_Brown Creeper,0.8511874675750732,2024-04-10T06:15:00Z,06:15:00
20240410_061500.WAV,24,27,Sayornis phoebe_Eastern Phoebe,0.497249037027359,2024-04-10T06:15:00Z,06:15:00
20240410_061500.WAV,27,30,Certhia americana_Brown Creeper,0.5848772525787354,2024-04-10T06:15:00Z,06:15:00
20240410_061500.WAV,30,33,Certhia americana_Brown Creeper,0.6077127456665039,2024-04-10T06:15:00Z,06:15:00
20240410_061500.WAV,42,45,Sayornis phoebe_Eastern Phoebe,0.5991201400756836,2024-04-10T06:15:00Z,06:15:00
20240410_061500.WAV,45,48,Certhia americana_Brown Creeper,0.4298715591430664,2024-04-10T06:15:00Z,06:15:00
20240403_155000.WAV,12,15,Porzana porzana_Spotted Crake,0.7753379940986633,2024-04-03T15:50:00Z,15:50:00
20240413_195100.WAV,33,36,Botaurus lentiginosus_American Bittern,0.6660417318344116,2024-04-13T19:51:00Z,19:51:00
20240409_190700.WAV,21,24,Certhia americana_Brown Creeper,0.5009372234344482,2024-04-09T19:07:00Z,19:07:00
20240331_063400.WAV,24,27,Certhia americana_Brown Creeper,0.5637994408607483,2024-03-31T06:34:00Z,06:34:00
20240331_063400.WAV,30,33,Certhia americana_Brown Creeper,0.5459442138671875,2024-03-31T06:34:00Z,06:34:00
20240331_063400.WAV,36,39,Regulus regulus_Goldcrest,0.6000611782073975,2024-03-31T06:34:00Z,06:34:00
20240331_063400.WAV,45,48,Certhia americana_Brown Creeper,0.9011892080307008,2024-03-31T06:34:00Z,06:34:00
20240403_061400.WAV,0,3,Turdus migratorius_American Robin,0.823326051235199,2024-04-03T06:14:00Z,06:14:00
20240403_061400.WAV,3,6,Turdus migratorius_American Robin,0.8202568292617798,2024-04-03T06:14:00Z,06:14:00
20240403_061400.WAV,6,9,Turdus migratorius_American Robin,0.6053197383880615,2024-04-03T06:14:00Z,06:14:00
20240403_061400.WAV,9,12,Turdus migratorius_American Robin,0.8219630718231201,2024-04-03T06:14:00Z,06:14:00
20240403_061400.WAV,15,18,Turdus migratorius_American Robin,0.7435667514801025,2024-04-03T06:14:00Z,06:14:00
20240403_061400.WAV,18,21,Turdus migratorius_American Robin,0.6943098902702332,2024-04-03T06:14:00Z,06:14:00
20240403_061400.WAV,21,24,Turdus migratorius_American Robin,0.8260486125946045,2024-04-03T06:14:00Z,06:14:00
20240403_061400.WAV,24,27,Turdus migratorius_American Robin,0.7976391315460205,2024-04-03T06:14:00Z,06:14:00
20240403_061400.WAV,27,30,Turdus migratorius_American Robin,0.911276400089264,2024-04-03T06:14:00Z,06:14:00
20240403_061400.WAV,30,33,Turdus migratorius_American Robin,0.6101213097572327,2024-04-03T06:14:00Z,06:14:00
20240403_061400.WAV,33,36,Turdus migratorius_American Robin,0.44759634137153625,2024-04-03T06:14:00Z,06:14:00
20240403_061400.WAV,36,39,Turdus migratorius_American Robin,0.6612164378166199,2024-04-03T06:14:00Z,06:14:00
20240403_061400.WAV,39,42,Turdus migratorius_American Robin,0.45646217465400696,2024-04-03T06:14:00Z,06:14:00
20240403_061400.WAV,42,45,Turdus migratorius_American Robin,0.467888742685318,2024-04-03T06:14:00Z,06:14:00
20240403_061400.WAV,45,48,Turdus migratorius_American Robin,0.7581365704536438,2024-04-03T06:14:00Z,06:14:00
20240403_061400.WAV,48,51,Turdus migratorius_American Robin,0.5797737836837769,2024-04-03T06:14:00Z,06:14:00
20240403_061400.WAV,51,54,Turdus migratorius_American Robin,0.9179213643074036,2024-04-03T06:14:00Z,06:14:00
20240407_065800.WAV,6,9,Turdus migratorius_American Robin,0.4573342502117157,2024-04-07T06:58:00Z,06:58:00
20240407_065800.WAV,12,15,Turdus migratorius_American Robin,0.575543224811554,2024-04-07T06:58:00Z,06:58:00
20240407_065800.WAV,24,27,Turdus migratorius_American Robin,0.6736674308776855,2024-04-07T06:58:00Z,06:58:00
20240404_163700.WAV,9,12,Porzana porzana_Spotted Crake,0.40082865953445435,2024-04-04T16:37:00Z,16:37:00
20240404_163700.WAV,21,24,Porzana porzana_Spotted Crake,0.521612823009491,2024-04-04T16:37:00Z,16:37:00
20240405_070300.WAV,9,12,Regulus satrapa_Golden-crowned Kinglet,0.42860379815101624,2024-04-05T07:03:00Z,07:03:00
20240405_070300.WAV,36,39,Certhia americana_Brown Creeper,0.7529357671737671,2024-04-05T07:03:00Z,07:03:00
20240410_055100.WAV,0,3,Turdus migratorius_American Robin,0.4573229849338531,2024-04-10T05:51:00Z,05:51:00
20240410_055100.WAV,21,24,Turdus migratorius_American Robin,0.40451422333717346,2024-04-10T05:51:00Z,05:51:00
20240411_142000.WAV,48,51,Regulus satrapa_Golden-crowned Kinglet,0.7964692115783691,2024-04-11T14:20:00Z,14:20:00
20240404_063700.WAV,6,9,Certhia americana_Brown Creeper,0.6503996849060059,2024-04-04T06:37:00Z,06:37:00
20240404_063700.WAV,39,42,Certhia americana_Brown Creeper,0.7079628705978394,2024-04-04T06:37:00Z,06:37:00
20240404_063700.WAV,45,48,Certhia americana_Brown Creeper,0.7754903435707092,2024-04-04T06:37:00Z,06:37:00
20240403_070900.WAV,48,51,Poecile atricapillus_Black-capped Chickadee,0.406091183423996,2024-04-03T07:09:00Z,07:09:00
20240414_140000.WAV,42,45,Regulus satrapa_Golden-crowned Kinglet,0.4362652599811554,2024-04-14T14:00:00Z,14:00:00
20240401_061700.WAV,36,39,Nucifraga caryocatactes_Eurasian Nutcracker,0.572894275188446,2024-04-01T06:17:00Z,06:17:00
20240410_140900.WAV,6,9,Certhia americana_Brown Creeper,0.7458177804946899,2024-04-10T14:09:00Z,14:09:00
20240410_140900.WAV,9,12,Poecile atricapillus_Black-capped Chickadee,0.8459938764572144,2024-04-10T14:09:00Z,14:09:00
20240407_070000.WAV,3,6,Certhia americana_Brown Creeper,0.5879796147346497,2024-04-07T07:00:00Z,07:00:00
20240407_070000.WAV,6,9,Certhia americana_Brown Creeper,0.7061091065406799,2024-04-07T07:00:00Z,07:00:00
20240407_070000.WAV,15,18,Certhia americana_Brown Creeper,0.472801148891449,2024-04-07T07:00:00Z,07:00:00
20240407_070000.WAV,18,21,Regulus satrapa_Golden-crowned Kinglet,0.8090736269950867,2024-04-07T07:00:00Z,07:00:00
20240407_070000.WAV,27,30,Certhia americana_Brown Creeper,0.81422358751297,2024-04-07T07:00:00Z,07:00:00
20240407_070000.WAV,36,39,Certhia americana_Brown Creeper,0.8697741627693176,2024-04-07T07:00:00Z,07:00:00
20240407_070000.WAV,45,48,Certhia americana_Brown Creeper,0.497990608215332,2024-04-07T07:00:00Z,07:00:00
20240407_070000.WAV,48,51,Certhia americana_Brown Creeper,0.8540729284286499,2024-04-07T07:00:00Z,07:00:00
20240401_065200.WAV,9,12,Turdus migratorius_American Robin,0.4588524401187897,2024-04-01T06:52:00Z,06:52:00
20240401_065200.WAV,12,15,Turdus migratorius_American Robin,0.4536043107509613,2024-04-01T06:52:00Z,06:52:00
20240412_151700.WAV,0,3,Certhia americana_Brown Creeper,0.9068905711174012,2024-04-12T15:17:00Z,15:17:00
20240403_231700.WAV,21,24,Porzana porzana_Spotted Crake,0.6103538274765015,2024-04-03T23:17:00Z,23:17:00
20240408_160500.WAV,9,12,Aegolius acadicus_Northern Saw-whet Owl,0.747948944568634,2024-04-08T16:05:00Z,16:05:00
20240408_160500.WAV,27,30,Sayornis phoebe_Eastern Phoebe,0.40958815813064575,2024-04-08T16:05:00Z,16:05:00
20240408_160500.WAV,33,36,Sayornis phoebe_Eastern Phoebe,0.6765751242637634,2024-04-08T16:05:00Z,16:05:00
20240412_065300.WAV,3,6,Certhia americana_Brown Creeper,0.5238301157951355,2024-04-12T06:53:00Z,06:53:00
20240412_065300.WAV,48,51,Certhia americana_Brown Creeper,0.6330997347831726,2024-04-12T06:53:00Z,06:53:00
20240410_070800.WAV,0,3,Certhia americana_Brown Creeper,0.963736057281494,2024-04-10T07:08:00Z,07:08:00
20240410_070800.WAV,15,18,Certhia americana_Brown Creeper,0.4902985394001007,2024-04-10T07:08:00Z,07:08:00
20240412_061600.WAV,0,3,Certhia americana_Brown Creeper,0.48724445700645447,2024-04-12T06:16:00Z,06:16:00
20240412_061600.WAV,3,6,Certhia americana_Brown Creeper,0.9142634868621826,2024-04-12T06:16:00Z,06:16:00
20240412_061600.WAV,6,9,Certhia americana_Brown Creeper,0.7575035095214844,2024-04-12T06:16:00Z,06:16:00
20240412_061600.WAV,9,12,Certhia americana_Brown Creeper,0.5024977326393127,2024-04-12T06:16:00Z,06:16:00
20240412_061600.WAV,12,15,Certhia americana_Brown Creeper,0.9548622369766236,2024-04-12T06:16:00Z,06:16:00
20240412_061600.WAV,21,24,Certhia americana_Brown Creeper,0.9559327363967896,2024-04-12T06:16:00Z,06:16:00
20240412_061600.WAV,27,30,Poecile atricapillus_Black-capped Chickadee,0.49801650643348694,2024-04-12T06:16:00Z,06:16:00
20240412_061600.WAV,30,33,Certhia americana_Brown Creeper,0.9189432859420776,2024-04-12T06:16:00Z,06:16:00
20240412_061600.WAV,39,42,Certhia americana_Brown Creeper,0.5480635762214661,2024-04-12T06:16:00Z,06:16:00
20240412_061600.WAV,42,45,Certhia americana_Brown Creeper,0.9186277389526368,2024-04-12T06:16:00Z,06:16:00
20240412_061600.WAV,45,48,Certhia americana_Brown Creeper,0.6040393710136414,2024-04-12T06:16:00Z,06:16:00
20240412_061600.WAV,48,51,Colaptes auratus_Northern Flicker,0.8661543726921082,2024-04-12T06:16:00Z,06:16:00
20240412_061600.WAV,51,54,Certhia americana_Brown Creeper,0.907720386981964,2024-04-12T06:16:00Z,06:16:00
20240401_155300.WAV,30,33,Aegolius acadicus_Northern Saw-whet Owl,0.6312422156333923,2024-04-01T15:53:00Z,15:53:00
20240408_060500.WAV,3,6,Certhia americana_Brown Creeper,0.8890250325202942,2024-04-08T06:05:00Z,06:05:00
20240408_060500.WAV,6,9,Turdus migratorius_American Robin,0.5738615989685059,2024-04-08T06:05:00Z,06:05:00
20240408_060500.WAV,15,18,Certhia americana_Brown Creeper,0.4801259040832519,2024-04-08T06:05:00Z,06:05:00
20240408_060500.WAV,45,48,Certhia americana_Brown Creeper,0.5458987951278687,2024-04-08T06:05:00Z,06:05:00
20240415_063500.WAV,3,6,Certhia americana_Brown Creeper,0.5634007453918457,2024-04-15T06:35:00Z,06:35:00
20240415_063500.WAV,21,24,Certhia americana_Brown Creeper,0.7422544956207275,2024-04-15T06:35:00Z,06:35:00
20240407_193400.WAV,6,9,Certhia americana_Brown Creeper,0.8368680477142334,2024-04-07T19:34:00Z,19:34:00
20240407_193400.WAV,15,18,Certhia americana_Brown Creeper,0.45400241017341614,2024-04-07T19:34:00Z,19:34:00
20240407_193400.WAV,24,27,Certhia americana_Brown Creeper,0.4521409869194031,2024-04-07T19:34:00Z,19:34:00
20240407_193400.WAV,27,30,Certhia americana_Brown Creeper,0.5104267597198486,2024-04-07T19:34:00Z,19:34:00
20240407_193400.WAV,45,48,Certhia americana_Brown Creeper,0.4109652638435364,2024-04-07T19:34:00Z,19:34:00
20240407_193400.WAV,48,51,Certhia americana_Brown Creeper,0.5811371803283691,2024-04-07T19:34:00Z,19:34:00
20240403_061600.WAV,0,3,Turdus migratorius_American Robin,0.7454277873039246,2024-04-03T06:16:00Z,06:16:00
20240403_061600.WAV,3,6,Turdus migratorius_American Robin,0.7862420082092285,2024-04-03T06:16:00Z,06:16:00
20240403_061600.WAV,6,9,Turdus migratorius_American Robin,0.5821195244789124,2024-04-03T06:16:00Z,06:16:00
20240403_061600.WAV,9,12,Turdus migratorius_American Robin,0.6868180632591248,2024-04-03T06:16:00Z,06:16:00
20240403_061600.WAV,12,15,Turdus migratorius_American Robin,0.7557346820831299,2024-04-03T06:16:00Z,06:16:00
20240403_061600.WAV,15,18,Turdus migratorius_American Robin,0.694922924041748,2024-04-03T06:16:00Z,06:16:00
20240403_061600.WAV,18,21,Turdus migratorius_American Robin,0.9009013772010804,2024-04-03T06:16:00Z,06:16:00
20240403_061600.WAV,21,24,Turdus migratorius_American Robin,0.8310285210609436,2024-04-03T06:16:00Z,06:16:00
20240403_061600.WAV,27,30,Turdus migratorius_American Robin,0.8410536050796509,2024-04-03T06:16:00Z,06:16:00
20240403_061600.WAV,30,33,Turdus migratorius_American Robin,0.4322977066040039,2024-04-03T06:16:00Z,06:16:00
20240403_061600.WAV,36,39,Turdus migratorius_American Robin,0.8017721176147461,2024-04-03T06:16:00Z,06:16:00
20240403_061600.WAV,39,42,Turdus migratorius_American Robin,0.7219937443733215,2024-04-03T06:16:00Z,06:16:00
20240403_061600.WAV,45,48,Turdus migratorius_American Robin,0.5674717426300049,2024-04-03T06:16:00Z,06:16:00
20240403_061600.WAV,48,51,Turdus migratorius_American Robin,0.7065020799636841,2024-04-03T06:16:00Z,06:16:00
20240403_061600.WAV,51,54,Turdus migratorius_American Robin,0.6417243480682373,2024-04-03T06:16:00Z,06:16:00
20240406_062700.WAV,12,15,Certhia americana_Brown Creeper,0.751245379447937,2024-04-06T06:27:00Z,06:27:00
20240406_062700.WAV,21,24,Certhia americana_Brown Creeper,0.6645582914352417,2024-04-06T06:27:00Z,06:27:00
20240406_062700.WAV,30,33,Certhia americana_Brown Creeper,0.697990894317627,2024-04-06T06:27:00Z,06:27:00
20240410_192700.WAV,0,3,Certhia americana_Brown Creeper,0.6994824409484863,2024-04-10T19:27:00Z,19:27:00
20240410_192700.WAV,9,12,Certhia americana_Brown Creeper,0.677452027797699,2024-04-10T19:27:00Z,19:27:00
20240410_192700.WAV,15,18,Certhia americana_Brown Creeper,0.541199266910553,2024-04-10T19:27:00Z,19:27:00
20240410_192700.WAV,24,27,Certhia americana_Brown Creeper,0.7496125102043152,2024-04-10T19:27:00Z,19:27:00
20240410_192700.WAV,33,36,Certhia americana_Brown Creeper,0.48554727435112,2024-04-10T19:27:00Z,19:27:00
20240410_192700.WAV,36,39,Certhia americana_Brown Creeper,0.5163884162902832,2024-04-10T19:27:00Z,19:27:00
20240410_192700.WAV,51,54,Certhia americana_Brown Creeper,0.5700764656066895,2024-04-10T19:27:00Z,19:27:00
20240413_062600.WAV,6,9,Certhia americana_Brown Creeper,0.9601936340332032,2024-04-13T06:26:00Z,06:26:00
20240413_062600.WAV,15,18,Certhia americana_Brown Creeper,0.9556668996810912,2024-04-13T06:26:00Z,06:26:00
20240413_062600.WAV,24,27,Certhia americana_Brown Creeper,0.7192466259002686,2024-04-13T06:26:00Z,06:26:00
20240413_062600.WAV,27,30,Certhia americana_Brown Creeper,0.934946596622467,2024-04-13T06:26:00Z,06:26:00
20240413_062600.WAV,36,39,Certhia americana_Brown Creeper,0.7760019898414612,2024-04-13T06:26:00Z,06:26:00
20240413_062600.WAV,48,51,Certhia americana_Brown Creeper,0.8076944351196289,2024-04-13T06:26:00Z,06:26:00
20240408_070100.WAV,15,18,Turdus migratorius_American Robin,0.6857059597969055,2024-04-08T07:01:00Z,07:01:00
20240408_070100.WAV,36,39,Branta canadensis_Canada Goose,0.494661420583725,2024-04-08T07:01:00Z,07:01:00
20240408_070100.WAV,39,42,Branta canadensis_Canada Goose,0.49815136194229126,2024-04-08T07:01:00Z,07:01:00
20240410_164900.WAV,15,18,Regulus satrapa_Golden-crowned Kinglet,0.4869060218334198,2024-04-10T16:49:00Z,16:49:00
20240410_164900.WAV,42,45,Certhia americana_Brown Creeper,0.4806745946407318,2024-04-10T16:49:00Z,16:49:00
20240410_164900.WAV,48,51,Regulus satrapa_Golden-crowned Kinglet,0.6567924618721008,2024-04-10T16:49:00Z,16:49:00
20240412_071200.WAV,0,3,Certhia americana_Brown Creeper,0.862994372844696,2024-04-12T07:12:00Z,07:12:00
20240412_071200.WAV,9,12,Certhia americana_Brown Creeper,0.7660353779792786,2024-04-12T07:12:00Z,07:12:00
20240412_071200.WAV,18,21,Certhia americana_Brown Creeper,0.6334728002548218,2024-04-12T07:12:00Z,07:12:00
20240412_071200.WAV,27,30,Certhia americana_Brown Creeper,0.6012451648712158,2024-04-12T07:12:00Z,07:12:00
20240414_060500.WAV,6,9,Certhia americana_Brown Creeper,0.8641129732131958,2024-04-14T06:05:00Z,06:05:00
20240414_060500.WAV,12,15,Certhia americana_Brown Creeper,0.7909438610076904,2024-04-14T06:05:00Z,06:05:00
20240414_060500.WAV,15,18,Certhia americana_Brown Creeper,0.7532981634140015,2024-04-14T06:05:00Z,06:05:00
20240414_060500.WAV,21,24,Certhia americana_Brown Creeper,0.7925166487693787,2024-04-14T06:05:00Z,06:05:00
20240414_060500.WAV,30,33,Certhia americana_Brown Creeper,0.9161971807479858,2024-04-14T06:05:00Z,06:05:00
20240414_060500.WAV,39,42,Certhia americana_Brown Creeper,0.6240800619125366,2024-04-14T06:05:00Z,06:05:00
20240414_060500.WAV,45,48,Certhia americana_Brown Creeper,0.7328540086746216,2024-04-14T06:05:00Z,06:05:00
20240414_060500.WAV,48,51,Certhia americana_Brown Creeper,0.879452109336853,2024-04-14T06:05:00Z,06:05:00
20240409_063500.WAV,21,24,Certhia americana_Brown Creeper,0.4525981843471527,2024-04-09T06:35:00Z,06:35:00
20240409_063500.WAV,33,36,Aix sponsa_Wood Duck,0.924985647201538,2024-04-09T06:35:00Z,06:35:00
20240409_063500.WAV,48,51,Turdus migratorius_American Robin,0.4134840965270996,2024-04-09T06:35:00Z,06:35:00
20240404_190500.WAV,0,3,Regulus satrapa_Golden-crowned Kinglet,0.6380473971366882,2024-04-04T19:05:00Z,19:05:00
20240404_190500.WAV,45,48,Regulus satrapa_Golden-crowned Kinglet,0.4073272347450256,2024-04-04T19:05:00Z,19:05:00
20240407_064100.WAV,0,3,Certhia americana_Brown Creeper,0.9757449626922609,2024-04-07T06:41:00Z,06:41:00
20240407_064100.WAV,9,12,Certhia americana_Brown Creeper,0.7220886945724487,2024-04-07T06:41:00Z,06:41:00
20240407_064100.WAV,27,30,Certhia americana_Brown Creeper,0.8287551403045654,2024-04-07T06:41:00Z,06:41:00
20240407_064100.WAV,39,42,Certhia americana_Brown Creeper,0.9540573954582214,2024-04-07T06:41:00Z,06:41:00
20240414_150400.WAV,9,12,Anas platyrhynchos_Mallard,0.524628221988678,2024-04-14T15:04:00Z,15:04:00
20240414_150400.WAV,15,18,Certhia americana_Brown Creeper,0.9585461020469666,2024-04-14T15:04:00Z,15:04:00
20240414_150400.WAV,21,24,Certhia americana_Brown Creeper,0.9280925393104552,2024-04-14T15:04:00Z,15:04:00
20240414_150400.WAV,24,27,Certhia americana_Brown Creeper,0.542767345905304,2024-04-14T15:04:00Z,15:04:00
20240414_150400.WAV,27,30,Certhia americana_Brown Creeper,0.8501198887825012,2024-04-14T15:04:00Z,15:04:00
20240414_150400.WAV,36,39,Certhia americana_Brown Creeper,0.932981252670288,2024-04-14T15:04:00Z,15:04:00
20240414_150400.WAV,51,54,Certhia americana_Brown Creeper,0.8671464920043945,2024-04-14T15:04:00Z,15:04:00
20240412_145600.WAV,0,3,Certhia americana_Brown Creeper,0.42549216747283936,2024-04-12T14:56:00Z,14:56:00
20240412_145600.WAV,30,33,Certhia americana_Brown Creeper,0.4791494309902191,2024-04-12T14:56:00Z,14:56:00
20240401_071300.WAV,6,9,Turdus migratorius_American Robin,0.6025627851486206,2024-04-01T07:13:00Z,07:13:00
20240411_143900.WAV,12,15,Poecile atricapillus_Black-capped Chickadee,0.6326010823249817,2024-04-11T14:39:00Z,14:39:00
20240411_143900.WAV,18,21,Poecile atricapillus_Black-capped Chickadee,0.6286640763282776,2024-04-11T14:39:00Z,14:39:00
20240411_143900.WAV,30,33,Certhia americana_Brown Creeper,0.42525649070739746,2024-04-11T14:39:00Z,14:39:00
20240411_143900.WAV,45,48,Poecile atricapillus_Black-capped Chickadee,0.4741557538509369,2024-04-11T14:39:00Z,14:39:00
20240411_143900.WAV,48,51,Poecile atricapillus_Black-capped Chickadee,0.400806725025177,2024-04-11T14:39:00Z,14:39:00
20240408_140000.WAV,39,42,Corvus brachyrhynchos_American Crow,0.5447391271591187,2024-04-08T14:00:00Z,14:00:00
20240411_160100.WAV,3,6,Regulus satrapa_Golden-crowned Kinglet,0.48280081152915955,2024-04-11T16:01:00Z,16:01:00
20240411_160100.WAV,15,18,Certhia americana_Brown Creeper,0.7142714262008667,2024-04-11T16:01:00Z,16:01:00
20240411_160100.WAV,33,36,Aegolius acadicus_Northern Saw-whet Owl,0.5832210183143616,2024-04-11T16:01:00Z,16:01:00
20240416_062200.WAV,42,45,Dryobates pubescens_Downy Woodpecker,0.49645963311195374,2024-04-16T06:22:00Z,06:22:00
20240416_062200.WAV,51,54,Dryobates pubescens_Downy Woodpecker,0.6300349235534668,2024-04-16T06:22:00Z,06:22:00
20240408_163800.WAV,45,48,Certhia americana_Brown Creeper,0.40373820066452026,2024-04-08T16:38:00Z,16:38:00
20240408_163800.WAV,48,51,Certhia americana_Brown Creeper,0.46972718834877014,2024-04-08T16:38:00Z,16:38:00
20240411_164400.WAV,21,24,Certhia americana_Brown Creeper,0.974619686603546,2024-04-11T16:44:00Z,16:44:00
20240411_164400.WAV,33,36,Certhia americana_Brown Creeper,0.4895740747451782,2024-04-11T16:44:00Z,16:44:00
20240411_164400.WAV,36,39,Certhia americana_Brown Creeper,0.7287679314613342,2024-04-11T16:44:00Z,16:44:00
20240411_164400.WAV,39,42,Certhia americana_Brown Creeper,0.5102992057800293,2024-04-11T16:44:00Z,16:44:00
20240415_160800.WAV,6,9,Regulus regulus_Goldcrest,0.4161289632320404,2024-04-15T16:08:00Z,16:08:00
20240415_160800.WAV,21,24,Regulus regulus_Goldcrest,0.6097913384437561,2024-04-15T16:08:00Z,16:08:00
20240406_150800.WAV,0,3,Anas platyrhynchos_Mallard,0.6849471926689148,2024-04-06T15:08:00Z,15:08:00
20240411_060100.WAV,36,39,Turdus migratorius_American Robin,0.6056771874427795,2024-04-11T06:01:00Z,06:01:00
20240411_060100.WAV,42,45,Turdus migratorius_American Robin,0.4436878859996796,2024-04-11T06:01:00Z,06:01:00
20240411_060100.WAV,54,55,Turdus migratorius_American Robin,0.40012386441230774,2024-04-11T06:01:00Z,06:01:00
20240411_064400.WAV,12,15,Dryobates pubescens_Downy Woodpecker,0.4035190343856811,2024-04-11T06:44:00Z,06:44:00
20240411_064400.WAV,15,18,Dryobates pubescens_Downy Woodpecker,0.5324064493179321,2024-04-11T06:44:00Z,06:44:00
20240411_064400.WAV,39,42,Regulus regulus_Goldcrest,0.41582509875297546,2024-04-11T06:44:00Z,06:44:00
20240415_060800.WAV,3,6,Certhia americana_Brown Creeper,0.5139573216438293,2024-04-15T06:08:00Z,06:08:00
20240415_060800.WAV,12,15,Certhia americana_Brown Creeper,0.5819911360740662,2024-04-15T06:08:00Z,06:08:00
20240415_060800.WAV,33,36,Certhia americana_Brown Creeper,0.5003328323364258,2024-04-15T06:08:00Z,06:08:00
20240415_060800.WAV,39,42,Certhia americana_Brown Creeper,0.42499786615371704,2024-04-15T06:08:00Z,06:08:00
20240415_060800.WAV,48,51,Certhia americana_Brown Creeper,0.7213667631149292,2024-04-15T06:08:00Z,06:08:00
20240415_060800.WAV,51,54,Certhia americana_Brown Creeper,0.8306711912155151,2024-04-15T06:08:00Z,06:08:00
20240408_063800.WAV,12,15,Certhia americana_Brown Creeper,0.6230866312980652,2024-04-08T06:38:00Z,06:38:00
20240415_192300.WAV,6,9,Certhia americana_Brown Creeper,0.8838815689086914,2024-04-15T19:23:00Z,19:23:00
20240415_192300.WAV,9,12,Certhia americana_Brown Creeper,0.6196910738945007,2024-04-15T19:23:00Z,19:23:00
20240402_064500.WAV,48,51,Regulus satrapa_Golden-crowned Kinglet,0.6550530791282654,2024-04-02T06:45:00Z,06:45:00
20240411_150000.WAV,6,9,Colaptes auratus_Northern Flicker,0.5767346024513245,2024-04-11T15:00:00Z,15:00:00
20240411_150000.WAV,27,30,Regulus regulus_Goldcrest,0.9306102991104126,2024-04-11T15:00:00Z,15:00:00
20240411_150000.WAV,51,54,Colaptes auratus_Northern Flicker,0.8823829293251038,2024-04-11T15:00:00Z,15:00:00
20240415_150900.WAV,45,48,Turdus migratorius_American Robin,0.7216477394104004,2024-04-15T15:09:00Z,15:09:00
20240402_060000.WAV,21,24,Turdus migratorius_American Robin,0.4268539547920227,2024-04-02T06:00:00Z,06:00:00
20240402_060000.WAV,24,27,Turdus migratorius_American Robin,0.5898793935775757,2024-04-02T06:00:00Z,06:00:00
20240402_060000.WAV,30,33,Turdus migratorius_American Robin,0.426626056432724,2024-04-02T06:00:00Z,06:00:00
20240402_060000.WAV,33,36,Turdus migratorius_American Robin,0.5196260213851929,2024-04-02T06:00:00Z,06:00:00
20240402_060000.WAV,36,39,Turdus migratorius_American Robin,0.8188638091087341,2024-04-02T06:00:00Z,06:00:00
20240405_062300.WAV,9,12,Turdus migratorius_American Robin,0.6522398591041565,2024-04-05T06:23:00Z,06:23:00
20240405_062300.WAV,45,48,Turdus migratorius_American Robin,0.4184301793575287,2024-04-05T06:23:00Z,06:23:00
20240405_062300.WAV,48,51,Turdus migratorius_American Robin,0.4451794922351837,2024-04-05T06:23:00Z,06:23:00
20240409_144800.WAV,30,33,Certhia americana_Brown Creeper,0.5582157373428345,2024-04-09T14:48:00Z,14:48:00
20240409_144800.WAV,33,36,Certhia americana_Brown Creeper,0.5377868413925171,2024-04-09T14:48:00Z,14:48:00
20240409_144800.WAV,36,39,Certhia americana_Brown Creeper,0.5006393194198608,2024-04-09T14:48:00Z,14:48:00
20240410_143400.WAV,3,6,Sayornis phoebe_Eastern Phoebe,0.6274807453155518,2024-04-10T14:34:00Z,14:34:00
20240410_143400.WAV,6,9,Sayornis phoebe_Eastern Phoebe,0.9859145879745485,2024-04-10T14:34:00Z,14:34:00
20240410_143400.WAV,12,15,Sayornis phoebe_Eastern Phoebe,0.8463074564933777,2024-04-10T14:34:00Z,14:34:00
20240410_143400.WAV,15,18,Sayornis phoebe_Eastern Phoebe,0.8859192132949829,2024-04-10T14:34:00Z,14:34:00
20240410_143400.WAV,18,21,Sayornis phoebe_Eastern Phoebe,0.6835075616836548,2024-04-10T14:34:00Z,14:34:00
20240410_143400.WAV,33,36,Sayornis phoebe_Eastern Phoebe,0.9041923880577089,2024-04-10T14:34:00Z,14:34:00
20240402_160000.WAV,33,36,Porzana porzana_Spotted Crake,0.40103647112846375,2024-04-02T16:00:00Z,16:00:00
20240402_160000.WAV,36,39,Porzana porzana_Spotted Crake,0.4434780776500702,2024-04-02T16:00:00Z,16:00:00
20240402_160000.WAV,39,42,Porzana porzana_Spotted Crake,0.6632224321365356,2024-04-02T16:00:00Z,16:00:00
20240402_160000.WAV,51,54,Porzana porzana_Spotted Crake,0.45685631036758423,2024-04-02T16:00:00Z,16:00:00
20240331_141500.WAV,3,6,Certhia americana_Brown Creeper,0.48607563972473145,2024-03-31T14:15:00Z,14:15:00
20240407_062000.WAV,0,3,Certhia americana_Brown Creeper,0.654716968536377,2024-04-07T06:20:00Z,06:20:00
20240407_062000.WAV,3,6,Corvus brachyrhynchos_American Crow,0.7937756776809692,2024-04-07T06:20:00Z,06:20:00
20240407_062000.WAV,3,6,Certhia americana_Brown Creeper,0.5126650929450989,2024-04-07T06:20:00Z,06:20:00
20240407_062000.WAV,9,12,Turdus migratorius_American Robin,0.41997629404067993,2024-04-07T06:20:00Z,06:20:00
20240407_062000.WAV,12,15,Certhia americana_Brown Creeper,0.4767850637435913,2024-04-07T06:20:00Z,06:20:00
20240407_062000.WAV,18,21,Certhia americana_Brown Creeper,0.6916317343711853,2024-04-07T06:20:00Z,06:20:00
20240407_062000.WAV,24,27,Certhia americana_Brown Creeper,0.6330363154411316,2024-04-07T06:20:00Z,06:20:00
20240407_062000.WAV,36,39,Corvus brachyrhynchos_American Crow,0.406297892332077,2024-04-07T06:20:00Z,06:20:00
20240412_143700.WAV,36,39,Certhia americana_Brown Creeper,0.9315095543861388,2024-04-12T14:37:00Z,14:37:00
20240403_062900.WAV,6,9,Certhia americana_Brown Creeper,0.6008893847465515,2024-04-03T06:29:00Z,06:29:00
20240403_062900.WAV,18,21,Certhia americana_Brown Creeper,0.5570784211158752,2024-04-03T06:29:00Z,06:29:00
20240403_062900.WAV,24,27,Certhia americana_Brown Creeper,0.9879993200302124,2024-04-03T06:29:00Z,06:29:00
20240403_062900.WAV,33,36,Certhia americana_Brown Creeper,0.9255934357643129,2024-04-03T06:29:00Z,06:29:00
20240403_062900.WAV,36,39,Certhia americana_Brown Creeper,0.9515856504440308,2024-04-03T06:29:00Z,06:29:00
20240403_062900.WAV,42,45,Certhia americana_Brown Creeper,0.7190855741500854,2024-04-03T06:29:00Z,06:29:00
20240403_062900.WAV,48,51,Certhia americana_Brown Creeper,0.9282044768333436,2024-04-03T06:29:00Z,06:29:00
20240403_062900.WAV,54,55,Certhia americana_Brown Creeper,0.5758436322212219,2024-04-03T06:29:00Z,06:29:00
20240413_054600.WAV,48,51,Botaurus lentiginosus_American Bittern,0.40164506435394287,2024-04-13T05:46:00Z,05:46:00
20240409_151000.WAV,51,54,Aegolius acadicus_Northern Saw-whet Owl,0.445907860994339,2024-04-09T15:10:00Z,15:10:00
20240413_150300.WAV,45,48,Aegolius acadicus_Northern Saw-whet Owl,0.41500863432884216,2024-04-13T15:03:00Z,15:03:00
20240409_055500.WAV,21,24,Anas platyrhynchos_Mallard,0.5491659045219421,2024-04-09T05:55:00Z,05:55:00
20240409_055500.WAV,24,27,Anas platyrhynchos_Mallard,0.7931106090545654,2024-04-09T05:55:00Z,05:55:00
20240409_055500.WAV,27,30,Anas platyrhynchos_Mallard,0.7626910209655762,2024-04-09T05:55:00Z,05:55:00
20240409_055500.WAV,30,33,Anas platyrhynchos_Mallard,0.5943580865859985,2024-04-09T05:55:00Z,05:55:00
20240406_071400.WAV,36,39,Bombycilla cedrorum_Cedar Waxwing,0.41109293699264526,2024-04-06T07:14:00Z,07:14:00
20240406_071400.WAV,51,54,Acanthiza reguloides_Buff-rumped Thornbill,0.6480934619903564,2024-04-06T07:14:00Z,07:14:00
20240406_071400.WAV,54,55,Regulus satrapa_Golden-crowned Kinglet,0.4764519929885864,2024-04-06T07:14:00Z,07:14:00
20240331_150800.WAV,12,15,Certhia americana_Brown Creeper,0.5787652134895325,2024-03-31T15:08:00Z,15:08:00
20240404_192100.WAV,24,27,Branta canadensis_Canada Goose,0.9072766304016112,2024-04-04T19:21:00Z,19:21:00
20240404_192100.WAV,27,30,Branta canadensis_Canada Goose,0.791819155216217,2024-04-04T19:21:00Z,19:21:00
20240404_192100.WAV,30,33,Branta canadensis_Canada Goose,0.4578678011894226,2024-04-04T19:21:00Z,19:21:00
20240404_192100.WAV,48,51,Branta canadensis_Canada Goose,0.6327540874481201,2024-04-04T19:21:00Z,19:21:00
20240401_160400.WAV,48,51,Aegolius acadicus_Northern Saw-whet Owl,0.4766565561294556,2024-04-01T16:04:00Z,16:04:00
20240403_063000.WAV,0,3,Certhia americana_Brown Creeper,0.951632797718048,2024-04-03T06:30:00Z,06:30:00
20240403_063000.WAV,6,9,Certhia americana_Brown Creeper,0.8645816445350647,2024-04-03T06:30:00Z,06:30:00
20240403_063000.WAV,9,12,Certhia americana_Brown Creeper,0.5962976217269897,2024-04-03T06:30:00Z,06:30:00
20240403_063000.WAV,15,18,Certhia americana_Brown Creeper,0.9756229519844056,2024-04-03T06:30:00Z,06:30:00
20240403_063000.WAV,18,21,Certhia americana_Brown Creeper,0.9658468961715698,2024-04-03T06:30:00Z,06:30:00
20240403_063000.WAV,21,24,Certhia americana_Brown Creeper,0.6178833246231079,2024-04-03T06:30:00Z,06:30:00
20240403_063000.WAV,27,30,Certhia americana_Brown Creeper,0.9799447059631348,2024-04-03T06:30:00Z,06:30:00
20240403_063000.WAV,33,36,Certhia americana_Brown Creeper,0.788734495639801,2024-04-03T06:30:00Z,06:30:00
20240403_063000.WAV,39,42,Regulus regulus_Goldcrest,0.4475647807121277,2024-04-03T06:30:00Z,06:30:00
20240403_063000.WAV,42,45,Certhia americana_Brown Creeper,0.9821650385856628,2024-04-03T06:30:00Z,06:30:00
20240403_063000.WAV,48,51,Certhia americana_Brown Creeper,0.9421676993370056,2024-04-03T06:30:00Z,06:30:00
20240403_063000.WAV,54,55,Certhia americana_Brown Creeper,0.42486655712127686,2024-04-03T06:30:00Z,06:30:00
20240407_063900.WAV,6,9,Certhia americana_Brown Creeper,0.926985204219818,2024-04-07T06:39:00Z,06:39:00
20240407_063900.WAV,18,21,Certhia americana_Brown Creeper,0.733332633972168,2024-04-07T06:39:00Z,06:39:00
20240407_063900.WAV,27,30,Certhia americana_Brown Creeper,0.8859132528305054,2024-04-07T06:39:00Z,06:39:00
20240407_063900.WAV,36,39,Certhia americana_Brown Creeper,0.90351140499115,2024-04-07T06:39:00Z,06:39:00
20240407_063900.WAV,48,51,Certhia americana_Brown Creeper,0.9059244990348816,2024-04-07T06:39:00Z,06:39:00
20240410_153000.WAV,39,42,Regulus satrapa_Golden-crowned Kinglet,0.7171272039413452,2024-04-10T15:30:00Z,15:30:00
20240411_144100.WAV,0,3,Poecile atricapillus_Black-capped Chickadee,0.42705583572387695,2024-04-11T14:41:00Z,14:41:00
20240402_070400.WAV,9,12,Anas platyrhynchos_Mallard,0.61154705286026,2024-04-02T07:04:00Z,07:04:00
20240402_070400.WAV,12,15,Anas platyrhynchos_Mallard,0.7548367381095886,2024-04-02T07:04:00Z,07:04:00
20240402_070400.WAV,45,48,Turdus migratorius_American Robin,0.9108889102935792,2024-04-02T07:04:00Z,07:04:00
20240402_070400.WAV,48,51,Turdus migratorius_American Robin,0.6575877666473389,2024-04-02T07:04:00Z,07:04:00
20240411_140400.WAV,0,3,Certhia americana_Brown Creeper,0.4523490071296692,2024-04-11T14:04:00Z,14:04:00
20240411_140400.WAV,18,21,Certhia americana_Brown Creeper,0.5965695381164551,2024-04-11T14:04:00Z,14:04:00
20240411_140400.WAV,36,39,Certhia americana_Brown Creeper,0.8626335263252258,2024-04-11T14:04:00Z,14:04:00
20240411_140400.WAV,45,48,Certhia americana_Brown Creeper,0.7601107954978943,2024-04-11T14:04:00Z,14:04:00
20240407_163900.WAV,18,21,Branta canadensis_Canada Goose,0.5486334562301636,2024-04-07T16:39:00Z,16:39:00
20240407_163900.WAV,30,33,Branta canadensis_Canada Goose,0.5662617087364197,2024-04-07T16:39:00Z,16:39:00
20240407_163900.WAV,48,51,Branta canadensis_Canada Goose,0.6537756323814392,2024-04-07T16:39:00Z,16:39:00
20240407_163900.WAV,51,54,Branta canadensis_Canada Goose,0.4284928441047669,2024-04-07T16:39:00Z,16:39:00
20240404_061300.WAV,3,6,Turdus migratorius_American Robin,0.5468202829360962,2024-04-04T06:13:00Z,06:13:00
20240404_061300.WAV,6,9,Turdus migratorius_American Robin,0.8173810839653015,2024-04-04T06:13:00Z,06:13:00
20240404_061300.WAV,18,21,Turdus migratorius_American Robin,0.5675354599952698,2024-04-04T06:13:00Z,06:13:00
20240404_061300.WAV,48,51,Turdus migratorius_American Robin,0.5720720291137695,2024-04-04T06:13:00Z,06:13:00
20240404_061300.WAV,54,55,Turdus migratorius_American Robin,0.4343185424804687,2024-04-04T06:13:00Z,06:13:00
20240413_193000.WAV,24,27,Botaurus lentiginosus_American Bittern,0.4028126895427704,2024-04-13T19:30:00Z,19:30:00
20240409_192300.WAV,3,6,Turdus migratorius_American Robin,0.8368646502494812,2024-04-09T19:23:00Z,19:23:00
20240331_065500.WAV,0,3,Turdus migratorius_American Robin,0.9358111023902892,2024-03-31T06:55:00Z,06:55:00
20240331_065500.WAV,3,6,Turdus migratorius_American Robin,0.5638665556907654,2024-03-31T06:55:00Z,06:55:00
20240331_065500.WAV,9,12,Turdus migratorius_American Robin,0.4398900270462036,2024-03-31T06:55:00Z,06:55:00
20240331_065500.WAV,42,45,Turdus migratorius_American Robin,0.5158829092979431,2024-03-31T06:55:00Z,06:55:00
20240414_195600.WAV,45,48,Turdus migratorius_American Robin,0.5452961921691895,2024-04-14T19:56:00Z,19:56:00
20240402_140500.WAV,0,3,Porzana porzana_Spotted Crake,0.5010939836502075,2024-04-02T14:05:00Z,14:05:00
20240402_140500.WAV,3,6,Porzana porzana_Spotted Crake,0.5841290950775146,2024-04-02T14:05:00Z,14:05:00
20240402_140500.WAV,15,18,Porzana porzana_Spotted Crake,0.4561958611011505,2024-04-02T14:05:00Z,14:05:00
20240402_140500.WAV,21,24,Porzana porzana_Spotted Crake,0.4150332808494568,2024-04-02T14:05:00Z,14:05:00
20240406_144900.WAV,3,6,Poecile atricapillus_Black-capped Chickadee,0.6066723465919495,2024-04-06T14:49:00Z,14:49:00
20240406_144900.WAV,12,15,Poecile atricapillus_Black-capped Chickadee,0.4687512814998626,2024-04-06T14:49:00Z,14:49:00
20240406_144900.WAV,18,21,Poecile atricapillus_Black-capped Chickadee,0.6658680438995361,2024-04-06T14:49:00Z,14:49:00
20240406_144900.WAV,21,24,Poecile atricapillus_Black-capped Chickadee,0.4710876643657684,2024-04-06T14:49:00Z,14:49:00
20240406_144900.WAV,21,24,Poecile gambeli_Mountain Chickadee,0.6177781224250793,2024-04-06T14:49:00Z,14:49:00
20240406_144900.WAV,24,27,Poecile atricapillus_Black-capped Chickadee,0.44438472390174866,2024-04-06T14:49:00Z,14:49:00
20240406_144900.WAV,33,36,Poecile gambeli_Mountain Chickadee,0.4160889685153961,2024-04-06T14:49:00Z,14:49:00
20240406_144900.WAV,42,45,Poecile atricapillus_Black-capped Chickadee,0.6002932190895081,2024-04-06T14:49:00Z,14:49:00
20240402_144000.WAV,3,6,Porzana porzana_Spotted Crake,0.509688675403595,2024-04-02T14:40:00Z,14:40:00
20240402_144000.WAV,9,12,Porzana porzana_Spotted Crake,0.943852722644806,2024-04-02T14:40:00Z,14:40:00
20240402_144000.WAV,21,24,Porzana porzana_Spotted Crake,0.5303995013237,2024-04-02T14:40:00Z,14:40:00
20240402_144000.WAV,27,30,Porzana porzana_Spotted Crake,0.46616098284721375,2024-04-02T14:40:00Z,14:40:00
20240411_070500.WAV,0,3,Dryobates pubescens_Downy Woodpecker,0.520854651927948,2024-04-11T07:05:00Z,07:05:00
20240411_070500.WAV,21,24,Certhia americana_Brown Creeper,0.4945009350776672,2024-04-11T07:05:00Z,07:05:00
20240411_070500.WAV,30,33,Turdus migratorius_American Robin,0.6284745931625366,2024-04-11T07:05:00Z,07:05:00
20240411_070500.WAV,36,39,Certhia americana_Brown Creeper,0.836595356464386,2024-04-11T07:05:00Z,07:05:00
20240409_060800.WAV,27,30,Certhia americana_Brown Creeper,0.5216520428657532,2024-04-09T06:08:00Z,06:08:00
20240409_060800.WAV,30,33,Certhia americana_Brown Creeper,0.403566837310791,2024-04-09T06:08:00Z,06:08:00
20240409_060800.WAV,36,39,Certhia americana_Brown Creeper,0.8584176898002625,2024-04-09T06:08:00Z,06:08:00
20240409_060800.WAV,48,51,Certhia americana_Brown Creeper,0.4605613946914673,2024-04-09T06:08:00Z,06:08:00
20240410_063100.WAV,0,3,Sayornis phoebe_Eastern Phoebe,0.5800337195396423,2024-04-10T06:31:00Z,06:31:00
20240410_063100.WAV,12,15,Certhia americana_Brown Creeper,0.7046046853065491,2024-04-10T06:31:00Z,06:31:00
20240410_063100.WAV,30,33,Sayornis phoebe_Eastern Phoebe,0.8073658347129822,2024-04-10T06:31:00Z,06:31:00
20240410_063100.WAV,33,36,Sayornis phoebe_Eastern Phoebe,0.5746581554412842,2024-04-10T06:31:00Z,06:31:00
20240410_063100.WAV,39,42,Certhia americana_Brown Creeper,0.7041395902633667,2024-04-10T06:31:00Z,06:31:00
20240411_193300.WAV,18,21,Certhia americana_Brown Creeper,0.4337095022201538,2024-04-11T19:33:00Z,19:33:00
20240411_193300.WAV,24,27,Certhia americana_Brown Creeper,0.9234815239906312,2024-04-11T19:33:00Z,19:33:00
20240401_153200.WAV,24,27,Aegolius acadicus_Northern Saw-whet Owl,0.4329047203063965,2024-04-01T15:32:00Z,15:32:00
20240412_063200.WAV,0,3,Certhia americana_Brown Creeper,0.4708057641983032,2024-04-12T06:32:00Z,06:32:00
20240412_063200.WAV,30,33,Regulus satrapa_Golden-crowned Kinglet,0.4251535534858704,2024-04-12T06:32:00Z,06:32:00
20240408_062100.WAV,18,21,Certhia americana_Brown Creeper,0.4674776494503021,2024-04-08T06:21:00Z,06:21:00
20240408_062100.WAV,42,45,Poecile atricapillus_Black-capped Chickadee,0.6681416630744934,2024-04-08T06:21:00Z,06:21:00
20240415_061100.WAV,0,3,Certhia americana_Brown Creeper,0.8800536394119263,2024-04-15T06:11:00Z,06:11:00
20240415_061100.WAV,9,12,Certhia americana_Brown Creeper,0.7828022837638855,2024-04-15T06:11:00Z,06:11:00
20240415_061100.WAV,30,33,Certhia americana_Brown Creeper,0.5226967930793762,2024-04-15T06:11:00Z,06:11:00
20240415_061100.WAV,42,45,Certhia americana_Brown Creeper,0.5010234713554382,2024-04-15T06:11:00Z,06:11:00
20240415_061100.WAV,45,48,Botaurus lentiginosus_American Bittern,0.5009830594062805,2024-04-15T06:11:00Z,06:11:00
20240415_065400.WAV,36,39,Certhia americana_Brown Creeper,0.478755921125412,2024-04-15T06:54:00Z,06:54:00
20240330_191200.WAV,45,48,Turdus migratorius_American Robin,0.4623433649539947,2024-03-30T19:12:00Z,19:12:00
20240331_144900.WAV,45,48,Certhia americana_Brown Creeper,0.6262585520744324,2024-03-31T14:49:00Z,14:49:00
20240401_191800.WAV,3,6,Turdus migratorius_American Robin,0.4733397364616394,2024-04-01T19:18:00Z,19:18:00
20240401_191800.WAV,6,9,Turdus migratorius_American Robin,0.5324458479881287,2024-04-01T19:18:00Z,19:18:00
20240401_191800.WAV,18,21,Turdus migratorius_American Robin,0.4860327243804931,2024-04-01T19:18:00Z,19:18:00
20240401_191800.WAV,21,24,Turdus migratorius_American Robin,0.4436083734035492,2024-04-01T19:18:00Z,19:18:00
20240401_191800.WAV,30,33,Turdus migratorius_American Robin,0.5792014598846436,2024-04-01T19:18:00Z,19:18:00
20240401_191800.WAV,42,45,Turdus migratorius_American Robin,0.4933159053325653,2024-04-01T19:18:00Z,19:18:00
20240401_191800.WAV,51,54,Turdus migratorius_American Robin,0.5558516979217529,2024-04-01T19:18:00Z,19:18:00
20240402_061900.WAV,0,3,Certhia americana_Brown Creeper,0.7407647371292114,2024-04-02T06:19:00Z,06:19:00
20240402_061900.WAV,3,6,Turdus migratorius_American Robin,0.7476940155029297,2024-04-02T06:19:00Z,06:19:00
20240402_061900.WAV,9,12,Turdus migratorius_American Robin,0.4975340962409973,2024-04-02T06:19:00Z,06:19:00
20240402_061900.WAV,21,24,Turdus migratorius_American Robin,0.6928604245185852,2024-04-02T06:19:00Z,06:19:00
20240402_061900.WAV,39,42,Certhia americana_Brown Creeper,0.5102435946464539,2024-04-02T06:19:00Z,06:19:00
20240402_061900.WAV,45,48,Turdus migratorius_American Robin,0.4447527527809143,2024-04-02T06:19:00Z,06:19:00
20240411_151900.WAV,24,27,Regulus satrapa_Golden-crowned Kinglet,0.6874204277992249,2024-04-11T15:19:00Z,15:19:00
20240411_151900.WAV,33,36,Regulus satrapa_Golden-crowned Kinglet,0.7090946435928345,2024-04-11T15:19:00Z,15:19:00
20240411_151900.WAV,36,39,Certhia americana_Brown Creeper,0.4545347094535827,2024-04-11T15:19:00Z,15:19:00
20240411_151900.WAV,39,42,Certhia americana_Brown Creeper,0.9923112392425536,2024-04-11T15:19:00Z,15:19:00
20240411_151900.WAV,45,48,Certhia americana_Brown Creeper,0.7453727722167969,2024-04-11T15:19:00Z,15:19:00
20240415_155500.WAV,12,15,Regulus regulus_Goldcrest,0.5178483724594116,2024-04-15T15:55:00Z,15:55:00
20240415_155500.WAV,42,45,Certhia americana_Brown Creeper,0.9099053144454956,2024-04-15T15:55:00Z,15:55:00
20240415_155500.WAV,51,54,Certhia americana_Brown Creeper,0.9358123540878296,2024-04-15T15:55:00Z,15:55:00
20240401_063300.WAV,6,9,Turdus migratorius_American Robin,0.56708163022995,2024-04-01T06:33:00Z,06:33:00
20240409_145100.WAV,6,9,Certhia americana_Brown Creeper,0.5911383032798767,2024-04-09T14:51:00Z,14:51:00
20240409_145100.WAV,9,12,Certhia americana_Brown Creeper,0.7891950011253357,2024-04-09T14:51:00Z,14:51:00
20240409_145100.WAV,12,15,Certhia americana_Brown Creeper,0.8463075160980225,2024-04-09T14:51:00Z,14:51:00
20240409_145100.WAV,18,21,Regulus regulus_Goldcrest,0.5079228281974792,2024-04-09T14:51:00Z,14:51:00
20240406_190600.WAV,45,48,Turdus migratorius_American Robin,0.5716831088066101,2024-04-06T19:06:00Z,19:06:00
20240406_194300.WAV,3,6,Turdus migratorius_American Robin,0.568267285823822,2024-04-06T19:43:00Z,19:43:00
20240406_194300.WAV,39,42,Turdus migratorius_American Robin,0.8003759980201721,2024-04-06T19:43:00Z,19:43:00
20240401_192500.WAV,30,33,Turdus migratorius_American Robin,0.5003269910812378,2024-04-01T19:25:00Z,19:25:00
20240401_192500.WAV,33,36,Turdus migratorius_American Robin,0.6684776544570923,2024-04-01T19:25:00Z,19:25:00
20240411_152400.WAV,3,6,Certhia americana_Brown Creeper,0.9806739091873168,2024-04-11T15:24:00Z,15:24:00
20240411_152400.WAV,6,9,Certhia americana_Brown Creeper,0.8858249187469482,2024-04-11T15:24:00Z,15:24:00
20240411_152400.WAV,21,24,Certhia americana_Brown Creeper,0.9874423146247864,2024-04-11T15:24:00Z,15:24:00
20240405_160700.WAV,48,51,Porzana porzana_Spotted Crake,0.42516040802001953,2024-04-05T16:07:00Z,16:07:00
20240402_062400.WAV,0,3,Certhia americana_Brown Creeper,0.4495848715305328,2024-04-02T06:24:00Z,06:24:00
20240402_062400.WAV,0,3,Strix varia_Barred Owl,0.5494338274002075,2024-04-02T06:24:00Z,06:24:00
20240402_062400.WAV,6,9,Certhia americana_Brown Creeper,0.44280698895454407,2024-04-02T06:24:00Z,06:24:00
20240402_062400.WAV,15,18,Corvus brachyrhynchos_American Crow,0.699282705783844,2024-04-02T06:24:00Z,06:24:00
20240405_164200.WAV,15,18,Aegolius acadicus_Northern Saw-whet Owl,0.5647848844528198,2024-04-05T16:42:00Z,16:42:00
20240405_164200.WAV,27,30,Porzana porzana_Spotted Crake,0.4952344596385956,2024-04-05T16:42:00Z,16:42:00
20240405_164200.WAV,48,51,Turdus migratorius_American Robin,0.5494595766067505,2024-04-05T16:42:00Z,16:42:00
20240408_055800.WAV,3,6,Turdus migratorius_American Robin,0.4673624336719513,2024-04-08T05:58:00Z,05:58:00
20240408_055800.WAV,39,42,Turdus migratorius_American Robin,0.4939933121204376,2024-04-08T05:58:00Z,05:58:00
20240410_141000.WAV,36,39,Regulus regulus_Goldcrest,0.5483285188674927,2024-04-10T14:10:00Z,14:10:00
20240410_141000.WAV,39,42,Certhia americana_Brown Creeper,0.8068752288818359,2024-04-10T14:10:00Z,14:10:00
20240405_064200.WAV,0,3,Turdus migratorius_American Robin,0.5864178538322449,2024-04-05T06:42:00Z,06:42:00
20240405_064200.WAV,12,15,Turdus migratorius_American Robin,0.55075603723526,2024-04-05T06:42:00Z,06:42:00
20240405_064200.WAV,21,24,Turdus migratorius_American Robin,0.47512921690940857,2024-04-05T06:42:00Z,06:42:00
20240405_064200.WAV,27,30,Turdus migratorius_American Robin,0.6092972159385681,2024-04-05T06:42:00Z,06:42:00
20240405_064200.WAV,30,33,Turdus migratorius_American Robin,0.5460687875747681,2024-04-05T06:42:00Z,06:42:00
20240405_064200.WAV,36,39,Turdus migratorius_American Robin,0.4997095465660095,2024-04-05T06:42:00Z,06:42:00
20240405_064200.WAV,45,48,Turdus migratorius_American Robin,0.46921002864837646,2024-04-05T06:42:00Z,06:42:00
20240405_064200.WAV,51,54,Turdus migratorius_American Robin,0.602889895439148,2024-04-05T06:42:00Z,06:42:00
20240410_145500.WAV,3,6,Regulus regulus_Goldcrest,0.7977132201194763,2024-04-10T14:55:00Z,14:55:00
20240410_145500.WAV,48,51,Turdus migratorius_American Robin,0.8255683183670044,2024-04-10T14:55:00Z,14:55:00
20240407_141800.WAV,3,6,Porzana porzana_Spotted Crake,0.501103401184082,2024-04-07T14:18:00Z,14:18:00
20240407_141800.WAV,6,9,Porzana porzana_Spotted Crake,0.4178516268730163,2024-04-07T14:18:00Z,14:18:00
20240410_071100.WAV,0,3,Sayornis phoebe_Eastern Phoebe,0.6721175909042358,2024-04-10T07:11:00Z,07:11:00
20240410_071100.WAV,3,6,Sayornis phoebe_Eastern Phoebe,0.647860586643219,2024-04-10T07:11:00Z,07:11:00
20240410_071100.WAV,6,9,Sayornis phoebe_Eastern Phoebe,0.5854218602180481,2024-04-10T07:11:00Z,07:11:00
20240410_071100.WAV,45,48,Sayornis phoebe_Eastern Phoebe,0.5654606223106384,2024-04-10T07:11:00Z,07:11:00
20240416_060600.WAV,12,15,Colaptes auratus_Northern Flicker,0.8081483840942383,2024-04-16T06:06:00Z,06:06:00
20240416_060600.WAV,15,18,Colaptes auratus_Northern Flicker,0.8610920310020447,2024-04-16T06:06:00Z,06:06:00
20240416_060600.WAV,18,21,Colaptes auratus_Northern Flicker,0.6667426228523254,2024-04-16T06:06:00Z,06:06:00
20240416_060600.WAV,36,39,Colaptes auratus_Northern Flicker,0.921493113040924,2024-04-16T06:06:00Z,06:06:00
20240416_060600.WAV,39,42,Colaptes auratus_Northern Flicker,0.41497260332107544,2024-04-16T06:06:00Z,06:06:00
20240405_154300.WAV,12,15,Turdus migratorius_American Robin,0.5928951501846313,2024-04-05T15:43:00Z,15:43:00
20240405_154300.WAV,24,27,Turdus migratorius_American Robin,0.4927746951580048,2024-04-05T15:43:00Z,15:43:00
20240411_062500.WAV,39,42,Certhia americana_Brown Creeper,0.40798693895339966,2024-04-11T06:25:00Z,06:25:00
20240411_062500.WAV,42,45,Certhia americana_Brown Creeper,0.5575236082077026,2024-04-11T06:25:00Z,06:25:00
20240411_190400.WAV,21,24,Porzana porzana_Spotted Crake,0.4039363563060761,2024-04-11T19:04:00Z,19:04:00
20240410_063500.WAV,9,12,Certhia americana_Brown Creeper,0.7474051713943481,2024-04-10T06:35:00Z,06:35:00
20240410_063500.WAV,21,24,Certhia americana_Brown Creeper,0.441224604845047,2024-04-10T06:35:00Z,06:35:00
20240410_063500.WAV,33,36,Certhia americana_Brown Creeper,0.7024915218353271,2024-04-10T06:35:00Z,06:35:00
20240410_063500.WAV,45,48,Certhia americana_Brown Creeper,0.45849379897117615,2024-04-10T06:35:00Z,06:35:00
20240331_151500.WAV,0,3,Certhia americana_Brown Creeper,0.42634281516075134,2024-03-31T15:15:00Z,15:15:00
20240331_151500.WAV,12,15,Certhia americana_Brown Creeper,0.9483317732810974,2024-03-31T15:15:00Z,15:15:00
20240331_151500.WAV,21,24,Certhia americana_Brown Creeper,0.6276834011077881,2024-03-31T15:15:00Z,15:15:00
20240331_151500.WAV,33,36,Corvus brachyrhynchos_American Crow,0.5049468278884888,2024-03-31T15:15:00Z,15:15:00
20240331_151500.WAV,36,39,Certhia americana_Brown Creeper,0.5582612156867981,2024-03-31T15:15:00Z,15:15:00
20240403_063400.WAV,3,6,Certhia americana_Brown Creeper,0.6760470271110535,2024-04-03T06:34:00Z,06:34:00
20240403_063400.WAV,18,21,Certhia americana_Brown Creeper,0.9126876592636108,2024-04-03T06:34:00Z,06:34:00
20240403_063400.WAV,24,27,Certhia americana_Brown Creeper,0.4349364936351776,2024-04-03T06:34:00Z,06:34:00
20240403_063400.WAV,30,33,Sitta carolinensis_White-breasted Nuthatch,0.4260885417461395,2024-04-03T06:34:00Z,06:34:00
20240403_063400.WAV,33,36,Certhia americana_Brown Creeper,0.7013592720031738,2024-04-03T06:34:00Z,06:34:00
20240403_063400.WAV,36,39,Certhia americana_Brown Creeper,0.8641847968101501,2024-04-03T06:34:00Z,06:34:00
20240403_063400.WAV,45,48,Certhia americana_Brown Creeper,0.9598556756973268,2024-04-03T06:34:00Z,06:34:00
20240403_063400.WAV,51,54,Certhia americana_Brown Creeper,0.5300464034080505,2024-04-03T06:34:00Z,06:34:00
20240410_153400.WAV,39,42,Regulus regulus_Goldcrest,0.8986985683441162,2024-04-10T15:34:00Z,15:34:00
20240411_144500.WAV,6,9,Regulus satrapa_Golden-crowned Kinglet,0.43491330742836,2024-04-11T14:45:00Z,14:45:00
20240411_144500.WAV,12,15,Certhia americana_Brown Creeper,0.6274133324623108,2024-04-11T14:45:00Z,14:45:00
20240411_144500.WAV,18,21,Porzana porzana_Spotted Crake,0.7319328188896179,2024-04-11T14:45:00Z,14:45:00
20240404_061700.WAV,0,3,Turdus migratorius_American Robin,0.5621839165687561,2024-04-04T06:17:00Z,06:17:00
20240404_061700.WAV,3,6,Turdus migratorius_American Robin,0.7292764782905579,2024-04-04T06:17:00Z,06:17:00
20240404_061700.WAV,6,9,Turdus migratorius_American Robin,0.422255277633667,2024-04-04T06:17:00Z,06:17:00
20240404_061700.WAV,12,15,Turdus migratorius_American Robin,0.5555019378662109,2024-04-04T06:17:00Z,06:17:00
20240404_061700.WAV,15,18,Turdus migratorius_American Robin,0.5401017069816589,2024-04-04T06:17:00Z,06:17:00
20240404_061700.WAV,21,24,Turdus migratorius_American Robin,0.5412626266479492,2024-04-04T06:17:00Z,06:17:00
20240404_061700.WAV,24,27,Turdus migratorius_American Robin,0.6558288931846619,2024-04-04T06:17:00Z,06:17:00
20240404_061700.WAV,27,30,Turdus migratorius_American Robin,0.7240909337997437,2024-04-04T06:17:00Z,06:17:00
20240404_061700.WAV,30,33,Turdus migratorius_American Robin,0.5810989141464233,2024-04-04T06:17:00Z,06:17:00
20240404_061700.WAV,33,36,Turdus migratorius_American Robin,0.6478570103645325,2024-04-04T06:17:00Z,06:17:00
20240404_061700.WAV,36,39,Turdus migratorius_American Robin,0.5477263927459717,2024-04-04T06:17:00Z,06:17:00
20240404_061700.WAV,42,45,Turdus migratorius_American Robin,0.8808707594871521,2024-04-04T06:17:00Z,06:17:00
20240404_061700.WAV,45,48,Turdus migratorius_American Robin,0.5362551808357239,2024-04-04T06:17:00Z,06:17:00
20240404_061700.WAV,48,51,Turdus migratorius_American Robin,0.6378197073936462,2024-04-04T06:17:00Z,06:17:00
20240404_061700.WAV,51,54,Turdus migratorius_American Robin,0.48233410716056824,2024-04-04T06:17:00Z,06:17:00
20240404_190100.WAV,24,27,Regulus satrapa_Golden-crowned Kinglet,0.6094463467597961,2024-04-04T19:01:00Z,19:01:00
20240412_141700.WAV,3,6,Branta canadensis_Canada Goose,0.5638015270233154,2024-04-12T14:17:00Z,14:17:00
20240412_141700.WAV,6,9,Branta canadensis_Canada Goose,0.7146834135055542,2024-04-12T14:17:00Z,14:17:00
20240412_141700.WAV,9,12,Branta canadensis_Canada Goose,0.8031560182571411,2024-04-12T14:17:00Z,14:17:00
20240412_141700.WAV,12,15,Branta canadensis_Canada Goose,0.8577299118041992,2024-04-12T14:17:00Z,14:17:00
20240412_141700.WAV,15,18,Branta canadensis_Canada Goose,0.867887020111084,2024-04-12T14:17:00Z,14:17:00
20240412_141700.WAV,18,21,Branta canadensis_Canada Goose,0.7838249802589417,2024-04-12T14:17:00Z,14:17:00
20240412_141700.WAV,39,42,Sitta carolinensis_White-breasted Nuthatch,0.5167453289031982,2024-04-12T14:17:00Z,14:17:00
20240412_141700.WAV,51,54,Sitta carolinensis_White-breasted Nuthatch,0.6306376457214355,2024-04-12T14:17:00Z,14:17:00
20240407_064500.WAV,12,15,Certhia americana_Brown Creeper,0.6005181670188904,2024-04-07T06:45:00Z,06:45:00
20240407_064500.WAV,21,24,Certhia americana_Brown Creeper,0.7229636311531067,2024-04-07T06:45:00Z,06:45:00
20240407_064500.WAV,30,33,Certhia americana_Brown Creeper,0.9355642795562744,2024-04-07T06:45:00Z,06:45:00
20240407_064500.WAV,39,42,Certhia americana_Brown Creeper,0.9272025227546692,2024-04-07T06:45:00Z,06:45:00
20240407_064500.WAV,54,55,Certhia americana_Brown Creeper,0.7886123061180115,2024-04-07T06:45:00Z,06:45:00
20240412_145200.WAV,15,18,Poecile atricapillus_Black-capped Chickadee,0.4044016301631927,2024-04-12T14:52:00Z,14:52:00
20240412_145200.WAV,21,24,Poecile atricapillus_Black-capped Chickadee,0.7144901156425476,2024-04-12T14:52:00Z,14:52:00
20240409_153000.WAV,30,33,Corvus brachyrhynchos_American Crow,0.5754653811454773,2024-04-09T15:30:00Z,15:30:00
20240407_160000.WAV,39,42,Regulus satrapa_Golden-crowned Kinglet,0.41863155364990234,2024-04-07T16:00:00Z,16:00:00
20240407_160000.WAV,42,45,Poecile atricapillus_Black-capped Chickadee,0.6419644355773926,2024-04-07T16:00:00Z,16:00:00
20240407_160000.WAV,45,48,Poecile atricapillus_Black-capped Chickadee,0.8077412247657776,2024-04-07T16:00:00Z,16:00:00
20240407_160000.WAV,48,51,Poecile atricapillus_Black-capped Chickadee,0.6866651177406311,2024-04-07T16:00:00Z,16:00:00
20240407_160000.WAV,51,54,Poecile atricapillus_Black-capped Chickadee,0.6959875226020813,2024-04-07T16:00:00Z,16:00:00
20240408_140400.WAV,18,21,Corvus brachyrhynchos_American Crow,0.6509832143783569,2024-04-08T14:04:00Z,14:04:00
20240408_140400.WAV,21,24,Certhia americana_Brown Creeper,0.7694595456123352,2024-04-08T14:04:00Z,14:04:00
20240408_140400.WAV,27,30,Corvus brachyrhynchos_American Crow,0.8016859889030457,2024-04-08T14:04:00Z,14:04:00
20240408_140400.WAV,36,39,Certhia americana_Brown Creeper,0.8469470143318176,2024-04-08T14:04:00Z,14:04:00
20240408_140400.WAV,39,42,Certhia americana_Brown Creeper,0.5251041650772095,2024-04-08T14:04:00Z,14:04:00
20240408_140400.WAV,42,45,Corvus brachyrhynchos_American Crow,0.4085917174816131,2024-04-08T14:04:00Z,14:04:00
20240408_140400.WAV,51,54,Certhia americana_Brown Creeper,0.7305141091346741,2024-04-08T14:04:00Z,14:04:00
20240407_164500.WAV,9,12,Poecile gambeli_Mountain Chickadee,0.6133185029029846,2024-04-07T16:45:00Z,16:45:00
20240413_190900.WAV,3,6,Botaurus lentiginosus_American Bittern,0.5991750955581665,2024-04-13T19:09:00Z,19:09:00
20240410_192300.WAV,6,9,Certhia americana_Brown Creeper,0.9519592523574828,2024-04-10T19:23:00Z,19:23:00
20240410_192300.WAV,12,15,Certhia americana_Brown Creeper,0.9686790108680724,2024-04-10T19:23:00Z,19:23:00
20240410_192300.WAV,18,21,Certhia americana_Brown Creeper,0.924146294593811,2024-04-10T19:23:00Z,19:23:00
20240410_192300.WAV,21,24,Certhia americana_Brown Creeper,0.862572193145752,2024-04-10T19:23:00Z,19:23:00
20240410_192300.WAV,27,30,Certhia americana_Brown Creeper,0.8489885330200195,2024-04-10T19:23:00Z,19:23:00
20240410_192300.WAV,33,36,Certhia americana_Brown Creeper,0.8845919966697693,2024-04-10T19:23:00Z,19:23:00
20240410_192300.WAV,36,39,Certhia americana_Brown Creeper,0.5638912916183472,2024-04-10T19:23:00Z,19:23:00
20240331_062900.WAV,18,21,Turdus migratorius_American Robin,0.42542511224746704,2024-03-31T06:29:00Z,06:29:00
20240331_062900.WAV,24,27,Branta canadensis_Canada Goose,0.5280081033706665,2024-03-31T06:29:00Z,06:29:00
20240331_062900.WAV,27,30,Branta canadensis_Canada Goose,0.5342614650726318,2024-03-31T06:29:00Z,06:29:00
20240331_062900.WAV,30,33,Branta canadensis_Canada Goose,0.5392058491706848,2024-03-31T06:29:00Z,06:29:00
20240331_062900.WAV,33,36,Branta canadensis_Canada Goose,0.9787176847457886,2024-03-31T06:29:00Z,06:29:00
20240331_062900.WAV,36,39,Branta canadensis_Canada Goose,0.9361769556999208,2024-03-31T06:29:00Z,06:29:00
20240331_062900.WAV,39,42,Branta canadensis_Canada Goose,0.6429154872894287,2024-03-31T06:29:00Z,06:29:00
20240331_062900.WAV,42,45,Branta canadensis_Canada Goose,0.4190585613250733,2024-03-31T06:29:00Z,06:29:00
20240331_062900.WAV,45,48,Branta canadensis_Canada Goose,0.6410461068153381,2024-03-31T06:29:00Z,06:29:00
20240414_164400.WAV,27,30,Certhia americana_Brown Creeper,0.6937007904052734,2024-04-14T16:44:00Z,16:44:00
20240414_164400.WAV,42,45,Certhia americana_Brown Creeper,0.5620807409286499,2024-04-14T16:44:00Z,16:44:00
20240408_070500.WAV,21,24,Turdus migratorius_American Robin,0.40368887782096863,2024-04-08T07:05:00Z,07:05:00
20240408_070500.WAV,36,39,Regulus regulus_Goldcrest,0.6407144665718079,2024-04-08T07:05:00Z,07:05:00
20240414_064400.WAV,3,6,Sitta carolinensis_White-breasted Nuthatch,0.4574209451675415,2024-04-14T06:44:00Z,06:44:00
20240414_064400.WAV,6,9,Sitta carolinensis_White-breasted Nuthatch,0.6511774063110352,2024-04-14T06:44:00Z,06:44:00
20240414_064400.WAV,24,27,Turdus migratorius_American Robin,0.5291705131530762,2024-04-14T06:44:00Z,06:44:00
20240410_060800.WAV,3,6,Turdus migratorius_American Robin,0.9435163140296936,2024-04-10T06:08:00Z,06:08:00
20240410_060800.WAV,21,24,Certhia americana_Brown Creeper,0.8171101212501526,2024-04-10T06:08:00Z,06:08:00
20240410_060800.WAV,24,27,Turdus migratorius_American Robin,0.8849602341651917,2024-04-10T06:08:00Z,06:08:00
20240410_060800.WAV,30,33,Poecile atricapillus_Black-capped Chickadee,0.5338942408561707,2024-04-10T06:08:00Z,06:08:00
20240401_145300.WAV,3,6,Poecile gambeli_Mountain Chickadee,0.7675209045410156,2024-04-01T14:53:00Z,14:53:00
20240401_145300.WAV,30,33,Poecile gambeli_Mountain Chickadee,0.44433945417404175,2024-04-01T14:53:00Z,14:53:00
20240414_060100.WAV,27,30,Certhia americana_Brown Creeper,0.6196585893630981,2024-04-14T06:01:00Z,06:01:00
20240414_060100.WAV,30,33,Certhia americana_Brown Creeper,0.7986940741539001,2024-04-14T06:01:00Z,06:01:00
20240414_060100.WAV,33,36,Certhia americana_Brown Creeper,0.7517513036727905,2024-04-14T06:01:00Z,06:01:00
20240414_060100.WAV,42,45,Tetrastes bonasia_Hazel Grouse,0.4646122753620148,2024-04-14T06:01:00Z,06:01:00
20240331_194700.WAV,9,12,Turdus migratorius_American Robin,0.4789334833621979,2024-03-31T19:47:00Z,19:47:00
20240331_194700.WAV,24,27,Turdus migratorius_American Robin,0.4953233599662781,2024-03-31T19:47:00Z,19:47:00
20240331_194700.WAV,42,45,Turdus migratorius_American Robin,0.43860873579978943,2024-03-31T19:47:00Z,19:47:00
20240412_192000.WAV,0,3,Turdus migratorius_American Robin,0.41430217027664185,2024-04-12T19:20:00Z,19:20:00
20240412_192000.WAV,15,18,Turdus migratorius_American Robin,0.4570241570472718,2024-04-12T19:20:00Z,19:20:00
20240408_193300.WAV,39,42,Turdus migratorius_American Robin,0.44837507605552673,2024-04-08T19:33:00Z,19:33:00
20240408_193300.WAV,45,48,Turdus migratorius_American Robin,0.40590664744377136,2024-04-08T19:33:00Z,19:33:00
20240416_064700.WAV,15,18,Sphyrapicus varius_Yellow-bellied Sapsucker,0.5922546982765198,2024-04-16T06:47:00Z,06:47:00
20240416_064700.WAV,45,48,Sphyrapicus varius_Yellow-bellied Sapsucker,0.5841745734214783,2024-04-16T06:47:00Z,06:47:00
20240416_064700.WAV,48,51,Sphyrapicus varius_Yellow-bellied Sapsucker,0.4161967933177948,2024-04-16T06:47:00Z,06:47:00
20240416_060200.WAV,9,12,Poecile atricapillus_Black-capped Chickadee,0.6138303279876709,2024-04-16T06:02:00Z,06:02:00
20240416_060200.WAV,24,27,Poecile atricapillus_Black-capped Chickadee,0.666482150554657,2024-04-16T06:02:00Z,06:02:00
20240416_060200.WAV,33,36,Colaptes auratus_Northern Flicker,0.5672768950462341,2024-04-16T06:02:00Z,06:02:00
20240416_060200.WAV,36,39,Colaptes auratus_Northern Flicker,0.6950810551643372,2024-04-16T06:02:00Z,06:02:00
20240416_060200.WAV,51,54,Poecile atricapillus_Black-capped Chickadee,0.5221905708312988,2024-04-16T06:02:00Z,06:02:00
20240407_145900.WAV,12,15,Certhia americana_Brown Creeper,0.4247518479824066,2024-04-07T14:59:00Z,14:59:00
20240407_145900.WAV,48,51,Certhia americana_Brown Creeper,0.725257933139801,2024-04-07T14:59:00Z,14:59:00
20240411_062100.WAV,21,24,Certhia americana_Brown Creeper,0.6155850291252136,2024-04-11T06:21:00Z,06:21:00
20240406_152800.WAV,12,15,Anas platyrhynchos_Mallard,0.8527548313140869,2024-04-06T15:28:00Z,15:28:00
20240406_152800.WAV,27,30,Anas platyrhynchos_Mallard,0.6697489023208618,2024-04-06T15:28:00Z,15:28:00
20240406_152800.WAV,30,33,Anas platyrhynchos_Mallard,0.5127487778663635,2024-04-06T15:28:00Z,15:28:00
20240406_152800.WAV,30,33,Nucifraga caryocatactes_Eurasian Nutcracker,0.7617206573486328,2024-04-06T15:28:00Z,15:28:00
20240406_152800.WAV,48,51,Anas platyrhynchos_Mallard,0.4602465331554413,2024-04-06T15:28:00Z,15:28:00
20240404_143600.WAV,27,30,Porzana porzana_Spotted Crake,0.508037805557251,2024-04-04T14:36:00Z,14:36:00
20240404_143600.WAV,42,45,Porzana porzana_Spotted Crake,0.631683349609375,2024-04-04T14:36:00Z,14:36:00
20240404_143600.WAV,45,48,Porzana porzana_Spotted Crake,0.436867356300354,2024-04-04T14:36:00Z,14:36:00
20240415_062800.WAV,0,3,Colaptes auratus_Northern Flicker,0.574073851108551,2024-04-15T06:28:00Z,06:28:00
20240415_062800.WAV,3,6,Colaptes auratus_Northern Flicker,0.4111724495887756,2024-04-15T06:28:00Z,06:28:00
20240415_062800.WAV,48,51,Certhia americana_Brown Creeper,0.585884690284729,2024-04-15T06:28:00Z,06:28:00
20240415_062800.WAV,51,54,Sphyrapicus varius_Yellow-bellied Sapsucker,0.5543769598007202,2024-04-15T06:28:00Z,06:28:00
20240408_061800.WAV,6,9,Certhia americana_Brown Creeper,0.9118028283119202,2024-04-08T06:18:00Z,06:18:00
20240408_061800.WAV,9,12,Certhia americana_Brown Creeper,0.6757413744926453,2024-04-08T06:18:00Z,06:18:00
20240408_061800.WAV,12,15,Certhia americana_Brown Creeper,0.8892968893051147,2024-04-08T06:18:00Z,06:18:00
20240408_061800.WAV,15,18,Certhia americana_Brown Creeper,0.593837320804596,2024-04-08T06:18:00Z,06:18:00
20240408_061800.WAV,18,21,Certhia americana_Brown Creeper,0.4502021074295044,2024-04-08T06:18:00Z,06:18:00
20240408_061800.WAV,21,24,Certhia americana_Brown Creeper,0.5827831625938416,2024-04-08T06:18:00Z,06:18:00
20240408_061800.WAV,24,27,Certhia americana_Brown Creeper,0.8149111270904541,2024-04-08T06:18:00Z,06:18:00
20240408_061800.WAV,27,30,Certhia americana_Brown Creeper,0.8216378092765808,2024-04-08T06:18:00Z,06:18:00
20240408_061800.WAV,33,36,Certhia americana_Brown Creeper,0.925244927406311,2024-04-08T06:18:00Z,06:18:00
20240408_061800.WAV,36,39,Certhia americana_Brown Creeper,0.7607221603393555,2024-04-08T06:18:00Z,06:18:00
20240408_061800.WAV,39,42,Certhia americana_Brown Creeper,0.853613018989563,2024-04-08T06:18:00Z,06:18:00
20240408_061800.WAV,45,48,Certhia americana_Brown Creeper,0.9547412991523744,2024-04-08T06:18:00Z,06:18:00
20240408_061800.WAV,48,51,Certhia americana_Brown Creeper,0.5668737292289734,2024-04-08T06:18:00Z,06:18:00
20240408_061800.WAV,51,54,Certhia americana_Brown Creeper,0.9276806712150574,2024-04-08T06:18:00Z,06:18:00
20240406_194700.WAV,12,15,Nucifraga caryocatactes_Eurasian Nutcracker,0.49807092547416687,2024-04-06T19:47:00Z,19:47:00
20240406_194700.WAV,36,39,Turdus migratorius_American Robin,0.5634878277778625,2024-04-06T19:47:00Z,19:47:00
20240411_152000.WAV,12,15,Certhia americana_Brown Creeper,0.4671112596988678,2024-04-11T15:20:00Z,15:20:00
20240411_152000.WAV,24,27,Certhia americana_Brown Creeper,0.6503496766090393,2024-04-11T15:20:00Z,15:20:00
20240411_152000.WAV,48,51,Certhia americana_Brown Creeper,0.812755823135376,2024-04-11T15:20:00Z,15:20:00
20240405_160300.WAV,3,6,Regulus satrapa_Golden-crowned Kinglet,0.7865847945213318,2024-04-05T16:03:00Z,16:03:00
20240405_160300.WAV,24,27,Regulus satrapa_Golden-crowned Kinglet,0.5325362086296082,2024-04-05T16:03:00Z,16:03:00
20240405_160300.WAV,33,36,Regulus satrapa_Golden-crowned Kinglet,0.4997642636299134,2024-04-05T16:03:00Z,16:03:00
20240402_062000.WAV,0,3,Turdus migratorius_American Robin,0.6770160794258118,2024-04-02T06:20:00Z,06:20:00
20240402_062000.WAV,3,6,Corvus brachyrhynchos_American Crow,0.40230581164360046,2024-04-02T06:20:00Z,06:20:00
20240402_062000.WAV,6,9,Turdus migratorius_American Robin,0.4109026789665222,2024-04-02T06:20:00Z,06:20:00
20240402_062000.WAV,12,15,Turdus migratorius_American Robin,0.6030120253562927,2024-04-02T06:20:00Z,06:20:00
20240402_062000.WAV,15,18,Turdus migratorius_American Robin,0.6156085729598999,2024-04-02T06:20:00Z,06:20:00
20240402_062000.WAV,18,21,Turdus migratorius_American Robin,0.6827515363693237,2024-04-02T06:20:00Z,06:20:00
20240402_062000.WAV,42,45,Turdus migratorius_American Robin,0.4595831632614136,2024-04-02T06:20:00Z,06:20:00
20240402_062000.WAV,54,55,Certhia americana_Brown Creeper,0.6135870814323425,2024-04-02T06:20:00Z,06:20:00
20240410_141400.WAV,33,36,Turdus migratorius_American Robin,0.46007680892944336,2024-04-10T14:14:00Z,14:14:00
20240405_064600.WAV,15,18,Turdus migratorius_American Robin,0.8060482144355774,2024-04-05T06:46:00Z,06:46:00
20240402_162000.WAV,39,42,Porzana porzana_Spotted Crake,0.5028280019760132,2024-04-02T16:20:00Z,16:20:00
20240402_162000.WAV,42,45,Porzana porzana_Spotted Crake,0.6444061994552612,2024-04-02T16:20:00Z,16:20:00
20240331_151100.WAV,0,3,Corvus brachyrhynchos_American Crow,0.6327744722366333,2024-03-31T15:11:00Z,15:11:00
20240331_151100.WAV,15,18,Corvus brachyrhynchos_American Crow,0.6993436813354492,2024-03-31T15:11:00Z,15:11:00
20240331_055400.WAV,39,42,Regulus regulus_Goldcrest,0.5039297342300415,2024-03-31T05:54:00Z,05:54:00
20240407_070400.WAV,48,51,Catharus guttatus_Hermit Thrush,0.5865519642829895,2024-04-07T07:04:00Z,07:04:00
20240401_065600.WAV,39,42,Turdus migratorius_American Robin,0.4035290479660034,2024-04-01T06:56:00Z,06:56:00
20240401_065600.WAV,51,54,Turdus migratorius_American Robin,0.41497835516929626,2024-04-01T06:56:00Z,06:56:00
20240408_054500.WAV,45,48,Turdus migratorius_American Robin,0.5752425193786621,2024-04-08T05:45:00Z,05:45:00
20240401_193800.WAV,30,33,Turdus migratorius_American Robin,0.5680063366889954,2024-04-01T19:38:00Z,19:38:00
20240401_193800.WAV,33,36,Turdus migratorius_American Robin,0.5797309279441833,2024-04-01T19:38:00Z,19:38:00
20240401_193800.WAV,42,45,Catharus guttatus_Hermit Thrush,0.6645768284797668,2024-04-01T19:38:00Z,19:38:00
20240405_193100.WAV,39,42,Turdus migratorius_American Robin,0.47512319684028625,2024-04-05T19:31:00Z,19:31:00
20240405_070700.WAV,39,42,Certhia americana_Brown Creeper,0.648796796798706,2024-04-05T07:07:00Z,07:07:00
20240405_070700.WAV,45,48,Certhia americana_Brown Creeper,0.4671841263771057,2024-04-05T07:07:00Z,07:07:00
20240407_061900.WAV,0,3,Certhia americana_Brown Creeper,0.7905002236366272,2024-04-07T06:19:00Z,06:19:00
20240407_061900.WAV,3,6,Certhia americana_Brown Creeper,0.9757457375526428,2024-04-07T06:19:00Z,06:19:00
20240407_061900.WAV,12,15,Certhia americana_Brown Creeper,0.8779231309890747,2024-04-07T06:19:00Z,06:19:00
20240407_061900.WAV,21,24,Certhia americana_Brown Creeper,0.875906765460968,2024-04-07T06:19:00Z,06:19:00
20240407_061900.WAV,24,27,Certhia americana_Brown Creeper,0.919485092163086,2024-04-07T06:19:00Z,06:19:00
20240407_061900.WAV,33,36,Certhia americana_Brown Creeper,0.518404483795166,2024-04-07T06:19:00Z,06:19:00
20240407_061900.WAV,36,39,Certhia americana_Brown Creeper,0.6830273270606995,2024-04-07T06:19:00Z,06:19:00
20240407_061900.WAV,39,42,Certhia americana_Brown Creeper,0.9143994450569152,2024-04-07T06:19:00Z,06:19:00
20240407_061900.WAV,48,51,Certhia americana_Brown Creeper,0.6826538443565369,2024-04-07T06:19:00Z,06:19:00
20240411_142400.WAV,51,54,Certhia americana_Brown Creeper,0.8131387829780579,2024-04-11T14:24:00Z,14:24:00
20240404_063300.WAV,0,3,Certhia americana_Brown Creeper,0.7531561255455017,2024-04-04T06:33:00Z,06:33:00
20240404_063300.WAV,6,9,Certhia americana_Brown Creeper,0.8304867744445801,2024-04-04T06:33:00Z,06:33:00
20240404_063300.WAV,9,12,Certhia americana_Brown Creeper,0.5930886268615723,2024-04-04T06:33:00Z,06:33:00
20240404_063300.WAV,12,15,Certhia americana_Brown Creeper,0.9455115795135498,2024-04-04T06:33:00Z,06:33:00
20240404_063300.WAV,18,21,Certhia americana_Brown Creeper,0.979806661605835,2024-04-04T06:33:00Z,06:33:00
20240404_063300.WAV,21,24,Certhia americana_Brown Creeper,0.945474088191986,2024-04-04T06:33:00Z,06:33:00
20240404_063300.WAV,33,36,Certhia americana_Brown Creeper,0.9826589822769164,2024-04-04T06:33:00Z,06:33:00
20240404_063300.WAV,36,39,Certhia americana_Brown Creeper,0.9486461877822876,2024-04-04T06:33:00Z,06:33:00
20240404_063300.WAV,42,45,Certhia americana_Brown Creeper,0.7178124785423279,2024-04-04T06:33:00Z,06:33:00
20240404_063300.WAV,48,51,Certhia americana_Brown Creeper,0.9819186925888062,2024-04-04T06:33:00Z,06:33:00
20240404_063300.WAV,51,54,Certhia americana_Brown Creeper,0.977231502532959,2024-04-04T06:33:00Z,06:33:00
20240408_145800.WAV,45,48,Certhia americana_Brown Creeper,0.41496217250823975,2024-04-08T14:58:00Z,14:58:00
20240402_142500.WAV,6,9,Porzana porzana_Spotted Crake,0.7078587412834167,2024-04-02T14:25:00Z,14:25:00
20240410_161100.WAV,33,36,Poecile atricapillus_Black-capped Chickadee,0.4598420560359955,2024-04-10T16:11:00Z,16:11:00
20240409_062800.WAV,45,48,Turdus migratorius_American Robin,0.4339932203292846,2024-04-09T06:28:00Z,06:28:00
20240410_065400.WAV,3,6,Poecile gambeli_Mountain Chickadee,0.699874222278595,2024-04-10T06:54:00Z,06:54:00
20240410_065400.WAV,6,9,Poecile atricapillus_Black-capped Chickadee,0.5910616517066956,2024-04-10T06:54:00Z,06:54:00
20240410_065400.WAV,27,30,Poecile atricapillus_Black-capped Chickadee,0.5070475339889526,2024-04-10T06:54:00Z,06:54:00
20240414_061800.WAV,0,3,Colaptes auratus_Northern Flicker,0.5845178365707397,2024-04-14T06:18:00Z,06:18:00
20240414_061800.WAV,3,6,Colaptes auratus_Northern Flicker,0.6292155981063843,2024-04-14T06:18:00Z,06:18:00
20240414_061800.WAV,6,9,Certhia americana_Brown Creeper,0.8660387396812439,2024-04-14T06:18:00Z,06:18:00
20240414_061800.WAV,6,9,Colaptes auratus_Northern Flicker,0.7941543459892273,2024-04-14T06:18:00Z,06:18:00
20240414_061800.WAV,18,21,Certhia americana_Brown Creeper,0.9131057262420654,2024-04-14T06:18:00Z,06:18:00
20240414_061800.WAV,24,27,Colaptes auratus_Northern Flicker,0.5046210289001465,2024-04-14T06:18:00Z,06:18:00
20240414_061800.WAV,27,30,Colaptes auratus_Northern Flicker,0.7646594047546387,2024-04-14T06:18:00Z,06:18:00
20240414_061800.WAV,30,33,Certhia americana_Brown Creeper,0.9694923162460328,2024-04-14T06:18:00Z,06:18:00
20240414_061800.WAV,39,42,Colaptes auratus_Northern Flicker,0.8172550797462463,2024-04-14T06:18:00Z,06:18:00
20240414_061800.WAV,42,45,Certhia americana_Brown Creeper,0.9705374836921692,2024-04-14T06:18:00Z,06:18:00
20240414_061800.WAV,42,45,Colaptes auratus_Northern Flicker,0.4028276205062866,2024-04-14T06:18:00Z,06:18:00
20240405_140600.WAV,15,18,Porzana porzana_Spotted Crake,0.4041282534599304,2024-04-05T14:06:00Z,14:06:00
20240410_061100.WAV,0,3,Certhia americana_Brown Creeper,0.8040077090263367,2024-04-10T06:11:00Z,06:11:00
20240410_061100.WAV,6,9,Certhia americana_Brown Creeper,0.9193070530891418,2024-04-10T06:11:00Z,06:11:00
20240410_061100.WAV,15,18,Certhia americana_Brown Creeper,0.8675087094306946,2024-04-10T06:11:00Z,06:11:00
20240410_061100.WAV,18,21,Sayornis phoebe_Eastern Phoebe,0.78007572889328,2024-04-10T06:11:00Z,06:11:00
20240410_061100.WAV,21,24,Sayornis phoebe_Eastern Phoebe,0.4559786319732666,2024-04-10T06:11:00Z,06:11:00
20240410_061100.WAV,24,27,Certhia americana_Brown Creeper,0.7619768977165222,2024-04-10T06:11:00Z,06:11:00
20240410_061100.WAV,27,30,Certhia americana_Brown Creeper,0.5449551343917847,2024-04-10T06:11:00Z,06:11:00
20240410_061100.WAV,30,33,Certhia americana_Brown Creeper,0.43794503808021545,2024-04-10T06:11:00Z,06:11:00
20240410_061100.WAV,33,36,Certhia americana_Brown Creeper,0.7434422969818115,2024-04-10T06:11:00Z,06:11:00
20240410_061100.WAV,36,39,Certhia americana_Brown Creeper,0.4757315218448639,2024-04-10T06:11:00Z,06:11:00
20240410_061100.WAV,45,48,Certhia americana_Brown Creeper,0.6178779006004333,2024-04-10T06:11:00Z,06:11:00
20240410_061100.WAV,51,54,Certhia americana_Brown Creeper,0.7217955589294434,2024-04-10T06:11:00Z,06:11:00
20240413_195500.WAV,42,45,Botaurus lentiginosus_American Bittern,0.914680004119873,2024-04-13T19:55:00Z,19:55:00
20240331_063000.WAV,9,12,Poecile atricapillus_Black-capped Chickadee,0.6030654311180115,2024-03-31T06:30:00Z,06:30:00
20240331_063000.WAV,39,42,Poecile atricapillus_Black-capped Chickadee,0.5073622465133667,2024-03-31T06:30:00Z,06:30:00
20240331_140800.WAV,33,36,Regulus satrapa_Golden-crowned Kinglet,0.506589412689209,2024-03-31T14:08:00Z,14:08:00
20240406_061400.WAV,0,3,Turdus migratorius_American Robin,0.45333191752433777,2024-04-06T06:14:00Z,06:14:00
20240406_061400.WAV,6,9,Turdus migratorius_American Robin,0.5829840898513794,2024-04-06T06:14:00Z,06:14:00
20240406_061400.WAV,9,12,Turdus migratorius_American Robin,0.4641493856906891,2024-04-06T06:14:00Z,06:14:00
20240406_061400.WAV,12,15,Turdus migratorius_American Robin,0.5774837732315063,2024-04-06T06:14:00Z,06:14:00
20240406_061400.WAV,21,24,Strepera versicolor_Gray Currawong,0.743904173374176,2024-04-06T06:14:00Z,06:14:00
20240406_061400.WAV,33,36,Turdus migratorius_American Robin,0.42164573073387146,2024-04-06T06:14:00Z,06:14:00
20240402_065800.WAV,6,9,Turdus migratorius_American Robin,0.6334817409515381,2024-04-02T06:58:00Z,06:58:00
20240402_065800.WAV,15,18,Turdus migratorius_American Robin,0.40103915333747864,2024-04-02T06:58:00Z,06:58:00
20240402_065800.WAV,24,27,Turdus migratorius_American Robin,0.5639113783836365,2024-04-02T06:58:00Z,06:58:00
20240402_065800.WAV,33,36,Turdus migratorius_American Robin,0.41214653849601746,2024-04-02T06:58:00Z,06:58:00
20240402_065800.WAV,45,48,Turdus migratorius_American Robin,0.7222155928611755,2024-04-02T06:58:00Z,06:58:00
20240415_155100.WAV,9,12,Certhia americana_Brown Creeper,0.8982402086257935,2024-04-15T15:51:00Z,15:51:00
20240415_155100.WAV,12,15,Regulus regulus_Goldcrest,0.549893319606781,2024-04-15T15:51:00Z,15:51:00
20240415_155100.WAV,18,21,Certhia americana_Brown Creeper,0.8860718607902527,2024-04-15T15:51:00Z,15:51:00
20240415_155100.WAV,27,30,Certhia americana_Brown Creeper,0.9590274095535278,2024-04-15T15:51:00Z,15:51:00
20240415_155100.WAV,36,39,Certhia americana_Brown Creeper,0.9070378541946412,2024-04-15T15:51:00Z,15:51:00
20240415_155100.WAV,42,45,Certhia americana_Brown Creeper,0.834252655506134,2024-04-15T15:51:00Z,15:51:00
20240415_155100.WAV,48,51,Certhia americana_Brown Creeper,0.9524326920509338,2024-04-15T15:51:00Z,15:51:00
20240415_155100.WAV,51,54,Certhia americana_Brown Creeper,0.9477154016494752,2024-04-15T15:51:00Z,15:51:00
20240409_141000.WAV,27,30,Certhia americana_Brown Creeper,0.8658603429794312,2024-04-09T14:10:00Z,14:10:00
20240409_141000.WAV,42,45,Certhia americana_Brown Creeper,0.7838831543922424,2024-04-09T14:10:00Z,14:10:00
20240401_063700.WAV,15,18,Regulus regulus_Goldcrest,0.6428732872009277,2024-04-01T06:37:00Z,06:37:00
20240401_063700.WAV,36,39,Branta canadensis_Canada Goose,0.6757627725601196,2024-04-01T06:37:00Z,06:37:00
20240401_063700.WAV,42,45,Branta canadensis_Canada Goose,0.6715245246887207,2024-04-01T06:37:00Z,06:37:00
20240401_063700.WAV,45,48,Branta canadensis_Canada Goose,0.7460651993751526,2024-04-01T06:37:00Z,06:37:00
20240401_063700.WAV,48,51,Branta canadensis_Canada Goose,0.4587528705596924,2024-04-01T06:37:00Z,06:37:00
20240406_161400.WAV,24,27,Aegolius acadicus_Northern Saw-whet Owl,0.4834982752799988,2024-04-06T16:14:00Z,16:14:00
20240331_070900.WAV,9,12,Turdus migratorius_American Robin,0.7225407958030701,2024-03-31T07:09:00Z,07:09:00
20240331_070900.WAV,36,39,Certhia americana_Brown Creeper,0.6266002058982849,2024-03-31T07:09:00Z,07:09:00
20240331_070900.WAV,42,45,Turdus migratorius_American Robin,0.4585398137569427,2024-03-31T07:09:00Z,07:09:00
20240402_055900.WAV,18,21,Turdus migratorius_American Robin,0.4886477291584015,2024-04-02T05:59:00Z,05:59:00
20240412_063600.WAV,0,3,Poecile atricapillus_Black-capped Chickadee,0.4391081631183624,2024-04-12T06:36:00Z,06:36:00
20240412_063600.WAV,9,12,Branta canadensis_Canada Goose,0.4131004512310028,2024-04-12T06:36:00Z,06:36:00
20240412_063600.WAV,18,21,Poecile atricapillus_Black-capped Chickadee,0.5435290932655334,2024-04-12T06:36:00Z,06:36:00
20240412_063600.WAV,21,24,Poecile atricapillus_Black-capped Chickadee,0.5246520638465881,2024-04-12T06:36:00Z,06:36:00
20240412_063600.WAV,27,30,Poecile atricapillus_Black-capped Chickadee,0.6072745323181152,2024-04-12T06:36:00Z,06:36:00
20240412_063600.WAV,42,45,Poecile atricapillus_Black-capped Chickadee,0.4829002916812897,2024-04-12T06:36:00Z,06:36:00
20240415_061500.WAV,42,45,Certhia americana_Brown Creeper,0.7402862310409546,2024-04-15T06:15:00Z,06:15:00
20240415_061500.WAV,48,51,Certhia americana_Brown Creeper,0.5227205753326416,2024-04-15T06:15:00Z,06:15:00
20240415_061500.WAV,51,54,Certhia americana_Brown Creeper,0.9282269477844238,2024-04-15T06:15:00Z,06:15:00
20240330_195300.WAV,42,45,Aegolius acadicus_Northern Saw-whet Owl,0.7972970604896545,2024-03-30T19:53:00Z,19:53:00
20240411_065900.WAV,0,3,Dryobates pubescens_Downy Woodpecker,0.674433708190918,2024-04-11T06:59:00Z,06:59:00
20240411_065900.WAV,3,6,Dryobates pubescens_Downy Woodpecker,0.481793999671936,2024-04-11T06:59:00Z,06:59:00
20240411_065900.WAV,6,9,Dryobates pubescens_Downy Woodpecker,0.7256289720535278,2024-04-11T06:59:00Z,06:59:00
20240411_065900.WAV,9,12,Dryobates pubescens_Downy Woodpecker,0.7352455258369446,2024-04-11T06:59:00Z,06:59:00
20240411_065900.WAV,12,15,Dryobates pubescens_Downy Woodpecker,0.9196273684501648,2024-04-11T06:59:00Z,06:59:00
20240411_065900.WAV,18,21,Dryobates pubescens_Downy Woodpecker,0.8686283230781555,2024-04-11T06:59:00Z,06:59:00
20240411_065900.WAV,24,27,Dryobates pubescens_Downy Woodpecker,0.7630199193954468,2024-04-11T06:59:00Z,06:59:00
20240411_065900.WAV,30,33,Dryobates pubescens_Downy Woodpecker,0.6018909215927124,2024-04-11T06:59:00Z,06:59:00
20240411_065900.WAV,33,36,Dryobates pubescens_Downy Woodpecker,0.8436303734779358,2024-04-11T06:59:00Z,06:59:00
20240411_065900.WAV,36,39,Dryobates pubescens_Downy Woodpecker,0.7842647433280945,2024-04-11T06:59:00Z,06:59:00
20240411_065900.WAV,39,42,Dryobates pubescens_Downy Woodpecker,0.7603898048400879,2024-04-11T06:59:00Z,06:59:00
20240411_065900.WAV,42,45,Dryobates pubescens_Downy Woodpecker,0.6147658824920654,2024-04-11T06:59:00Z,06:59:00
20240411_065900.WAV,45,48,Dryobates pubescens_Downy Woodpecker,0.4823026359081268,2024-04-11T06:59:00Z,06:59:00
20240411_065900.WAV,48,51,Dryobates pubescens_Downy Woodpecker,0.8221890926361084,2024-04-11T06:59:00Z,06:59:00
20240411_065900.WAV,51,54,Dryobates pubescens_Downy Woodpecker,0.7259883880615234,2024-04-11T06:59:00Z,06:59:00
20240406_155000.WAV,36,39,Bombycilla cedrorum_Cedar Waxwing,0.8651555776596069,2024-04-06T15:50:00Z,15:50:00
20240413_070200.WAV,9,12,Aix sponsa_Wood Duck,0.9716004729270936,2024-04-13T07:02:00Z,07:02:00
20240413_070200.WAV,39,42,Aix sponsa_Wood Duck,0.5339217782020569,2024-04-13T07:02:00Z,07:02:00
20240402_155900.WAV,12,15,Porzana porzana_Spotted Crake,0.5897383093833923,2024-04-02T15:59:00Z,15:59:00
20240402_155900.WAV,18,21,Porzana porzana_Spotted Crake,0.5200396776199341,2024-04-02T15:59:00Z,15:59:00
20240415_065000.WAV,6,9,Sitta carolinensis_White-breasted Nuthatch,0.4085167050361634,2024-04-15T06:50:00Z,06:50:00
20240415_065000.WAV,21,24,Botaurus lentiginosus_American Bittern,0.6824854612350464,2024-04-15T06:50:00Z,06:50:00
20240415_065000.WAV,33,36,Botaurus lentiginosus_American Bittern,0.780082106590271,2024-04-15T06:50:00Z,06:50:00
20240330_191600.WAV,0,3,Turdus migratorius_American Robin,0.5979970693588257,2024-03-30T19:16:00Z,19:16:00
20240330_191600.WAV,12,15,Turdus migratorius_American Robin,0.4444243907928467,2024-03-30T19:16:00Z,19:16:00
20240330_191600.WAV,15,18,Turdus migratorius_American Robin,0.5072991251945496,2024-03-30T19:16:00Z,19:16:00
20240330_191600.WAV,18,21,Turdus migratorius_American Robin,0.5733281970024109,2024-03-30T19:16:00Z,19:16:00
20240330_191600.WAV,33,36,Turdus migratorius_American Robin,0.5057336091995239,2024-03-30T19:16:00Z,19:16:00
20240330_191600.WAV,42,45,Turdus migratorius_American Robin,0.7940214276313782,2024-03-30T19:16:00Z,19:16:00
20240331_161400.WAV,9,12,Regulus satrapa_Golden-crowned Kinglet,0.5242833495140076,2024-03-31T16:14:00Z,16:14:00
20240414_191700.WAV,30,33,Turdus migratorius_American Robin,0.4110036790370941,2024-04-14T19:17:00Z,19:17:00
20240414_191700.WAV,39,42,Turdus migratorius_American Robin,0.6952671408653259,2024-04-14T19:17:00Z,19:17:00
20240414_191700.WAV,48,51,Turdus migratorius_American Robin,0.4583706259727478,2024-04-14T19:17:00Z,19:17:00
20240414_191700.WAV,51,54,Turdus migratorius_American Robin,0.4945158064365387,2024-04-14T19:17:00Z,19:17:00
20240331_065100.WAV,6,9,Turdus migratorius_American Robin,0.4376203417778015,2024-03-31T06:51:00Z,06:51:00
20240331_065100.WAV,12,15,Turdus migratorius_American Robin,0.8016393184661865,2024-03-31T06:51:00Z,06:51:00
20240331_065100.WAV,15,18,Turdus migratorius_American Robin,0.5003916621208191,2024-03-31T06:51:00Z,06:51:00
20240331_065100.WAV,21,24,Turdus migratorius_American Robin,0.6609588265419006,2024-03-31T06:51:00Z,06:51:00
20240331_065100.WAV,27,30,Turdus migratorius_American Robin,0.6434673070907593,2024-03-31T06:51:00Z,06:51:00
20240331_065100.WAV,36,39,Turdus migratorius_American Robin,0.4534136652946472,2024-03-31T06:51:00Z,06:51:00
20240331_065100.WAV,39,42,Turdus migratorius_American Robin,0.4973043203353882,2024-03-31T06:51:00Z,06:51:00
20240415_070800.WAV,6,9,Dryobates pubescens_Downy Woodpecker,0.47823259234428406,2024-04-15T07:08:00Z,07:08:00
20240415_070800.WAV,12,15,Regulus satrapa_Golden-crowned Kinglet,0.5890762209892273,2024-04-15T07:08:00Z,07:08:00
20240415_070800.WAV,39,42,Dryobates pubescens_Downy Woodpecker,0.48409169912338257,2024-04-15T07:08:00Z,07:08:00
20240404_155300.WAV,21,24,Porzana porzana_Spotted Crake,0.6052488684654236,2024-04-04T15:53:00Z,15:53:00
20240410_163500.WAV,0,3,Sphyrapicus varius_Yellow-bellied Sapsucker,0.5868288278579712,2024-04-10T16:35:00Z,16:35:00
20240410_163500.WAV,30,33,Sphyrapicus varius_Yellow-bellied Sapsucker,0.5067030787467957,2024-04-10T16:35:00Z,16:35:00
20240402_144400.WAV,21,24,Porzana porzana_Spotted Crake,0.4549463391304016,2024-04-02T14:44:00Z,14:44:00
20240411_070100.WAV,21,24,Dryobates pubescens_Downy Woodpecker,0.40786629915237427,2024-04-11T07:01:00Z,07:01:00
20240411_070100.WAV,42,45,Certhia americana_Brown Creeper,0.8874837160110474,2024-04-11T07:01:00Z,07:01:00
20240409_064900.WAV,39,42,Certhia americana_Brown Creeper,0.7830324172973633,2024-04-09T06:49:00Z,06:49:00
20240412_160500.WAV,36,39,Porzana porzana_Spotted Crake,0.4216691553592682,2024-04-12T16:05:00Z,16:05:00
20240408_065300.WAV,30,33,Turdus migratorius_American Robin,0.6233920454978943,2024-04-08T06:53:00Z,06:53:00
20240406_152600.WAV,33,36,Nucifraga caryocatactes_Eurasian Nutcracker,0.6856878995895386,2024-04-06T15:26:00Z,15:26:00
20240330_192500.WAV,9,12,Turdus migratorius_American Robin,0.4377707242965698,2024-03-30T19:25:00Z,19:25:00
20240330_192500.WAV,36,39,Turdus migratorius_American Robin,0.8287750482559204,2024-03-30T19:25:00Z,19:25:00
20240330_192500.WAV,48,51,Turdus migratorius_American Robin,0.4623805582523346,2024-03-30T19:25:00Z,19:25:00
20240330_192500.WAV,51,54,Turdus migratorius_American Robin,0.6274939179420471,2024-03-30T19:25:00Z,19:25:00
20240408_061600.WAV,3,6,Certhia americana_Brown Creeper,0.7651448845863342,2024-04-08T06:16:00Z,06:16:00
20240408_061600.WAV,12,15,Certhia americana_Brown Creeper,0.8880481719970703,2024-04-08T06:16:00Z,06:16:00
20240408_061600.WAV,24,27,Certhia americana_Brown Creeper,0.8169031143188477,2024-04-08T06:16:00Z,06:16:00
20240408_061600.WAV,33,36,Certhia americana_Brown Creeper,0.964034616947174,2024-04-08T06:16:00Z,06:16:00
20240408_061600.WAV,48,51,Certhia americana_Brown Creeper,0.9112708568572998,2024-04-08T06:16:00Z,06:16:00
20240410_194200.WAV,0,3,Certhia americana_Brown Creeper,0.8145122528076172,2024-04-10T19:42:00Z,19:42:00
20240410_194200.WAV,27,30,Turdus migratorius_American Robin,0.6995145678520203,2024-04-10T19:42:00Z,19:42:00
20240410_194200.WAV,39,42,Turdus migratorius_American Robin,0.7226138114929199,2024-04-10T19:42:00Z,19:42:00
20240331_064800.WAV,0,3,Turdus migratorius_American Robin,0.8316304683685303,2024-03-31T06:48:00Z,06:48:00
20240331_064800.WAV,3,6,Turdus migratorius_American Robin,0.5035030841827393,2024-03-31T06:48:00Z,06:48:00
20240331_064800.WAV,6,9,Turdus migratorius_American Robin,0.5365974307060242,2024-03-31T06:48:00Z,06:48:00
20240331_064800.WAV,9,12,Turdus migratorius_American Robin,0.4057455360889435,2024-03-31T06:48:00Z,06:48:00
20240331_064800.WAV,12,15,Turdus migratorius_American Robin,0.44468259811401367,2024-03-31T06:48:00Z,06:48:00
20240331_064800.WAV,18,21,Turdus migratorius_American Robin,0.4508109986782074,2024-03-31T06:48:00Z,06:48:00
20240331_064800.WAV,21,24,Turdus migratorius_American Robin,0.9057137966156006,2024-03-31T06:48:00Z,06:48:00
20240331_064800.WAV,27,30,Turdus migratorius_American Robin,0.467140793800354,2024-03-31T06:48:00Z,06:48:00
20240331_064800.WAV,36,39,Turdus migratorius_American Robin,0.7533560395240784,2024-03-31T06:48:00Z,06:48:00
20240407_062400.WAV,3,6,Corvus brachyrhynchos_American Crow,0.47857552766799927,2024-04-07T06:24:00Z,06:24:00
20240407_062400.WAV,6,9,Certhia americana_Brown Creeper,0.6459690928459167,2024-04-07T06:24:00Z,06:24:00
20240407_062400.WAV,18,21,Certhia americana_Brown Creeper,0.7094534039497375,2024-04-07T06:24:00Z,06:24:00
20240407_062400.WAV,18,21,Sitta carolinensis_White-breasted Nuthatch,0.4440786838531494,2024-04-07T06:24:00Z,06:24:00
20240407_062400.WAV,27,30,Certhia americana_Brown Creeper,0.7678678631782532,2024-04-07T06:24:00Z,06:24:00
20240407_062400.WAV,27,30,Sitta carolinensis_White-breasted Nuthatch,0.6065565347671509,2024-04-07T06:24:00Z,06:24:00
20240407_062400.WAV,30,33,Catharus guttatus_Hermit Thrush,0.4425518810749054,2024-04-07T06:24:00Z,06:24:00
20240407_062400.WAV,36,39,Sitta carolinensis_White-breasted Nuthatch,0.4596501588821411,2024-04-07T06:24:00Z,06:24:00
20240407_062400.WAV,45,48,Certhia americana_Brown Creeper,0.9058946371078492,2024-04-07T06:24:00Z,06:24:00
20240407_062400.WAV,45,48,Sitta carolinensis_White-breasted Nuthatch,0.8208045959472656,2024-04-07T06:24:00Z,06:24:00
20240412_143300.WAV,48,51,Aix sponsa_Wood Duck,0.9910159111022948,2024-04-12T14:33:00Z,14:33:00
20240412_143300.WAV,54,55,Certhia americana_Brown Creeper,0.6107595562934875,2024-04-12T14:33:00Z,14:33:00
20240409_151400.WAV,18,21,Regulus regulus_Goldcrest,0.6615036129951477,2024-04-09T15:14:00Z,15:14:00
20240409_151400.WAV,27,30,Certhia americana_Brown Creeper,0.5219024419784546,2024-04-09T15:14:00Z,15:14:00
20240409_151400.WAV,36,39,Regulus satrapa_Golden-crowned Kinglet,0.4313439428806305,2024-04-09T15:14:00Z,15:14:00
20240409_151400.WAV,39,42,Certhia americana_Brown Creeper,0.6234899163246155,2024-04-09T15:14:00Z,15:14:00
20240409_151400.WAV,51,54,Certhia americana_Brown Creeper,0.41093674302101135,2024-04-09T15:14:00Z,15:14:00
20240409_055100.WAV,36,39,Anas platyrhynchos_Mallard,0.4599994421005249,2024-04-09T05:51:00Z,05:51:00
20240413_150700.WAV,12,15,Corvus brachyrhynchos_American Crow,0.5160474181175232,2024-04-13T15:07:00Z,15:07:00
20240413_150700.WAV,30,33,Corvus brachyrhynchos_American Crow,0.48420971632003784,2024-04-13T15:07:00Z,15:07:00
20240406_071000.WAV,18,21,Regulus satrapa_Golden-crowned Kinglet,0.4242428541183472,2024-04-06T07:10:00Z,07:10:00
20240406_071000.WAV,24,27,Poecile atricapillus_Black-capped Chickadee,0.5879921913146973,2024-04-06T07:10:00Z,07:10:00
20240406_071000.WAV,30,33,Poecile atricapillus_Black-capped Chickadee,0.4175252616405487,2024-04-06T07:10:00Z,07:10:00
20240406_071000.WAV,51,54,Poecile atricapillus_Black-capped Chickadee,0.568100094795227,2024-04-06T07:10:00Z,07:10:00
20240331_154900.WAV,0,3,Corvus brachyrhynchos_American Crow,0.5890374779701233,2024-03-31T15:49:00Z,15:49:00
20240331_154900.WAV,15,18,Corvus brachyrhynchos_American Crow,0.6502751708030701,2024-03-31T15:49:00Z,15:49:00
20240331_154900.WAV,30,33,Corvus brachyrhynchos_American Crow,0.5388175845146179,2024-03-31T15:49:00Z,15:49:00
20240331_154900.WAV,33,36,Corvus brachyrhynchos_American Crow,0.8281091451644897,2024-03-31T15:49:00Z,15:49:00
20240331_154900.WAV,36,39,Corvus brachyrhynchos_American Crow,0.675859272480011,2024-03-31T15:49:00Z,15:49:00
20240331_154900.WAV,39,42,Corvus brachyrhynchos_American Crow,0.6181569695472717,2024-03-31T15:49:00Z,15:49:00
20240331_154900.WAV,42,45,Corvus brachyrhynchos_American Crow,0.6444140076637268,2024-03-31T15:49:00Z,15:49:00
20240331_154900.WAV,45,48,Corvus brachyrhynchos_American Crow,0.6563431024551392,2024-03-31T15:49:00Z,15:49:00
20240404_192500.WAV,36,39,Aegolius acadicus_Northern Saw-whet Owl,0.7685468792915344,2024-04-04T19:25:00Z,19:25:00
20240402_064100.WAV,27,30,Turdus migratorius_American Robin,0.42450183629989624,2024-04-02T06:41:00Z,06:41:00
20240404_071300.WAV,15,18,Certhia americana_Brown Creeper,0.8602500557899475,2024-04-04T07:13:00Z,07:13:00
20240402_060400.WAV,3,6,Turdus migratorius_American Robin,0.40940117835998535,2024-04-02T06:04:00Z,06:04:00
20240402_060400.WAV,18,21,Turdus migratorius_American Robin,0.4354574978351593,2024-04-02T06:04:00Z,06:04:00
20240402_060400.WAV,27,30,Turdus migratorius_American Robin,0.6495447754859924,2024-04-02T06:04:00Z,06:04:00
20240405_062700.WAV,3,6,Poecile gambeli_Mountain Chickadee,0.4395238161087036,2024-04-05T06:27:00Z,06:27:00
20240405_062700.WAV,12,15,Certhia americana_Brown Creeper,0.69904625415802,2024-04-05T06:27:00Z,06:27:00
20240405_062700.WAV,36,39,Regulus regulus_Goldcrest,0.6612290740013123,2024-04-05T06:27:00Z,06:27:00
20240405_062700.WAV,51,54,Certhia americana_Brown Creeper,0.755312442779541,2024-04-05T06:27:00Z,06:27:00
20240410_143000.WAV,21,24,Turdus migratorius_American Robin,0.4785815477371216,2024-04-10T14:30:00Z,14:30:00
20240410_143000.WAV,24,27,Turdus migratorius_American Robin,0.6810802817344666,2024-04-10T14:30:00Z,14:30:00
20240331_145400.WAV,42,45,Corvus brachyrhynchos_American Crow,0.5693323612213135,2024-03-31T14:54:00Z,14:54:00
20240331_145400.WAV,45,48,Corvus brachyrhynchos_American Crow,0.8123056292533875,2024-03-31T14:54:00Z,14:54:00
20240331_145400.WAV,48,51,Corvus brachyrhynchos_American Crow,0.4233108162879944,2024-03-31T14:54:00Z,14:54:00
20240416_062600.WAV,9,12,Certhia americana_Brown Creeper,0.4437006115913391,2024-04-16T06:26:00Z,06:26:00
20240409_070800.WAV,3,6,Aix sponsa_Wood Duck,0.9917854070663452,2024-04-09T07:08:00Z,07:08:00
20240409_070800.WAV,6,9,Aix sponsa_Wood Duck,0.9733774662017822,2024-04-09T07:08:00Z,07:08:00
20240409_070800.WAV,9,12,Aix sponsa_Wood Duck,0.5588681101799011,2024-04-09T07:08:00Z,07:08:00
20240409_070800.WAV,27,30,Certhia americana_Brown Creeper,0.935175359249115,2024-04-09T07:08:00Z,07:08:00
20240411_164000.WAV,30,33,Regulus regulus_Goldcrest,0.6300358176231384,2024-04-11T16:40:00Z,16:40:00
20240411_060500.WAV,9,12,Certhia americana_Brown Creeper,0.4238518476486206,2024-04-11T06:05:00Z,06:05:00
20240411_060500.WAV,27,30,Turdus migratorius_American Robin,0.4418357014656067,2024-04-11T06:05:00Z,06:05:00
20240411_060500.WAV,30,33,Certhia americana_Brown Creeper,0.8502613306045532,2024-04-11T06:05:00Z,06:05:00
20240411_060500.WAV,39,42,Certhia americana_Brown Creeper,0.7254908084869385,2024-04-11T06:05:00Z,06:05:00
20240411_060500.WAV,48,51,Certhia americana_Brown Creeper,0.519885778427124,2024-04-11T06:05:00Z,06:05:00
20240415_064900.WAV,0,3,Sitta carolinensis_White-breasted Nuthatch,0.7402617335319519,2024-04-15T06:49:00Z,06:49:00
20240415_064900.WAV,12,15,Sitta carolinensis_White-breasted Nuthatch,0.8338674306869507,2024-04-15T06:49:00Z,06:49:00
20240415_064900.WAV,15,18,Certhia americana_Brown Creeper,0.5383808612823486,2024-04-15T06:49:00Z,06:49:00
20240415_064900.WAV,18,21,Certhia americana_Brown Creeper,0.8472034931182861,2024-04-15T06:49:00Z,06:49:00
20240415_064900.WAV,33,36,Certhia americana_Brown Creeper,0.9268295168876648,2024-04-15T06:49:00Z,06:49:00
20240415_064900.WAV,48,51,Certhia americana_Brown Creeper,0.948369801044464,2024-04-15T06:49:00Z,06:49:00
20240415_064900.WAV,51,54,Certhia americana_Brown Creeper,0.8717892169952393,2024-04-15T06:49:00Z,06:49:00
20240415_064900.WAV,54,55,Certhia americana_Brown Creeper,0.4132121801376343,2024-04-15T06:49:00Z,06:49:00
20240415_064900.WAV,54,55,Regulus satrapa_Golden-crowned Kinglet,0.6038883328437805,2024-04-15T06:49:00Z,06:49:00
20240404_145700.WAV,48,51,Porzana porzana_Spotted Crake,0.4733179211616516,2024-04-04T14:57:00Z,14:57:00
20240331_071000.WAV,0,3,Certhia americana_Brown Creeper,0.8131334185600281,2024-03-31T07:10:00Z,07:10:00
20240331_071000.WAV,51,54,Tetrastes bonasia_Hazel Grouse,0.5477358102798462,2024-03-31T07:10:00Z,07:10:00
20240415_192700.WAV,15,18,Regulus regulus_Goldcrest,0.8050506711006165,2024-04-15T19:27:00Z,19:27:00
20240415_192700.WAV,33,36,Colaptes auratus_Northern Flicker,0.7601657509803772,2024-04-15T19:27:00Z,19:27:00
20240415_192700.WAV,36,39,Colaptes auratus_Northern Flicker,0.8976937532424927,2024-04-15T19:27:00Z,19:27:00
20240415_192700.WAV,39,42,Certhia americana_Brown Creeper,0.7056978344917297,2024-04-15T19:27:00Z,19:27:00
20240415_192700.WAV,42,45,Regulus regulus_Goldcrest,0.9169549942016602,2024-04-15T19:27:00Z,19:27:00
20240412_065700.WAV,15,18,Certhia americana_Brown Creeper,0.813244104385376,2024-04-12T06:57:00Z,06:57:00
20240412_065700.WAV,21,24,Certhia americana_Brown Creeper,0.741172730922699,2024-04-12T06:57:00Z,06:57:00
20240412_065700.WAV,24,27,Certhia americana_Brown Creeper,0.413190484046936,2024-04-12T06:57:00Z,06:57:00
20240412_065700.WAV,39,42,Certhia americana_Brown Creeper,0.6452791690826416,2024-04-12T06:57:00Z,06:57:00
20240412_065700.WAV,51,54,Certhia americana_Brown Creeper,0.7765103578567505,2024-04-12T06:57:00Z,06:57:00
20240401_151200.WAV,30,33,Poecile gambeli_Mountain Chickadee,0.8260863423347473,2024-04-01T15:12:00Z,15:12:00
20240407_140500.WAV,18,21,Certhia americana_Brown Creeper,0.4356529712677002,2024-04-07T14:05:00Z,14:05:00
20240407_140500.WAV,45,48,Certhia americana_Brown Creeper,0.6109201908111572,2024-04-07T14:05:00Z,14:05:00
20240408_164400.WAV,3,6,Aix sponsa_Wood Duck,0.5832265615463257,2024-04-08T16:44:00Z,16:44:00
20240408_164400.WAV,6,9,Aix sponsa_Wood Duck,0.9924748539924622,2024-04-08T16:44:00Z,16:44:00
20240408_164400.WAV,12,15,Aix sponsa_Wood Duck,0.4295286238193512,2024-04-08T16:44:00Z,16:44:00
20240408_164400.WAV,18,21,Aix sponsa_Wood Duck,0.8492801785469055,2024-04-08T16:44:00Z,16:44:00
20240408_164400.WAV,30,33,Certhia americana_Brown Creeper,0.6252092719078064,2024-04-08T16:44:00Z,16:44:00
20240412_061200.WAV,3,6,Certhia americana_Brown Creeper,0.8660172820091248,2024-04-12T06:12:00Z,06:12:00
20240412_061200.WAV,24,27,Certhia americana_Brown Creeper,0.7625652551651001,2024-04-12T06:12:00Z,06:12:00
20240412_061200.WAV,27,30,Certhia americana_Brown Creeper,0.7669979333877563,2024-04-12T06:12:00Z,06:12:00
20240412_061200.WAV,36,39,Certhia americana_Brown Creeper,0.8108999133110046,2024-04-12T06:12:00Z,06:12:00
20240412_061200.WAV,39,42,Certhia americana_Brown Creeper,0.42485159635543823,2024-04-12T06:12:00Z,06:12:00
20240412_061200.WAV,42,45,Certhia americana_Brown Creeper,0.5061963200569153,2024-04-12T06:12:00Z,06:12:00
20240415_063100.WAV,45,48,Botaurus lentiginosus_American Bittern,0.7032420039176941,2024-04-15T06:31:00Z,06:31:00
20240415_063100.WAV,51,54,Certhia americana_Brown Creeper,0.6661443710327148,2024-04-15T06:31:00Z,06:31:00
20240408_064400.WAV,0,3,Certhia americana_Brown Creeper,0.9373427033424376,2024-04-08T06:44:00Z,06:44:00
20240408_064400.WAV,9,12,Certhia americana_Brown Creeper,0.8455283641815186,2024-04-08T06:44:00Z,06:44:00
20240408_064400.WAV,18,21,Certhia americana_Brown Creeper,0.6577606797218323,2024-04-08T06:44:00Z,06:44:00
20240408_064400.WAV,27,30,Certhia americana_Brown Creeper,0.824150025844574,2024-04-08T06:44:00Z,06:44:00
20240408_064400.WAV,39,42,Certhia americana_Brown Creeper,0.9184314012527466,2024-04-08T06:44:00Z,06:44:00
20240330_193200.WAV,3,6,Turdus migratorius_American Robin,0.4217521548271179,2024-03-30T19:32:00Z,19:32:00
20240330_193200.WAV,6,9,Turdus migratorius_American Robin,0.7481737732887268,2024-03-30T19:32:00Z,19:32:00
20240330_193200.WAV,9,12,Turdus migratorius_American Robin,0.6179620027542114,2024-03-30T19:32:00Z,19:32:00
20240330_193200.WAV,12,15,Turdus migratorius_American Robin,0.6130462288856506,2024-03-30T19:32:00Z,19:32:00
20240330_193200.WAV,24,27,Turdus migratorius_American Robin,0.5677890777587891,2024-03-30T19:32:00Z,19:32:00
20240330_193200.WAV,27,30,Turdus migratorius_American Robin,0.7508711218833923,2024-03-30T19:32:00Z,19:32:00
20240411_063800.WAV,3,6,Dryobates pubescens_Downy Woodpecker,0.7024407386779785,2024-04-11T06:38:00Z,06:38:00
20240411_063800.WAV,6,9,Dryobates pubescens_Downy Woodpecker,0.7725126147270203,2024-04-11T06:38:00Z,06:38:00
20240411_063800.WAV,9,12,Regulus regulus_Goldcrest,0.9645008444786072,2024-04-11T06:38:00Z,06:38:00
20240411_063800.WAV,12,15,Dryobates pubescens_Downy Woodpecker,0.6434188485145569,2024-04-11T06:38:00Z,06:38:00
20240411_063800.WAV,15,18,Dryobates pubescens_Downy Woodpecker,0.4445684254169464,2024-04-11T06:38:00Z,06:38:00
20240411_063800.WAV,24,27,Dryobates pubescens_Downy Woodpecker,0.4603596031665802,2024-04-11T06:38:00Z,06:38:00
20240411_063800.WAV,36,39,Dryobates pubescens_Downy Woodpecker,0.834173321723938,2024-04-11T06:38:00Z,06:38:00
20240411_063800.WAV,39,42,Dryobates pubescens_Downy Woodpecker,0.6637941002845764,2024-04-11T06:38:00Z,06:38:00
20240411_063800.WAV,51,54,Dryobates pubescens_Downy Woodpecker,0.9548282027244568,2024-04-11T06:38:00Z,06:38:00
20240413_142700.WAV,48,51,Porzana porzana_Spotted Crake,0.4872211813926697,2024-04-13T14:27:00Z,14:27:00
20240406_063000.WAV,30,33,Turdus migratorius_American Robin,0.4595490694046021,2024-04-06T06:30:00Z,06:30:00
20240411_153900.WAV,15,18,Certhia americana_Brown Creeper,0.590735673904419,2024-04-11T15:39:00Z,15:39:00
20240411_153900.WAV,51,54,Certhia americana_Brown Creeper,0.4616923928260803,2024-04-11T15:39:00Z,15:39:00
20240411_153900.WAV,54,55,Certhia americana_Brown Creeper,0.6140056848526001,2024-04-11T15:39:00Z,15:39:00
20240402_163900.WAV,24,27,Porzana porzana_Spotted Crake,0.41408228874206543,2024-04-02T16:39:00Z,16:39:00
20240402_163900.WAV,45,48,Porzana porzana_Spotted Crake,0.411738395690918,2024-04-02T16:39:00Z,16:39:00
20240401_061300.WAV,15,18,Turdus migratorius_American Robin,0.7226368188858032,2024-04-01T06:13:00Z,06:13:00
20240401_061300.WAV,27,30,Turdus migratorius_American Robin,0.4274256229400635,2024-04-01T06:13:00Z,06:13:00
20240401_061300.WAV,36,39,Turdus migratorius_American Robin,0.9582151174545288,2024-04-01T06:13:00Z,06:13:00
20240415_062600.WAV,15,18,Certhia americana_Brown Creeper,0.5069947838783264,2024-04-15T06:26:00Z,06:26:00
20240415_062600.WAV,24,27,Colaptes auratus_Northern Flicker,0.4973389506340027,2024-04-15T06:26:00Z,06:26:00
20240415_062600.WAV,27,30,Colaptes auratus_Northern Flicker,0.6124331951141357,2024-04-15T06:26:00Z,06:26:00
20240416_064900.WAV,33,36,Sphyrapicus varius_Yellow-bellied Sapsucker,0.6471493244171143,2024-04-16T06:49:00Z,06:49:00
20240412_060500.WAV,30,33,Certhia americana_Brown Creeper,0.6852374076843262,2024-04-12T06:05:00Z,06:05:00
20240412_060500.WAV,45,48,Certhia americana_Brown Creeper,0.410380095243454,2024-04-12T06:05:00Z,06:05:00
20240414_071200.WAV,0,3,Turdus migratorius_American Robin,0.4740590751171112,2024-04-14T07:12:00Z,07:12:00
20240414_071200.WAV,18,21,Turdus migratorius_American Robin,0.4184180796146393,2024-04-14T07:12:00Z,07:12:00
20240407_145700.WAV,18,21,Anas platyrhynchos_Mallard,0.4124127924442291,2024-04-07T14:57:00Z,14:57:00
20240407_145700.WAV,21,24,Anas platyrhynchos_Mallard,0.4309452474117279,2024-04-07T14:57:00Z,14:57:00
20240412_144900.WAV,12,15,Poecile gambeli_Mountain Chickadee,0.42596012353897095,2024-04-12T14:49:00Z,14:49:00
20240412_144900.WAV,24,27,Poecile atricapillus_Black-capped Chickadee,0.6036468744277954,2024-04-12T14:49:00Z,14:49:00
20240403_061200.WAV,30,33,Anas platyrhynchos_Mallard,0.5578199028968811,2024-04-03T06:12:00Z,06:12:00
20240403_061200.WAV,39,42,Anas platyrhynchos_Mallard,0.7019317150115967,2024-04-03T06:12:00Z,06:12:00
20240405_070500.WAV,3,6,Turdus migratorius_American Robin,0.4635113477706909,2024-04-05T07:05:00Z,07:05:00
20240405_070500.WAV,9,12,Turdus migratorius_American Robin,0.6079502105712891,2024-04-05T07:05:00Z,07:05:00
20240405_070500.WAV,15,18,Turdus migratorius_American Robin,0.543595552444458,2024-04-05T07:05:00Z,07:05:00
20240405_070500.WAV,36,39,Turdus migratorius_American Robin,0.4573235809803009,2024-04-05T07:05:00Z,07:05:00
20240405_070500.WAV,42,45,Turdus migratorius_American Robin,0.7038568258285522,2024-04-05T07:05:00Z,07:05:00
20240405_070500.WAV,48,51,Turdus migratorius_American Robin,0.5468195080757141,2024-04-05T07:05:00Z,07:05:00
20240411_142600.WAV,12,15,Certhia americana_Brown Creeper,0.9944856762886048,2024-04-11T14:26:00Z,14:26:00
20240411_142600.WAV,18,21,Certhia americana_Brown Creeper,0.9897457361221312,2024-04-11T14:26:00Z,14:26:00
20240411_142600.WAV,21,24,Certhia americana_Brown Creeper,0.8949386477470398,2024-04-11T14:26:00Z,14:26:00
20240411_142600.WAV,24,27,Certhia americana_Brown Creeper,0.9323481917381288,2024-04-11T14:26:00Z,14:26:00
20240411_142600.WAV,27,30,Certhia americana_Brown Creeper,0.9931615591049194,2024-04-11T14:26:00Z,14:26:00
20240411_142600.WAV,36,39,Certhia americana_Brown Creeper,0.9796229004859924,2024-04-11T14:26:00Z,14:26:00
20240404_063100.WAV,6,9,Certhia americana_Brown Creeper,0.7323679327964783,2024-04-04T06:31:00Z,06:31:00
20240404_063100.WAV,9,12,Certhia americana_Brown Creeper,0.8097702860832214,2024-04-04T06:31:00Z,06:31:00
20240404_063100.WAV,15,18,Poecile gambeli_Mountain Chickadee,0.4692690670490265,2024-04-04T06:31:00Z,06:31:00
20240404_063100.WAV,21,24,Certhia americana_Brown Creeper,0.9367690086364746,2024-04-04T06:31:00Z,06:31:00
20240404_063100.WAV,27,30,Certhia americana_Brown Creeper,0.9433026313781738,2024-04-04T06:31:00Z,06:31:00
20240404_063100.WAV,30,33,Poecile atricapillus_Black-capped Chickadee,0.4151390790939331,2024-04-04T06:31:00Z,06:31:00
20240404_063100.WAV,33,36,Certhia americana_Brown Creeper,0.6747652888298035,2024-04-04T06:31:00Z,06:31:00
20240404_063100.WAV,36,39,Certhia americana_Brown Creeper,0.9568408131599426,2024-04-04T06:31:00Z,06:31:00
20240404_063100.WAV,42,45,Certhia americana_Brown Creeper,0.9666791558265686,2024-04-04T06:31:00Z,06:31:00
20240404_063100.WAV,48,51,Certhia americana_Brown Creeper,0.7465412020683289,2024-04-04T06:31:00Z,06:31:00
20240412_143100.WAV,21,24,Certhia americana_Brown Creeper,0.6394510865211487,2024-04-12T14:31:00Z,14:31:00
20240412_143100.WAV,27,30,Certhia americana_Brown Creeper,0.613696813583374,2024-04-12T14:31:00Z,14:31:00
20240412_143100.WAV,36,39,Certhia americana_Brown Creeper,0.5412923097610474,2024-04-12T14:31:00Z,14:31:00
20240412_143100.WAV,42,45,Certhia americana_Brown Creeper,0.4789448082447052,2024-04-12T14:31:00Z,14:31:00
20240409_155300.WAV,3,6,Certhia americana_Brown Creeper,0.6552815437316895,2024-04-09T15:53:00Z,15:53:00
20240409_151600.WAV,9,12,Regulus satrapa_Golden-crowned Kinglet,0.40446385741233826,2024-04-09T15:16:00Z,15:16:00
20240409_151600.WAV,36,39,Regulus regulus_Goldcrest,0.4660155475139618,2024-04-09T15:16:00Z,15:16:00
20240407_162600.WAV,12,15,Certhia americana_Brown Creeper,0.4184418022632599,2024-04-07T16:26:00Z,16:26:00
20240406_071200.WAV,33,36,Poecile atricapillus_Black-capped Chickadee,0.41262656450271606,2024-04-06T07:12:00Z,07:12:00
20240410_190500.WAV,6,9,Turdus migratorius_American Robin,0.6242198348045349,2024-04-10T19:05:00Z,19:05:00
20240410_190500.WAV,36,39,Turdus migratorius_American Robin,0.5874968767166138,2024-04-10T19:05:00Z,19:05:00
20240410_190500.WAV,39,42,Turdus migratorius_American Robin,0.4300229847431183,2024-04-10T19:05:00Z,19:05:00
20240410_190500.WAV,45,48,Turdus migratorius_American Robin,0.642208456993103,2024-04-10T19:05:00Z,19:05:00
20240414_194900.WAV,0,3,Branta canadensis_Canada Goose,0.8012368083000183,2024-04-14T19:49:00Z,19:49:00
20240414_194900.WAV,3,6,Branta canadensis_Canada Goose,0.7145842909812927,2024-04-14T19:49:00Z,19:49:00
20240414_194900.WAV,6,9,Branta canadensis_Canada Goose,0.4215116202831268,2024-04-14T19:49:00Z,19:49:00
20240414_194900.WAV,48,51,Branta canadensis_Canada Goose,0.530954122543335,2024-04-14T19:49:00Z,19:49:00
20240410_194000.WAV,9,12,Certhia americana_Brown Creeper,0.8795812726020813,2024-04-10T19:40:00Z,19:40:00
20240410_194000.WAV,18,21,Certhia americana_Brown Creeper,0.4951132535934448,2024-04-10T19:40:00Z,19:40:00
20240410_194000.WAV,30,33,Certhia americana_Brown Creeper,0.8376756310462952,2024-04-10T19:40:00Z,19:40:00
20240410_194000.WAV,48,51,Certhia americana_Brown Creeper,0.5233811140060425,2024-04-10T19:40:00Z,19:40:00
20240413_060400.WAV,9,12,Certhia americana_Brown Creeper,0.7045781016349792,2024-04-13T06:04:00Z,06:04:00
20240413_060400.WAV,18,21,Certhia americana_Brown Creeper,0.4063951075077057,2024-04-13T06:04:00Z,06:04:00
20240413_060400.WAV,33,36,Certhia americana_Brown Creeper,0.42105233669281006,2024-04-13T06:04:00Z,06:04:00
20240413_060400.WAV,39,42,Regulus regulus_Goldcrest,0.6289404034614563,2024-04-13T06:04:00Z,06:04:00
20240402_162201.WAV,33,36,Porzana porzana_Spotted Crake,0.4822987616062164,2024-04-02T16:22:01Z,16:22:01
20240414_162700.WAV,45,48,Certhia americana_Brown Creeper,0.7396071553230286,2024-04-14T16:27:00Z,16:27:00
20240406_145600.WAV,6,9,Poecile atricapillus_Black-capped Chickadee,0.7123643755912781,2024-04-06T14:56:00Z,14:56:00
20240406_145600.WAV,9,12,Poecile atricapillus_Black-capped Chickadee,0.6019148230552673,2024-04-06T14:56:00Z,14:56:00
20240406_145600.WAV,15,18,Poecile atricapillus_Black-capped Chickadee,0.607937216758728,2024-04-06T14:56:00Z,14:56:00
20240406_145600.WAV,18,21,Poecile atricapillus_Black-capped Chickadee,0.7159351706504822,2024-04-06T14:56:00Z,14:56:00
20240406_145600.WAV,24,27,Poecile atricapillus_Black-capped Chickadee,0.7174858450889587,2024-04-06T14:56:00Z,14:56:00
20240406_145600.WAV,33,36,Poecile gambeli_Mountain Chickadee,0.4112136960029602,2024-04-06T14:56:00Z,14:56:00
20240406_145600.WAV,36,39,Poecile atricapillus_Black-capped Chickadee,0.8096681833267212,2024-04-06T14:56:00Z,14:56:00
20240406_145600.WAV,42,45,Poecile atricapillus_Black-capped Chickadee,0.6568223237991333,2024-04-06T14:56:00Z,14:56:00
20240406_145600.WAV,51,54,Poecile atricapillus_Black-capped Chickadee,0.4563355445861816,2024-04-06T14:56:00Z,14:56:00
20240331_192400.WAV,9,12,Turdus migratorius_American Robin,0.5039228796958923,2024-03-31T19:24:00Z,19:24:00
20240331_192400.WAV,18,21,Turdus migratorius_American Robin,0.4148537218570709,2024-03-31T19:24:00Z,19:24:00
20240331_192400.WAV,30,33,Turdus migratorius_American Robin,0.727835476398468,2024-03-31T19:24:00Z,19:24:00
20240331_192400.WAV,45,48,Turdus migratorius_American Robin,0.6012469530105591,2024-03-31T19:24:00Z,19:24:00
20240331_192400.WAV,48,51,Turdus migratorius_American Robin,0.7901947498321533,2024-03-31T19:24:00Z,19:24:00
20240405_143900.WAV,3,6,Porzana porzana_Spotted Crake,0.6241409778594971,2024-04-05T14:39:00Z,14:39:00
20240405_143900.WAV,36,39,Turdus migratorius_American Robin,0.5879218578338623,2024-04-05T14:39:00Z,14:39:00
20240405_143900.WAV,48,51,Turdus migratorius_American Robin,0.6451786160469055,2024-04-05T14:39:00Z,14:39:00
20240414_062700.WAV,0,3,Poecile atricapillus_Black-capped Chickadee,0.7623403072357178,2024-04-14T06:27:00Z,06:27:00
20240412_190600.WAV,9,12,Certhia americana_Brown Creeper,0.4403105974197388,2024-04-12T19:06:00Z,19:06:00
20240412_190600.WAV,24,27,Certhia americana_Brown Creeper,0.5449167490005493,2024-04-12T19:06:00Z,19:06:00
20240412_190600.WAV,45,48,Certhia americana_Brown Creeper,0.8507020473480225,2024-04-12T19:06:00Z,19:06:00
20240331_071200.WAV,24,27,Certhia americana_Brown Creeper,0.6843655705451965,2024-03-31T07:12:00Z,07:12:00
20240405_152400.WAV,36,39,Turdus migratorius_American Robin,0.4775176644325256,2024-04-05T15:24:00Z,15:24:00
20240416_062400.WAV,6,9,Certhia americana_Brown Creeper,0.8525573015213013,2024-04-16T06:24:00Z,06:24:00
20240416_062400.WAV,39,42,Certhia americana_Brown Creeper,0.7884771227836609,2024-04-16T06:24:00Z,06:24:00
20240411_164200.WAV,18,21,Certhia americana_Brown Creeper,0.6682355999946594,2024-04-11T16:42:00Z,16:42:00
20240411_164200.WAV,30,33,Certhia americana_Brown Creeper,0.9157534241676332,2024-04-11T16:42:00Z,16:42:00
20240411_164200.WAV,48,51,Certhia americana_Brown Creeper,0.8650214672088623,2024-04-11T16:42:00Z,16:42:00
20240411_060700.WAV,45,48,Certhia americana_Brown Creeper,0.49541381001472473,2024-04-11T06:07:00Z,06:07:00
20240404_141000.WAV,48,51,Porzana porzana_Spotted Crake,0.4466737508773804,2024-04-04T14:10:00Z,14:10:00
20240411_064200.WAV,3,6,Regulus satrapa_Golden-crowned Kinglet,0.42541781067848206,2024-04-11T06:42:00Z,06:42:00
20240411_064200.WAV,9,12,Dryobates pubescens_Downy Woodpecker,0.4686681032180786,2024-04-11T06:42:00Z,06:42:00
20240411_064200.WAV,18,21,Dryobates pubescens_Downy Woodpecker,0.7462438941001892,2024-04-11T06:42:00Z,06:42:00
20240411_064200.WAV,27,30,Colaptes auratus_Northern Flicker,0.5764793157577515,2024-04-11T06:42:00Z,06:42:00
20240402_150700.WAV,3,6,Porzana porzana_Spotted Crake,0.572503387928009,2024-04-02T15:07:00Z,15:07:00
20240331_141300.WAV,45,48,Certhia americana_Brown Creeper,0.6086997389793396,2024-03-31T14:13:00Z,14:13:00
20240331_145600.WAV,39,42,Corvus brachyrhynchos_American Crow,0.8545789122581482,2024-03-31T14:56:00Z,14:56:00
20240402_064300.WAV,30,33,Catharus guttatus_Hermit Thrush,0.6720039248466492,2024-04-02T06:43:00Z,06:43:00
20240402_064300.WAV,36,39,Turdus migratorius_American Robin,0.4322896301746368,2024-04-02T06:43:00Z,06:43:00
20240402_060600.WAV,3,6,Turdus migratorius_American Robin,0.8937051892280579,2024-04-02T06:06:00Z,06:06:00
20240402_060600.WAV,6,9,Turdus migratorius_American Robin,0.6905801892280579,2024-04-02T06:06:00Z,06:06:00
20240402_060600.WAV,12,15,Turdus migratorius_American Robin,0.7678046226501465,2024-04-02T06:06:00Z,06:06:00
20240402_060600.WAV,18,21,Turdus migratorius_American Robin,0.6022831201553345,2024-04-02T06:06:00Z,06:06:00
20240402_060600.WAV,21,24,Turdus migratorius_American Robin,0.8247101902961731,2024-04-02T06:06:00Z,06:06:00
20240402_060600.WAV,27,30,Turdus migratorius_American Robin,0.6576825976371765,2024-04-02T06:06:00Z,06:06:00
20240402_060600.WAV,30,33,Turdus migratorius_American Robin,0.49714723229408264,2024-04-02T06:06:00Z,06:06:00
20240402_060600.WAV,33,36,Turdus migratorius_American Robin,0.6819750070571899,2024-04-02T06:06:00Z,06:06:00
20240402_060600.WAV,36,39,Turdus migratorius_American Robin,0.5501376986503601,2024-04-02T06:06:00Z,06:06:00
20240402_060600.WAV,45,48,Turdus migratorius_American Robin,0.7048249840736389,2024-04-02T06:06:00Z,06:06:00
20240402_060600.WAV,51,54,Turdus migratorius_American Robin,0.661991536617279,2024-04-02T06:06:00Z,06:06:00
20240411_154300.WAV,0,3,Certhia americana_Brown Creeper,0.4552138149738312,2024-04-11T15:43:00Z,15:43:00
20240411_154300.WAV,0,3,Regulus satrapa_Golden-crowned Kinglet,0.499892383813858,2024-04-11T15:43:00Z,15:43:00
20240411_154300.WAV,3,6,Certhia americana_Brown Creeper,0.504220724105835,2024-04-11T15:43:00Z,15:43:00
20240402_164300.WAV,15,18,Anas platyrhynchos_Mallard,0.545353353023529,2024-04-02T16:43:00Z,16:43:00
20240402_164300.WAV,18,21,Anas platyrhynchos_Mallard,0.7700269222259521,2024-04-02T16:43:00Z,16:43:00
20240410_143200.WAV,6,9,Certhia americana_Brown Creeper,0.6736103296279907,2024-04-10T14:32:00Z,14:32:00
20240410_143200.WAV,33,36,Certhia americana_Brown Creeper,0.4123367965221405,2024-04-10T14:32:00Z,14:32:00
20240402_160600.WAV,6,9,Porzana porzana_Spotted Crake,0.42359423637390137,2024-04-02T16:06:00Z,16:06:00
20240413_060600.WAV,3,6,Certhia americana_Brown Creeper,0.6190317273139954,2024-04-13T06:06:00Z,06:06:00
20240413_060600.WAV,45,48,Certhia americana_Brown Creeper,0.4756798148155213,2024-04-13T06:06:00Z,06:06:00
20240406_145400.WAV,0,3,Poecile gambeli_Mountain Chickadee,0.443723738193512,2024-04-06T14:54:00Z,14:54:00
20240406_145400.WAV,6,9,Poecile atricapillus_Black-capped Chickadee,0.4218738079071045,2024-04-06T14:54:00Z,14:54:00
20240406_145400.WAV,15,18,Poecile atricapillus_Black-capped Chickadee,0.4210982024669647,2024-04-06T14:54:00Z,14:54:00
20240406_145400.WAV,21,24,Poecile atricapillus_Black-capped Chickadee,0.4941753149032593,2024-04-06T14:54:00Z,14:54:00
20240406_145400.WAV,24,27,Poecile atricapillus_Black-capped Chickadee,0.5835092067718506,2024-04-06T14:54:00Z,14:54:00
20240406_145400.WAV,42,45,Poecile atricapillus_Black-capped Chickadee,0.6304606199264526,2024-04-06T14:54:00Z,14:54:00
20240414_062500.WAV,12,15,Dryobates pubescens_Downy Woodpecker,0.5028932690620422,2024-04-14T06:25:00Z,06:25:00
20240409_061500.WAV,15,18,Poecile atricapillus_Black-capped Chickadee,0.6485435962677002,2024-04-09T06:15:00Z,06:15:00
20240409_061500.WAV,39,42,Poecile gambeli_Mountain Chickadee,0.6267343759536743,2024-04-09T06:15:00Z,06:15:00
20240412_064000.WAV,6,9,Poecile atricapillus_Black-capped Chickadee,0.5321657657623291,2024-04-12T06:40:00Z,06:40:00
20240412_064000.WAV,12,15,Poecile atricapillus_Black-capped Chickadee,0.491533100605011,2024-04-12T06:40:00Z,06:40:00
20240405_195200.WAV,45,48,Porzana porzana_Spotted Crake,0.5290344953536987,2024-04-05T19:52:00Z,19:52:00
20240403_063600.WAV,9,12,Certhia americana_Brown Creeper,0.6806423664093018,2024-04-03T06:36:00Z,06:36:00
20240403_063600.WAV,21,24,Certhia americana_Brown Creeper,0.7922933101654053,2024-04-03T06:36:00Z,06:36:00
20240403_063600.WAV,48,51,Corvus brachyrhynchos_American Crow,0.4970925748348236,2024-04-03T06:36:00Z,06:36:00
20240411_144700.WAV,12,15,Corvus brachyrhynchos_American Crow,0.5198624730110168,2024-04-11T14:47:00Z,14:47:00
20240411_144700.WAV,21,24,Corvus brachyrhynchos_American Crow,0.8594439625740051,2024-04-11T14:47:00Z,14:47:00
20240402_070200.WAV,6,9,Turdus migratorius_American Robin,0.5174991488456726,2024-04-02T07:02:00Z,07:02:00
20240402_070200.WAV,15,18,Turdus migratorius_American Robin,0.4201350212097168,2024-04-02T07:02:00Z,07:02:00
20240402_070200.WAV,18,21,Turdus migratorius_American Robin,0.5790348649024963,2024-04-02T07:02:00Z,07:02:00
20240404_065000.WAV,21,24,Porzana porzana_Spotted Crake,0.6280299425125122,2024-04-04T06:50:00Z,06:50:00
20240404_065000.WAV,39,42,Porzana porzana_Spotted Crake,0.501198410987854,2024-04-04T06:50:00Z,06:50:00
20240404_065000.WAV,51,54,Porzana porzana_Spotted Crake,0.5314127206802368,2024-04-04T06:50:00Z,06:50:00
20240404_061500.WAV,0,3,Turdus migratorius_American Robin,0.5037550926208496,2024-04-04T06:15:00Z,06:15:00
20240404_061500.WAV,6,9,Turdus migratorius_American Robin,0.4082462787628174,2024-04-04T06:15:00Z,06:15:00
20240404_061500.WAV,9,12,Turdus migratorius_American Robin,0.5615035891532898,2024-04-04T06:15:00Z,06:15:00
20240404_061500.WAV,15,18,Turdus migratorius_American Robin,0.7710904479026794,2024-04-04T06:15:00Z,06:15:00
20240404_061500.WAV,24,27,Turdus migratorius_American Robin,0.8348190784454346,2024-04-04T06:15:00Z,06:15:00
20240404_061500.WAV,30,33,Turdus migratorius_American Robin,0.5117277503013611,2024-04-04T06:15:00Z,06:15:00
20240404_061500.WAV,33,36,Turdus migratorius_American Robin,0.7081884145736694,2024-04-04T06:15:00Z,06:15:00
20240404_061500.WAV,36,39,Turdus migratorius_American Robin,0.4153950810432434,2024-04-04T06:15:00Z,06:15:00
20240404_061500.WAV,39,42,Turdus migratorius_American Robin,0.8654569983482361,2024-04-04T06:15:00Z,06:15:00
20240404_061500.WAV,42,45,Turdus migratorius_American Robin,0.8509300351142883,2024-04-04T06:15:00Z,06:15:00
20240404_061500.WAV,45,48,Turdus migratorius_American Robin,0.7774165868759155,2024-04-04T06:15:00Z,06:15:00
20240404_061500.WAV,48,51,Turdus migratorius_American Robin,0.9020363688468932,2024-04-04T06:15:00Z,06:15:00
20240404_061500.WAV,51,54,Turdus migratorius_American Robin,0.620613694190979,2024-04-04T06:15:00Z,06:15:00
20240404_061500.WAV,54,55,Turdus migratorius_American Robin,0.7197274565696716,2024-04-04T06:15:00Z,06:15:00
20240331_151700.WAV,18,21,Corvus brachyrhynchos_American Crow,0.7010767459869385,2024-03-31T15:17:00Z,15:17:00
20240331_151700.WAV,45,48,Certhia americana_Brown Creeper,0.5432828664779663,2024-03-31T15:17:00Z,15:17:00
20240404_155100.WAV,3,6,Porzana porzana_Spotted Crake,0.458210289478302,2024-04-04T15:51:00Z,15:51:00
20240413_065800.WAV,9,12,Aix sponsa_Wood Duck,0.9195340871810912,2024-04-13T06:58:00Z,06:58:00
20240413_065800.WAV,21,24,Aix sponsa_Wood Duck,0.7495142817497253,2024-04-13T06:58:00Z,06:58:00
20240413_065800.WAV,27,30,Aix sponsa_Wood Duck,0.9742515683174132,2024-04-13T06:58:00Z,06:58:00
20240413_065800.WAV,33,36,Aix sponsa_Wood Duck,0.905884861946106,2024-04-13T06:58:00Z,06:58:00
20240413_065800.WAV,39,42,Aix sponsa_Wood Duck,0.8171496391296387,2024-04-13T06:58:00Z,06:58:00
20240413_065800.WAV,48,51,Aix sponsa_Wood Duck,0.8045597076416016,2024-04-13T06:58:00Z,06:58:00
20240402_144600.WAV,3,6,Porzana porzana_Spotted Crake,0.5066526532173157,2024-04-02T14:46:00Z,14:46:00
20240410_163700.WAV,12,15,Sphyrapicus varius_Yellow-bellied Sapsucker,0.4529798626899719,2024-04-10T16:37:00Z,16:37:00
20240410_063700.WAV,15,18,Certhia americana_Brown Creeper,0.8545238971710205,2024-04-10T06:37:00Z,06:37:00
20240410_063700.WAV,24,27,Dryobates pubescens_Downy Woodpecker,0.4093778729438782,2024-04-10T06:37:00Z,06:37:00
20240410_063700.WAV,36,39,Certhia americana_Brown Creeper,0.6041082143783569,2024-04-10T06:37:00Z,06:37:00
20240410_063700.WAV,45,48,Dryobates pubescens_Downy Woodpecker,0.4070607125759125,2024-04-10T06:37:00Z,06:37:00
20240413_193600.WAV,12,15,Botaurus lentiginosus_American Bittern,0.6080396771430969,2024-04-13T19:36:00Z,19:36:00
20240413_193600.WAV,48,51,Botaurus lentiginosus_American Bittern,0.5693515539169312,2024-04-13T19:36:00Z,19:36:00
20240409_192500.WAV,21,24,Turdus migratorius_American Robin,0.5795668959617615,2024-04-09T19:25:00Z,19:25:00
20240414_191500.WAV,51,54,Certhia americana_Brown Creeper,0.9404500722885132,2024-04-14T19:15:00Z,19:15:00
20240331_065300.WAV,0,3,Turdus migratorius_American Robin,0.6777216196060181,2024-03-31T06:53:00Z,06:53:00
20240331_065300.WAV,6,9,Turdus migratorius_American Robin,0.42268866300582886,2024-03-31T06:53:00Z,06:53:00
20240331_065300.WAV,15,18,Turdus migratorius_American Robin,0.8000535368919373,2024-03-31T06:53:00Z,06:53:00
20240331_065300.WAV,21,24,Turdus migratorius_American Robin,0.548692524433136,2024-03-31T06:53:00Z,06:53:00
20240331_065300.WAV,30,33,Turdus migratorius_American Robin,0.4139412045478821,2024-03-31T06:53:00Z,06:53:00
20240331_065300.WAV,51,54,Turdus migratorius_American Robin,0.542504608631134,2024-03-31T06:53:00Z,06:53:00
20240414_195000.WAV,0,3,Branta canadensis_Canada Goose,0.8295883536338806,2024-04-14T19:50:00Z,19:50:00
20240414_195000.WAV,3,6,Branta canadensis_Canada Goose,0.9435024857521056,2024-04-14T19:50:00Z,19:50:00
20240414_195000.WAV,6,9,Branta canadensis_Canada Goose,0.9381767511367798,2024-04-14T19:50:00Z,19:50:00
20240414_195000.WAV,12,15,Branta canadensis_Canada Goose,0.7749464511871338,2024-04-14T19:50:00Z,19:50:00
20240414_195000.WAV,15,18,Branta canadensis_Canada Goose,0.8907076716423035,2024-04-14T19:50:00Z,19:50:00
20240414_195000.WAV,18,21,Branta canadensis_Canada Goose,0.9234156608581544,2024-04-14T19:50:00Z,19:50:00
20240414_195000.WAV,21,24,Branta canadensis_Canada Goose,0.8453574776649475,2024-04-14T19:50:00Z,19:50:00
20240414_195000.WAV,24,27,Branta canadensis_Canada Goose,0.7309404015541077,2024-04-14T19:50:00Z,19:50:00
20240414_195000.WAV,27,30,Branta canadensis_Canada Goose,0.8047047853469849,2024-04-14T19:50:00Z,19:50:00
20240406_191900.WAV,30,33,Turdus migratorius_American Robin,0.4371320605278015,2024-04-06T19:19:00Z,19:19:00
20240412_055400.WAV,30,33,Branta canadensis_Canada Goose,0.5622029900550842,2024-04-12T05:54:00Z,05:54:00
20240414_140600.WAV,0,3,Regulus satrapa_Golden-crowned Kinglet,0.8210365772247314,2024-04-14T14:06:00Z,14:06:00
20240414_140600.WAV,9,12,Regulus satrapa_Golden-crowned Kinglet,0.4815918207168579,2024-04-14T14:06:00Z,14:06:00
20240401_061100.WAV,0,3,Turdus migratorius_American Robin,0.8785486221313477,2024-04-01T06:11:00Z,06:11:00
20240401_061100.WAV,3,6,Turdus migratorius_American Robin,0.8719231486320496,2024-04-01T06:11:00Z,06:11:00
20240401_061100.WAV,6,9,Turdus migratorius_American Robin,0.6842472553253174,2024-04-01T06:11:00Z,06:11:00
20240401_061100.WAV,9,12,Turdus migratorius_American Robin,0.8366703987121582,2024-04-01T06:11:00Z,06:11:00
20240401_061100.WAV,12,15,Turdus migratorius_American Robin,0.5063526630401611,2024-04-01T06:11:00Z,06:11:00
20240401_061100.WAV,15,18,Turdus migratorius_American Robin,0.4642912447452545,2024-04-01T06:11:00Z,06:11:00
20240401_061100.WAV,18,21,Turdus migratorius_American Robin,0.4407113790512085,2024-04-01T06:11:00Z,06:11:00
20240401_061100.WAV,21,24,Turdus migratorius_American Robin,0.6203714609146118,2024-04-01T06:11:00Z,06:11:00
20240401_061100.WAV,24,27,Turdus migratorius_American Robin,0.902457594871521,2024-04-01T06:11:00Z,06:11:00
20240401_061100.WAV,27,30,Turdus migratorius_American Robin,0.8407639265060425,2024-04-01T06:11:00Z,06:11:00
20240401_061100.WAV,33,36,Turdus migratorius_American Robin,0.4945375919342041,2024-04-01T06:11:00Z,06:11:00
20240401_061100.WAV,36,39,Turdus migratorius_American Robin,0.44574692845344543,2024-04-01T06:11:00Z,06:11:00
20240401_061100.WAV,39,42,Turdus migratorius_American Robin,0.9714255928993224,2024-04-01T06:11:00Z,06:11:00
20240401_061100.WAV,48,51,Turdus migratorius_American Robin,0.6000432372093201,2024-04-01T06:11:00Z,06:11:00
20240401_065400.WAV,6,9,Turdus migratorius_American Robin,0.4998367428779602,2024-04-01T06:54:00Z,06:54:00
20240401_065400.WAV,27,30,Turdus migratorius_American Robin,0.523790180683136,2024-04-01T06:54:00Z,06:54:00
20240401_065400.WAV,42,45,Poecile gambeli_Mountain Chickadee,0.4769782125949859,2024-04-01T06:54:00Z,06:54:00
20240405_061800.WAV,48,51,Turdus migratorius_American Robin,0.44116249680519104,2024-04-05T06:18:00Z,06:18:00
20240405_061800.WAV,51,54,Turdus migratorius_American Robin,0.5541870594024658,2024-04-05T06:18:00Z,06:18:00
20240408_054700.WAV,6,9,Turdus migratorius_American Robin,0.5771000385284424,2024-04-08T05:47:00Z,05:47:00
20240408_054700.WAV,30,33,Turdus migratorius_American Robin,0.879686713218689,2024-04-08T05:47:00Z,05:47:00
20240412_151100.WAV,0,3,Aix sponsa_Wood Duck,0.5880485773086548,2024-04-12T15:11:00Z,15:11:00
20240412_151100.WAV,24,27,Aix sponsa_Wood Duck,0.8598318696022034,2024-04-12T15:11:00Z,15:11:00
20240412_151100.WAV,27,30,Sitta carolinensis_White-breasted Nuthatch,0.6575190424919128,2024-04-12T15:11:00Z,15:11:00
20240412_151100.WAV,51,54,Aix sponsa_Wood Duck,0.53199702501297,2024-04-12T15:11:00Z,15:11:00
20240408_192800.WAV,30,33,Regulus regulus_Goldcrest,0.5861958265304565,2024-04-08T19:28:00Z,19:28:00
20240408_192800.WAV,33,36,Certhia americana_Brown Creeper,0.7330442667007446,2024-04-08T19:28:00Z,19:28:00
20240411_191100.WAV,3,6,Colaptes auratus_Northern Flicker,0.5762364268302917,2024-04-11T19:11:00Z,19:11:00
20240411_191100.WAV,12,15,Colaptes auratus_Northern Flicker,0.7377796769142151,2024-04-11T19:11:00Z,19:11:00
20240411_191100.WAV,15,18,Colaptes auratus_Northern Flicker,0.8036503791809082,2024-04-11T19:11:00Z,19:11:00
20240411_191100.WAV,24,27,Colaptes auratus_Northern Flicker,0.8565751314163208,2024-04-11T19:11:00Z,19:11:00
20240411_191100.WAV,30,33,Colaptes auratus_Northern Flicker,0.6919655203819275,2024-04-11T19:11:00Z,19:11:00
20240411_191100.WAV,33,36,Colaptes auratus_Northern Flicker,0.678735077381134,2024-04-11T19:11:00Z,19:11:00
20240411_191100.WAV,36,39,Colaptes auratus_Northern Flicker,0.8355674147605896,2024-04-11T19:11:00Z,19:11:00
20240411_191100.WAV,39,42,Colaptes auratus_Northern Flicker,0.5076151490211487,2024-04-11T19:11:00Z,19:11:00
20240411_191100.WAV,42,45,Colaptes auratus_Northern Flicker,0.8194897770881653,2024-04-11T19:11:00Z,19:11:00
20240411_191100.WAV,45,48,Colaptes auratus_Northern Flicker,0.8356988430023193,2024-04-11T19:11:00Z,19:11:00
20240411_191100.WAV,48,51,Colaptes auratus_Northern Flicker,0.7403756976127625,2024-04-11T19:11:00Z,19:11:00
20240411_191100.WAV,51,54,Colaptes auratus_Northern Flicker,0.5952388048171997,2024-04-11T19:11:00Z,19:11:00
20240414_070700.WAV,24,27,Branta canadensis_Canada Goose,0.9232204556465148,2024-04-14T07:07:00Z,07:07:00
20240414_070700.WAV,27,30,Branta canadensis_Canada Goose,0.6700012683868408,2024-04-14T07:07:00Z,07:07:00
20240412_065500.WAV,21,24,Certhia americana_Brown Creeper,0.8035761117935181,2024-04-12T06:55:00Z,06:55:00
20240412_065500.WAV,27,30,Turdus migratorius_American Robin,0.7120611071586609,2024-04-12T06:55:00Z,06:55:00
20240401_151000.WAV,21,24,Regulus satrapa_Golden-crowned Kinglet,0.4511067569255829,2024-04-01T15:10:00Z,15:10:00
20240412_061000.WAV,6,9,Certhia americana_Brown Creeper,0.7588878273963928,2024-04-12T06:10:00Z,06:10:00
20240412_061000.WAV,51,54,Certhia americana_Brown Creeper,0.44975724816322327,2024-04-12T06:10:00Z,06:10:00
20240412_061000.WAV,54,55,Certhia americana_Brown Creeper,0.5676971673965454,2024-04-12T06:10:00Z,06:10:00
20240415_063300.WAV,48,51,Certhia americana_Brown Creeper,0.8001577854156494,2024-04-15T06:33:00Z,06:33:00
20240408_064600.WAV,6,9,Certhia americana_Brown Creeper,0.4405477046966553,2024-04-08T06:46:00Z,06:46:00
20240408_064600.WAV,27,30,Certhia americana_Brown Creeper,0.8010149002075195,2024-04-08T06:46:00Z,06:46:00
20240408_064600.WAV,36,39,Certhia americana_Brown Creeper,0.738507091999054,2024-04-08T06:46:00Z,06:46:00
20240408_064600.WAV,48,51,Certhia americana_Brown Creeper,0.7038763761520386,2024-04-08T06:46:00Z,06:46:00
20240330_193000.WAV,6,9,Turdus migratorius_American Robin,0.6477997303009033,2024-03-30T19:30:00Z,19:30:00
20240330_193000.WAV,9,12,Turdus migratorius_American Robin,0.8182478547096252,2024-03-30T19:30:00Z,19:30:00
20240330_193000.WAV,12,15,Turdus migratorius_American Robin,0.8594260215759277,2024-03-30T19:30:00Z,19:30:00
20240330_193000.WAV,27,30,Turdus migratorius_American Robin,0.49492987990379333,2024-03-30T19:30:00Z,19:30:00
20240330_193000.WAV,30,33,Turdus migratorius_American Robin,0.4236132502555847,2024-03-30T19:30:00Z,19:30:00
20240330_193000.WAV,33,36,Turdus migratorius_American Robin,0.42198646068573,2024-03-30T19:30:00Z,19:30:00
20240330_193000.WAV,39,42,Turdus migratorius_American Robin,0.6250560283660889,2024-03-30T19:30:00Z,19:30:00
20240330_193000.WAV,42,45,Turdus migratorius_American Robin,0.43400511145591736,2024-03-30T19:30:00Z,19:30:00
20240413_195700.WAV,15,18,Botaurus lentiginosus_American Bittern,0.7267889380455017,2024-04-13T19:57:00Z,19:57:00
20240413_195700.WAV,48,51,Botaurus lentiginosus_American Bittern,0.40958040952682495,2024-04-13T19:57:00Z,19:57:00
20240409_194400.WAV,12,15,Turdus migratorius_American Robin,0.4059772789478302,2024-04-09T19:44:00Z,19:44:00
20240409_194400.WAV,27,30,Turdus migratorius_American Robin,0.4584933817386627,2024-04-09T19:44:00Z,19:44:00
20240331_063200.WAV,15,18,Regulus regulus_Goldcrest,0.6140953302383423,2024-03-31T06:32:00Z,06:32:00
20240331_063200.WAV,36,39,Certhia americana_Brown Creeper,0.8282480239868164,2024-03-31T06:32:00Z,06:32:00
20240410_193800.WAV,12,15,Certhia americana_Brown Creeper,0.8687925934791565,2024-04-10T19:38:00Z,19:38:00
20240410_193800.WAV,21,24,Certhia americana_Brown Creeper,0.7128931283950806,2024-04-10T19:38:00Z,19:38:00
20240410_193800.WAV,24,27,Certhia americana_Brown Creeper,0.8608885407447815,2024-04-10T19:38:00Z,19:38:00
20240410_193800.WAV,42,45,Certhia americana_Brown Creeper,0.92752605676651,2024-04-10T19:38:00Z,19:38:00
20240413_063900.WAV,33,36,Botaurus lentiginosus_American Bittern,0.8429841995239258,2024-04-13T06:39:00Z,06:39:00
20240405_144100.WAV,3,6,Turdus migratorius_American Robin,0.45364096760749817,2024-04-05T14:41:00Z,14:41:00
20240405_144100.WAV,6,9,Turdus migratorius_American Robin,0.8449923396110535,2024-04-05T14:41:00Z,14:41:00
20240405_144100.WAV,12,15,Porzana porzana_Spotted Crake,0.4662442207336426,2024-04-05T14:41:00Z,14:41:00
20240416_070400.WAV,21,24,Branta canadensis_Canada Goose,0.5263853669166565,2024-04-16T07:04:00Z,07:04:00
20240416_070400.WAV,27,30,Branta canadensis_Canada Goose,0.6384474039077759,2024-04-16T07:04:00Z,07:04:00
20240416_070400.WAV,30,33,Branta canadensis_Canada Goose,0.6806408762931824,2024-04-16T07:04:00Z,07:04:00
20240416_070400.WAV,33,36,Branta canadensis_Canada Goose,0.6592012047767639,2024-04-16T07:04:00Z,07:04:00
20240410_065600.WAV,48,51,Poecile atricapillus_Black-capped Chickadee,0.5550676584243774,2024-04-10T06:56:00Z,06:56:00
20240401_144800.WAV,27,30,Poecile atricapillus_Black-capped Chickadee,0.46177956461906433,2024-04-01T14:48:00Z,14:48:00
20240401_144800.WAV,33,36,Regulus regulus_Goldcrest,0.4727235436439514,2024-04-01T14:48:00Z,14:48:00
20240410_061300.WAV,15,18,Certhia americana_Brown Creeper,0.4978338479995727,2024-04-10T06:13:00Z,06:13:00
20240410_061300.WAV,18,21,Certhia americana_Brown Creeper,0.44060537219047546,2024-04-10T06:13:00Z,06:13:00
20240410_061300.WAV,21,24,Certhia americana_Brown Creeper,0.5787619352340698,2024-04-10T06:13:00Z,06:13:00
20240410_061300.WAV,27,30,Certhia americana_Brown Creeper,0.4177043735980987,2024-04-10T06:13:00Z,06:13:00
20240410_061300.WAV,33,36,Certhia americana_Brown Creeper,0.5917150974273682,2024-04-10T06:13:00Z,06:13:00
20240410_061300.WAV,36,39,Certhia americana_Brown Creeper,0.6339210867881775,2024-04-10T06:13:00Z,06:13:00
20240410_061300.WAV,39,42,Certhia americana_Brown Creeper,0.43932363390922546,2024-04-10T06:13:00Z,06:13:00
20240410_061300.WAV,42,45,Certhia americana_Brown Creeper,0.7173171639442444,2024-04-10T06:13:00Z,06:13:00
20240410_061300.WAV,45,48,Certhia americana_Brown Creeper,0.7314136028289795,2024-04-10T06:13:00Z,06:13:00
20240410_061300.WAV,48,51,Certhia americana_Brown Creeper,0.4952276051044464,2024-04-10T06:13:00Z,06:13:00
20240410_061300.WAV,51,54,Certhia americana_Brown Creeper,0.6975187659263611,2024-04-10T06:13:00Z,06:13:00
20240405_154900.WAV,3,6,Regulus satrapa_Golden-crowned Kinglet,0.7925657629966736,2024-04-05T15:49:00Z,15:49:00
20240405_154900.WAV,6,9,Regulus satrapa_Golden-crowned Kinglet,0.7063406705856323,2024-04-05T15:49:00Z,15:49:00
20240405_154900.WAV,12,15,Regulus satrapa_Golden-crowned Kinglet,0.7275944352149963,2024-04-05T15:49:00Z,15:49:00
20240404_152900.WAV,48,51,Porzana porzana_Spotted Crake,0.4569024443626404,2024-04-04T15:29:00Z,15:29:00
20240414_164600.WAV,30,33,Certhia americana_Brown Creeper,0.41099780797958374,2024-04-14T16:46:00Z,16:46:00
20240414_164600.WAV,36,39,Certhia americana_Brown Creeper,0.6184260249137878,2024-04-14T16:46:00Z,16:46:00
20240414_164600.WAV,39,42,Certhia americana_Brown Creeper,0.80026775598526,2024-04-14T16:46:00Z,16:46:00
20240414_164600.WAV,45,48,Certhia americana_Brown Creeper,0.4344939589500427,2024-04-14T16:46:00Z,16:46:00
20240414_164600.WAV,48,51,Certhia americana_Brown Creeper,0.43066462874412537,2024-04-14T16:46:00Z,16:46:00
20240414_164600.WAV,51,54,Certhia americana_Brown Creeper,0.4405632615089417,2024-04-14T16:46:00Z,16:46:00
20240414_064600.WAV,9,12,Certhia americana_Brown Creeper,0.8489978909492493,2024-04-14T06:46:00Z,06:46:00
20240414_064600.WAV,18,21,Certhia americana_Brown Creeper,0.9067797064781188,2024-04-14T06:46:00Z,06:46:00
20240414_064600.WAV,21,24,Certhia americana_Brown Creeper,0.9119752049446106,2024-04-14T06:46:00Z,06:46:00
20240407_150300.WAV,0,3,Certhia americana_Brown Creeper,0.49375057220458984,2024-04-07T15:03:00Z,15:03:00
20240407_150300.WAV,6,9,Certhia americana_Brown Creeper,0.9000531435012817,2024-04-07T15:03:00Z,15:03:00
20240407_150300.WAV,21,24,Certhia americana_Brown Creeper,0.7436076402664185,2024-04-07T15:03:00Z,15:03:00
20240407_150300.WAV,21,24,Regulus regulus_Goldcrest,0.6701172590255737,2024-04-07T15:03:00Z,15:03:00
20240407_150300.WAV,45,48,Certhia americana_Brown Creeper,0.852242112159729,2024-04-07T15:03:00Z,15:03:00
20240412_071400.WAV,27,30,Turdus migratorius_American Robin,0.5431673526763916,2024-04-12T07:14:00Z,07:14:00
20240412_071400.WAV,45,48,Regulus regulus_Goldcrest,0.6040621995925903,2024-04-12T07:14:00Z,07:14:00
20240414_060300.WAV,6,9,Tetrastes bonasia_Hazel Grouse,0.4652562737464905,2024-04-14T06:03:00Z,06:03:00
20240414_060300.WAV,9,12,Certhia americana_Brown Creeper,0.4559189677238464,2024-04-14T06:03:00Z,06:03:00
20240414_060300.WAV,18,21,Certhia americana_Brown Creeper,0.7974724769592285,2024-04-14T06:03:00Z,06:03:00
20240409_063300.WAV,30,33,Turdus migratorius_American Robin,0.5381520986557007,2024-04-09T06:33:00Z,06:33:00
20240414_192800.WAV,33,36,Turdus migratorius_American Robin,0.6223198175430298,2024-04-14T19:28:00Z,19:28:00
20240407_060200.WAV,3,6,Turdus migratorius_American Robin,0.4630158543586731,2024-04-07T06:02:00Z,06:02:00
20240412_141500.WAV,54,55,Certhia americana_Brown Creeper,0.8199933171272278,2024-04-12T14:15:00Z,14:15:00
20240407_064700.WAV,3,6,Certhia americana_Brown Creeper,0.47070738673210144,2024-04-07T06:47:00Z,06:47:00
20240407_064700.WAV,15,18,Certhia americana_Brown Creeper,0.9644356369972228,2024-04-07T06:47:00Z,06:47:00
20240404_062800.WAV,3,6,Certhia americana_Brown Creeper,0.5687937140464783,2024-04-04T06:28:00Z,06:28:00
20240404_062800.WAV,30,33,Poecile gambeli_Mountain Chickadee,0.401654452085495,2024-04-04T06:28:00Z,06:28:00
20240404_062800.WAV,45,48,Certhia americana_Brown Creeper,0.42319369316101074,2024-04-04T06:28:00Z,06:28:00
20240404_062800.WAV,51,54,Certhia americana_Brown Creeper,0.8382322788238525,2024-04-04T06:28:00Z,06:28:00
20240408_140600.WAV,3,6,Certhia americana_Brown Creeper,0.7985328435897827,2024-04-08T14:06:00Z,14:06:00
20240408_140600.WAV,9,12,Certhia americana_Brown Creeper,0.5277808308601379,2024-04-08T14:06:00Z,14:06:00
20240408_140600.WAV,18,21,Certhia americana_Brown Creeper,0.7948964834213257,2024-04-08T14:06:00Z,14:06:00
20240408_140600.WAV,30,33,Certhia americana_Brown Creeper,0.7684445977210999,2024-04-08T14:06:00Z,14:06:00
20240408_140600.WAV,36,39,Certhia americana_Brown Creeper,0.9460933804512024,2024-04-08T14:06:00Z,14:06:00
20240408_140600.WAV,45,48,Certhia americana_Brown Creeper,0.5313544869422913,2024-04-08T14:06:00Z,14:06:00
20240415_143600.WAV,45,48,Porzana porzana_Spotted Crake,0.6957870125770569,2024-04-15T14:36:00Z,14:36:00
20240415_143600.WAV,48,51,Porzana porzana_Spotted Crake,0.5471177697181702,2024-04-15T14:36:00Z,14:36:00
20240404_190300.WAV,3,6,Certhia americana_Brown Creeper,0.7457156181335449,2024-04-04T19:03:00Z,19:03:00
20240404_190300.WAV,6,9,Certhia americana_Brown Creeper,0.7682725191116333,2024-04-04T19:03:00Z,19:03:00
20240404_190300.WAV,24,27,Certhia americana_Brown Creeper,0.5795342922210693,2024-04-04T19:03:00Z,19:03:00
20240404_190300.WAV,36,39,Regulus satrapa_Golden-crowned Kinglet,0.5798454284667969,2024-04-04T19:03:00Z,19:03:00
20240411_152200.WAV,3,6,Certhia americana_Brown Creeper,0.9839688539505004,2024-04-11T15:22:00Z,15:22:00
20240411_152200.WAV,12,15,Certhia americana_Brown Creeper,0.9868624210357666,2024-04-11T15:22:00Z,15:22:00
20240411_152200.WAV,24,27,Certhia americana_Brown Creeper,0.9779744148254396,2024-04-11T15:22:00Z,15:22:00
20240411_152200.WAV,36,39,Certhia americana_Brown Creeper,0.9950666427612304,2024-04-11T15:22:00Z,15:22:00
20240411_152200.WAV,48,51,Certhia americana_Brown Creeper,0.9941033720970154,2024-04-11T15:22:00Z,15:22:00
20240405_160100.WAV,9,12,Aegolius acadicus_Northern Saw-whet Owl,0.6712449193000793,2024-04-05T16:01:00Z,16:01:00
20240402_062200.WAV,18,21,Certhia americana_Brown Creeper,0.8778992295265198,2024-04-02T06:22:00Z,06:22:00
20240402_062200.WAV,24,27,Certhia americana_Brown Creeper,0.7024058699607849,2024-04-02T06:22:00Z,06:22:00
20240402_062200.WAV,30,33,Corvus brachyrhynchos_American Crow,0.6064767241477966,2024-04-02T06:22:00Z,06:22:00
20240402_062200.WAV,33,36,Corvus brachyrhynchos_American Crow,0.6891722083091736,2024-04-02T06:22:00Z,06:22:00
20240402_062200.WAV,36,39,Corvus brachyrhynchos_American Crow,0.8998501896858215,2024-04-02T06:22:00Z,06:22:00
20240402_062200.WAV,45,48,Corvus brachyrhynchos_American Crow,0.4175534248352051,2024-04-02T06:22:00Z,06:22:00
20240402_062200.WAV,48,51,Corvus brachyrhynchos_American Crow,0.5782608389854431,2024-04-02T06:22:00Z,06:22:00
20240412_150800.WAV,9,12,Aegolius acadicus_Northern Saw-whet Owl,0.7456722855567932,2024-04-12T15:08:00Z,15:08:00
20240410_141600.WAV,0,3,Regulus satrapa_Golden-crowned Kinglet,0.4532741010189056,2024-04-10T14:16:00Z,14:16:00
20240405_064400.WAV,3,6,Turdus migratorius_American Robin,0.6012594699859619,2024-04-05T06:44:00Z,06:44:00
20240405_064400.WAV,6,9,Turdus migratorius_American Robin,0.5516638159751892,2024-04-05T06:44:00Z,06:44:00
20240405_064400.WAV,9,12,Turdus migratorius_American Robin,0.6112712025642395,2024-04-05T06:44:00Z,06:44:00
20240405_064400.WAV,15,18,Turdus migratorius_American Robin,0.5242981314659119,2024-04-05T06:44:00Z,06:44:00
20240405_064400.WAV,18,21,Turdus migratorius_American Robin,0.48327186703681946,2024-04-05T06:44:00Z,06:44:00
20240405_064400.WAV,21,24,Turdus migratorius_American Robin,0.6889530420303345,2024-04-05T06:44:00Z,06:44:00
20240405_064400.WAV,24,27,Turdus migratorius_American Robin,0.6293639540672302,2024-04-05T06:44:00Z,06:44:00
20240405_064400.WAV,27,30,Turdus migratorius_American Robin,0.6375012397766113,2024-04-05T06:44:00Z,06:44:00
20240405_064400.WAV,48,51,Turdus migratorius_American Robin,0.4759703576564789,2024-04-05T06:44:00Z,06:44:00
20240405_064400.WAV,51,54,Turdus migratorius_American Robin,0.43720486760139465,2024-04-05T06:44:00Z,06:44:00
20240401_060800.WAV,0,3,Turdus migratorius_American Robin,0.4309154152870178,2024-04-01T06:08:00Z,06:08:00
20240401_060800.WAV,6,9,Turdus migratorius_American Robin,0.5723615288734436,2024-04-01T06:08:00Z,06:08:00
20240401_060800.WAV,21,24,Turdus migratorius_American Robin,0.606962263584137,2024-04-01T06:08:00Z,06:08:00
20240401_060800.WAV,27,30,Turdus migratorius_American Robin,0.4869985282421112,2024-04-01T06:08:00Z,06:08:00
20240401_060800.WAV,30,33,Turdus migratorius_American Robin,0.6577383279800415,2024-04-01T06:08:00Z,06:08:00
20240401_060800.WAV,33,36,Turdus migratorius_American Robin,0.9161173701286316,2024-04-01T06:08:00Z,06:08:00
20240401_060800.WAV,39,42,Turdus migratorius_American Robin,0.7102711200714111,2024-04-01T06:08:00Z,06:08:00
20240401_060800.WAV,42,45,Turdus migratorius_American Robin,0.7195035219192505,2024-04-01T06:08:00Z,06:08:00
20240401_060800.WAV,45,48,Turdus migratorius_American Robin,0.6734530329704285,2024-04-01T06:08:00Z,06:08:00
20240401_060800.WAV,48,51,Turdus migratorius_American Robin,0.6982160806655884,2024-04-01T06:08:00Z,06:08:00
20240401_060800.WAV,51,54,Turdus migratorius_American Robin,0.7814744710922241,2024-04-01T06:08:00Z,06:08:00
20240410_145300.WAV,0,3,Turdus migratorius_American Robin,0.5602448582649231,2024-04-10T14:53:00Z,14:53:00
20240410_145300.WAV,33,36,Turdus migratorius_American Robin,0.4224605858325958,2024-04-10T14:53:00Z,14:53:00
20240406_190000.WAV,21,24,Turdus migratorius_American Robin,0.42031165957450867,2024-04-06T19:00:00Z,19:00:00
20240406_194500.WAV,27,30,Turdus migratorius_American Robin,0.6198841333389282,2024-04-06T19:45:00Z,19:45:00
20240406_194500.WAV,33,36,Turdus migratorius_American Robin,0.8365762233734131,2024-04-06T19:45:00Z,19:45:00
20240406_194500.WAV,36,39,Turdus migratorius_American Robin,0.7624843716621399,2024-04-06T19:45:00Z,19:45:00
20240406_194500.WAV,39,42,Turdus migratorius_American Robin,0.5758817791938782,2024-04-06T19:45:00Z,19:45:00
20240406_194500.WAV,45,48,Turdus migratorius_American Robin,0.4275389313697815,2024-04-06T19:45:00Z,19:45:00
20240416_064500.WAV,36,39,Sphyrapicus varius_Yellow-bellied Sapsucker,0.44043418765068054,2024-04-16T06:45:00Z,06:45:00
20240412_060900.WAV,21,24,Poecile atricapillus_Black-capped Chickadee,0.5189410448074341,2024-04-12T06:09:00Z,06:09:00
20240412_060900.WAV,42,45,Certhia americana_Brown Creeper,0.47239330410957336,2024-04-12T06:09:00Z,06:09:00
20240411_062300.WAV,0,3,Certhia americana_Brown Creeper,0.7590603232383728,2024-04-11T06:23:00Z,06:23:00
20240411_062300.WAV,9,12,Colaptes auratus_Northern Flicker,0.5071794390678406,2024-04-11T06:23:00Z,06:23:00
20240411_062300.WAV,18,21,Certhia americana_Brown Creeper,0.7494815587997437,2024-04-11T06:23:00Z,06:23:00
20240411_062300.WAV,27,30,Certhia americana_Brown Creeper,0.5042068958282471,2024-04-11T06:23:00Z,06:23:00
20240411_062300.WAV,39,42,Sayornis phoebe_Eastern Phoebe,0.6347678899765015,2024-04-11T06:23:00Z,06:23:00
20240411_062300.WAV,42,45,Certhia americana_Brown Creeper,0.5958353281021118,2024-04-11T06:23:00Z,06:23:00
20240411_062300.WAV,45,48,Certhia americana_Brown Creeper,0.4584662914276123,2024-04-11T06:23:00Z,06:23:00
20240411_062300.WAV,51,54,Colaptes auratus_Northern Flicker,0.5952364802360535,2024-04-11T06:23:00Z,06:23:00
20240330_192900.WAV,0,3,Turdus migratorius_American Robin,0.724955141544342,2024-03-30T19:29:00Z,19:29:00
20240330_192900.WAV,6,9,Turdus migratorius_American Robin,0.6013966798782349,2024-03-30T19:29:00Z,19:29:00
20240330_192900.WAV,9,12,Turdus migratorius_American Robin,0.5885729789733887,2024-03-30T19:29:00Z,19:29:00
20240330_192900.WAV,15,18,Turdus migratorius_American Robin,0.6489990949630737,2024-03-30T19:29:00Z,19:29:00
20240330_192900.WAV,39,42,Turdus migratorius_American Robin,0.4996528625488281,2024-03-30T19:29:00Z,19:29:00
20240330_192900.WAV,42,45,Turdus migratorius_American Robin,0.4479233920574188,2024-03-30T19:29:00Z,19:29:00
20240330_192900.WAV,48,51,Turdus migratorius_American Robin,0.7706665992736816,2024-03-30T19:29:00Z,19:29:00
20240330_192900.WAV,51,54,Turdus migratorius_American Robin,0.8379828333854675,2024-03-30T19:29:00Z,19:29:00
20240404_143400.WAV,18,21,Porzana porzana_Spotted Crake,0.5978587865829468,2024-04-04T14:34:00Z,14:34:00
20240412_160900.WAV,12,15,Porzana porzana_Spotted Crake,0.48897838592529297,2024-04-12T16:09:00Z,16:09:00
20240402_152300.WAV,0,3,Porzana porzana_Spotted Crake,0.4063762426376343,2024-04-02T15:23:00Z,15:23:00
20240402_152300.WAV,3,6,Porzana porzana_Spotted Crake,0.8224221467971802,2024-04-02T15:23:00Z,15:23:00
20240415_190100.WAV,6,9,Certhia americana_Brown Creeper,0.9270777106285096,2024-04-15T19:01:00Z,19:01:00
20240415_190100.WAV,18,21,Certhia americana_Brown Creeper,0.412497341632843,2024-04-15T19:01:00Z,19:01:00
20240415_190100.WAV,30,33,Certhia americana_Brown Creeper,0.8854939937591553,2024-04-15T19:01:00Z,19:01:00
20240415_190100.WAV,42,45,Certhia americana_Brown Creeper,0.7618141174316406,2024-04-15T19:01:00Z,19:01:00
20240408_193100.WAV,15,18,Certhia americana_Brown Creeper,0.5578585863113403,2024-04-08T19:31:00Z,19:31:00
20240408_193100.WAV,30,33,Certhia americana_Brown Creeper,0.5480102300643921,2024-04-08T19:31:00Z,19:31:00
20240408_193100.WAV,48,51,Certhia americana_Brown Creeper,0.5522601008415222,2024-04-08T19:31:00Z,19:31:00
20240408_193100.WAV,51,54,Certhia americana_Brown Creeper,0.7959785461425781,2024-04-08T19:31:00Z,19:31:00
20240409_071300.WAV,45,48,Regulus satrapa_Golden-crowned Kinglet,0.4921540915966034,2024-04-09T07:13:00Z,07:13:00
20240409_071300.WAV,51,54,Regulus satrapa_Golden-crowned Kinglet,0.4664838910102844,2024-04-09T07:13:00Z,07:13:00
20240412_063400.WAV,12,15,Poecile atricapillus_Black-capped Chickadee,0.4187246263027191,2024-04-12T06:34:00Z,06:34:00
20240412_063400.WAV,15,18,Poecile atricapillus_Black-capped Chickadee,0.4778926372528076,2024-04-12T06:34:00Z,06:34:00
20240412_063400.WAV,21,24,Poecile atricapillus_Black-capped Chickadee,0.4296246170997619,2024-04-12T06:34:00Z,06:34:00
20240412_063400.WAV,24,27,Poecile atricapillus_Black-capped Chickadee,0.489612877368927,2024-04-12T06:34:00Z,06:34:00
20240412_063400.WAV,27,30,Poecile atricapillus_Black-capped Chickadee,0.7983732223510742,2024-04-12T06:34:00Z,06:34:00
20240412_063400.WAV,33,36,Poecile atricapillus_Black-capped Chickadee,0.7787761092185974,2024-04-12T06:34:00Z,06:34:00
20240408_062700.WAV,27,30,Regulus regulus_Goldcrest,0.5241790413856506,2024-04-08T06:27:00Z,06:27:00
20240408_062700.WAV,36,39,Certhia americana_Brown Creeper,0.693705141544342,2024-04-08T06:27:00Z,06:27:00
20240415_061700.WAV,0,3,Botaurus lentiginosus_American Bittern,0.8215293884277344,2024-04-15T06:17:00Z,06:17:00
20240415_061700.WAV,6,9,Certhia americana_Brown Creeper,0.6032557487487793,2024-04-15T06:17:00Z,06:17:00
20240415_061700.WAV,24,27,Certhia americana_Brown Creeper,0.74946528673172,2024-04-15T06:17:00Z,06:17:00
20240415_061700.WAV,33,36,Certhia americana_Brown Creeper,0.9337145090103148,2024-04-15T06:17:00Z,06:17:00
20240415_061700.WAV,42,45,Certhia americana_Brown Creeper,0.521986186504364,2024-04-15T06:17:00Z,06:17:00
20240415_061700.WAV,51,54,Certhia americana_Brown Creeper,0.6730634570121765,2024-04-15T06:17:00Z,06:17:00
20240413_070000.WAV,0,3,Aix sponsa_Wood Duck,0.66727215051651,2024-04-13T07:00:00Z,07:00:00
20240413_070000.WAV,6,9,Aix sponsa_Wood Duck,0.7833240628242493,2024-04-13T07:00:00Z,07:00:00
20240413_070000.WAV,15,18,Aix sponsa_Wood Duck,0.9044259786605836,2024-04-13T07:00:00Z,07:00:00
20240413_070000.WAV,21,24,Aix sponsa_Wood Duck,0.8963006734848022,2024-04-13T07:00:00Z,07:00:00
20240413_070000.WAV,30,33,Aix sponsa_Wood Duck,0.6556918621063232,2024-04-13T07:00:00Z,07:00:00
20240413_070000.WAV,36,39,Aix sponsa_Wood Duck,0.9257302284240724,2024-04-13T07:00:00Z,07:00:00
20240413_070000.WAV,42,45,Aix sponsa_Wood Duck,0.816885769367218,2024-04-13T07:00:00Z,07:00:00
20240413_070000.WAV,51,54,Aix sponsa_Wood Duck,0.812611997127533,2024-04-13T07:00:00Z,07:00:00
20240406_151700.WAV,0,3,Anas platyrhynchos_Mallard,0.8245630264282227,2024-04-06T15:17:00Z,15:17:00
20240406_151700.WAV,3,6,Anas platyrhynchos_Mallard,0.9290664792060852,2024-04-06T15:17:00Z,15:17:00
20240406_151700.WAV,6,9,Anas platyrhynchos_Mallard,0.9016599655151368,2024-04-06T15:17:00Z,15:17:00
20240330_191400.WAV,0,3,Turdus migratorius_American Robin,0.4161273539066314,2024-03-30T19:14:00Z,19:14:00
20240330_191400.WAV,6,9,Turdus migratorius_American Robin,0.4640260338783264,2024-03-30T19:14:00Z,19:14:00
20240330_191400.WAV,12,15,Turdus migratorius_American Robin,0.49475952982902527,2024-03-30T19:14:00Z,19:14:00
20240330_191400.WAV,18,21,Turdus migratorius_American Robin,0.6526113152503967,2024-03-30T19:14:00Z,19:14:00
20240330_191400.WAV,21,24,Turdus migratorius_American Robin,0.659004271030426,2024-03-30T19:14:00Z,19:14:00
20240330_191400.WAV,24,27,Turdus migratorius_American Robin,0.6389171481132507,2024-03-30T19:14:00Z,19:14:00
20240330_191400.WAV,30,33,Turdus migratorius_American Robin,0.4915900230407715,2024-03-30T19:14:00Z,19:14:00
20240330_191400.WAV,39,42,Turdus migratorius_American Robin,0.6841517090797424,2024-03-30T19:14:00Z,19:14:00
20240330_191400.WAV,42,45,Turdus migratorius_American Robin,0.6400682926177979,2024-03-30T19:14:00Z,19:14:00
20240330_191400.WAV,45,48,Turdus migratorius_American Robin,0.543104887008667,2024-03-30T19:14:00Z,19:14:00
20240413_144400.WAV,21,24,Porzana porzana_Spotted Crake,0.8406467437744141,2024-04-13T14:44:00Z,14:44:00
20240413_144400.WAV,33,36,Regulus satrapa_Golden-crowned Kinglet,0.45702794194221497,2024-04-13T14:44:00Z,14:44:00
20240406_065300.WAV,0,3,Poecile atricapillus_Black-capped Chickadee,0.4299449920654297,2024-04-06T06:53:00Z,06:53:00
20240406_065300.WAV,45,48,Regulus satrapa_Golden-crowned Kinglet,0.43035638332366943,2024-04-06T06:53:00Z,06:53:00
20240404_070800.WAV,18,21,Porzana porzana_Spotted Crake,0.6093791127204895,2024-04-04T07:08:00Z,07:08:00
20240404_070800.WAV,24,27,Porzana porzana_Spotted Crake,0.5436486005783081,2024-04-04T07:08:00Z,07:08:00
20240404_070800.WAV,45,48,Porzana porzana_Spotted Crake,0.7585026621818542,2024-04-04T07:08:00Z,07:08:00
20240413_140100.WAV,3,6,Certhia americana_Brown Creeper,0.7940269708633423,2024-04-13T14:01:00Z,14:01:00
20240413_140100.WAV,36,39,Certhia americana_Brown Creeper,0.9311734437942504,2024-04-13T14:01:00Z,14:01:00
20240413_140100.WAV,48,51,Certhia americana_Brown Creeper,0.5143515467643738,2024-04-13T14:01:00Z,14:01:00
20240413_140100.WAV,51,54,Certhia americana_Brown Creeper,0.4184567332267761,2024-04-13T14:01:00Z,14:01:00
20240406_061600.WAV,9,12,Turdus migratorius_American Robin,0.5595201253890991,2024-04-06T06:16:00Z,06:16:00
20240401_063500.WAV,39,42,Regulus regulus_Goldcrest,0.8447299003601074,2024-04-01T06:35:00Z,06:35:00
20240407_061800.WAV,3,6,Certhia americana_Brown Creeper,0.8193796277046204,2024-04-07T06:18:00Z,06:18:00
20240407_061800.WAV,9,12,Certhia americana_Brown Creeper,0.8807200789451599,2024-04-07T06:18:00Z,06:18:00
20240407_061800.WAV,12,15,Certhia americana_Brown Creeper,0.8189595341682434,2024-04-07T06:18:00Z,06:18:00
20240407_061800.WAV,24,27,Certhia americana_Brown Creeper,0.5609938502311707,2024-04-07T06:18:00Z,06:18:00
20240407_061800.WAV,36,39,Poecile atricapillus_Black-capped Chickadee,0.688098669052124,2024-04-07T06:18:00Z,06:18:00
20240407_061800.WAV,39,42,Poecile atricapillus_Black-capped Chickadee,0.5931329131126404,2024-04-07T06:18:00Z,06:18:00
20240407_061800.WAV,42,45,Certhia americana_Brown Creeper,0.5079368352890015,2024-04-07T06:18:00Z,06:18:00
20240407_061800.WAV,48,51,Certhia americana_Brown Creeper,0.5201958417892456,2024-04-07T06:18:00Z,06:18:00
20240407_061800.WAV,54,55,Certhia americana_Brown Creeper,0.7294977903366089,2024-04-07T06:18:00Z,06:18:00
20240410_151100.WAV,30,33,Aegolius acadicus_Northern Saw-whet Owl,0.5834831595420837,2024-04-10T15:11:00Z,15:11:00
20240403_065400.WAV,0,3,Porzana porzana_Spotted Crake,0.4084626734256744,2024-04-03T06:54:00Z,06:54:00
20240410_155400.WAV,15,18,Regulus satrapa_Golden-crowned Kinglet,0.4654358029365539,2024-04-10T15:54:00Z,15:54:00
20240403_061100.WAV,3,6,Porzana porzana_Spotted Crake,0.7413581013679504,2024-04-03T06:11:00Z,06:11:00
20240411_142500.WAV,3,6,Certhia americana_Brown Creeper,0.9196504354476928,2024-04-11T14:25:00Z,14:25:00
20240411_142500.WAV,15,18,Certhia americana_Brown Creeper,0.9101691842079164,2024-04-11T14:25:00Z,14:25:00
20240411_142500.WAV,33,36,Certhia americana_Brown Creeper,0.41855812072753906,2024-04-11T14:25:00Z,14:25:00
20240411_142500.WAV,42,45,Certhia americana_Brown Creeper,0.7967143058776855,2024-04-11T14:25:00Z,14:25:00
20240404_063200.WAV,0,3,Certhia americana_Brown Creeper,0.891619086265564,2024-04-04T06:32:00Z,06:32:00
20240404_063200.WAV,15,18,Certhia americana_Brown Creeper,0.9001594185829163,2024-04-04T06:32:00Z,06:32:00
20240404_063200.WAV,39,42,Certhia americana_Brown Creeper,0.4921417832374573,2024-04-04T06:32:00Z,06:32:00
20240404_063200.WAV,45,48,Certhia americana_Brown Creeper,0.984188675880432,2024-04-04T06:32:00Z,06:32:00
20240410_055400.WAV,36,39,Turdus migratorius_American Robin,0.4598187506198883,2024-04-10T05:54:00Z,05:54:00
20240407_151900.WAV,51,54,Regulus regulus_Goldcrest,0.4531200528144837,2024-04-07T15:19:00Z,15:19:00
20240410_061000.WAV,3,6,Certhia americana_Brown Creeper,0.7235010862350464,2024-04-10T06:10:00Z,06:10:00
20240410_061000.WAV,12,15,Certhia americana_Brown Creeper,0.7076564431190491,2024-04-10T06:10:00Z,06:10:00
20240410_061000.WAV,27,30,Certhia americana_Brown Creeper,0.7602315545082092,2024-04-10T06:10:00Z,06:10:00
20240410_061000.WAV,36,39,Certhia americana_Brown Creeper,0.6800312995910645,2024-04-10T06:10:00Z,06:10:00
20240410_061000.WAV,45,48,Certhia americana_Brown Creeper,0.608491063117981,2024-04-10T06:10:00Z,06:10:00
20240410_061000.WAV,48,51,Sayornis phoebe_Eastern Phoebe,0.4085479378700256,2024-04-10T06:10:00Z,06:10:00
20240409_062900.WAV,15,18,Turdus migratorius_American Robin,0.562416136264801,2024-04-09T06:29:00Z,06:29:00
20240409_062900.WAV,45,48,Turdus migratorius_American Robin,0.5150651335716248,2024-04-09T06:29:00Z,06:29:00
20240414_061900.WAV,6,9,Certhia americana_Brown Creeper,0.9038464426994324,2024-04-14T06:19:00Z,06:19:00
20240414_061900.WAV,12,15,Colaptes auratus_Northern Flicker,0.525940477848053,2024-04-14T06:19:00Z,06:19:00
20240414_061900.WAV,15,18,Colaptes auratus_Northern Flicker,0.9154170155525208,2024-04-14T06:19:00Z,06:19:00
20240414_061900.WAV,36,39,Colaptes auratus_Northern Flicker,0.7026628255844116,2024-04-14T06:19:00Z,06:19:00
20240414_061900.WAV,39,42,Colaptes auratus_Northern Flicker,0.822746992111206,2024-04-14T06:19:00Z,06:19:00
20240410_065500.WAV,9,12,Poecile atricapillus_Black-capped Chickadee,0.45676112174987793,2024-04-10T06:55:00Z,06:55:00
20240410_065500.WAV,39,42,Poecile atricapillus_Black-capped Chickadee,0.5480256080627441,2024-04-10T06:55:00Z,06:55:00
20240331_063100.WAV,27,30,Certhia americana_Brown Creeper,0.6887553930282593,2024-03-31T06:31:00Z,06:31:00
20240411_163900.WAV,3,6,Regulus satrapa_Golden-crowned Kinglet,0.4092621505260467,2024-04-11T16:39:00Z,16:39:00
20240411_163900.WAV,6,9,Regulus regulus_Goldcrest,0.619249701499939,2024-04-11T16:39:00Z,16:39:00
20240411_163900.WAV,48,51,Certhia americana_Brown Creeper,0.8028973937034607,2024-04-11T16:39:00Z,16:39:00
20240407_140400.WAV,36,39,Certhia americana_Brown Creeper,0.7528771758079529,2024-04-07T14:04:00Z,14:04:00
20240412_061300.WAV,3,6,Certhia americana_Brown Creeper,0.6495823860168457,2024-04-12T06:13:00Z,06:13:00
20240412_061300.WAV,6,9,Certhia americana_Brown Creeper,0.6483089327812195,2024-04-12T06:13:00Z,06:13:00
20240412_061300.WAV,12,15,Certhia americana_Brown Creeper,0.58537358045578,2024-04-12T06:13:00Z,06:13:00
20240408_164500.WAV,27,30,Certhia americana_Brown Creeper,0.5704496502876282,2024-04-08T16:45:00Z,16:45:00
20240408_164500.WAV,39,42,Certhia americana_Brown Creeper,0.4161969721317291,2024-04-08T16:45:00Z,16:45:00
20240412_065600.WAV,21,24,Certhia americana_Brown Creeper,0.719718337059021,2024-04-12T06:56:00Z,06:56:00
20240412_065600.WAV,27,30,Certhia americana_Brown Creeper,0.4793209731578827,2024-04-12T06:56:00Z,06:56:00
20240412_065600.WAV,30,33,Certhia americana_Brown Creeper,0.647301971912384,2024-04-12T06:56:00Z,06:56:00
20240408_064500.WAV,3,6,Certhia americana_Brown Creeper,0.9385717511177064,2024-04-08T06:45:00Z,06:45:00
20240408_064500.WAV,18,21,Certhia americana_Brown Creeper,0.9246603846549988,2024-04-08T06:45:00Z,06:45:00
20240408_064500.WAV,21,24,Aix sponsa_Wood Duck,0.44859546422958374,2024-04-08T06:45:00Z,06:45:00
20240408_064500.WAV,27,30,Certhia americana_Brown Creeper,0.6560762524604797,2024-04-08T06:45:00Z,06:45:00
20240408_064500.WAV,30,33,Aix sponsa_Wood Duck,0.7891570329666138,2024-04-08T06:45:00Z,06:45:00
20240408_064500.WAV,33,36,Aix sponsa_Wood Duck,0.5632297992706299,2024-04-08T06:45:00Z,06:45:00
20240408_064500.WAV,36,39,Certhia americana_Brown Creeper,0.9352678060531616,2024-04-08T06:45:00Z,06:45:00
20240330_193300.WAV,3,6,Turdus migratorius_American Robin,0.414658784866333,2024-03-30T19:33:00Z,19:33:00
20240330_193300.WAV,18,21,Turdus migratorius_American Robin,0.5324764847755432,2024-03-30T19:33:00Z,19:33:00
20240330_193300.WAV,30,33,Turdus migratorius_American Robin,0.5047629475593567,2024-03-30T19:33:00Z,19:33:00
20240330_193300.WAV,39,42,Turdus migratorius_American Robin,0.53395843505859375,2024-03-30T19:33:00Z,19:33:00
20240330_193300.WAV,48,51,Turdus migratorius_American Robin,0.4329253733158112,2024-03-30T19:33:00Z,19:33:00
20240411_063900.WAV,3,6,Dryobates pubescens_Downy Woodpecker,0.7363556027412415,2024-04-11T06:39:00Z,06:39:00
20240411_063900.WAV,9,12,Dryobates pubescens_Downy Woodpecker,0.7994920611381531,2024-04-11T06:39:00Z,06:39:00
20240411_063900.WAV,48,51,Dryobates pubescens_Downy Woodpecker,0.5606686472892761,2024-04-11T06:39:00Z,06:39:00
20240406_153000.WAV,24,27,Corvus brachyrhynchos_American Crow,0.4414490759372711,2024-04-06T15:30:00Z,15:30:00
20240408_060000.WAV,51,54,Turdus migratorius_American Robin,0.47518908977508545,2024-04-08T06:00:00Z,06:00:00
20240402_153900.WAV,12,15,Porzana porzana_Spotted Crake,0.5825875997543335,2024-04-02T15:39:00Z,15:39:00
20240402_153900.WAV,15,18,Porzana porzana_Spotted Crake,0.4309452474117279,2024-04-02T15:39:00Z,15:39:00
20240402_153900.WAV,30,33,Porzana porzana_Spotted Crake,0.6146439909934998,2024-04-02T15:39:00Z,15:39:00
20240411_191200.WAV,6,9,Colaptes auratus_Northern Flicker,0.6463175415992737,2024-04-11T19:12:00Z,19:12:00
20240411_191200.WAV,9,12,Colaptes auratus_Northern Flicker,0.7047328352928162,2024-04-11T19:12:00Z,19:12:00
20240411_191200.WAV,27,30,Colaptes auratus_Northern Flicker,0.5602720379829407,2024-04-11T19:12:00Z,19:12:00
20240411_153800.WAV,3,6,Certhia americana_Brown Creeper,0.5990344882011414,2024-04-11T15:38:00Z,15:38:00
20240411_153800.WAV,9,12,Certhia americana_Brown Creeper,0.6151087880134583,2024-04-11T15:38:00Z,15:38:00
20240411_153800.WAV,12,15,Certhia americana_Brown Creeper,0.7272977232933044,2024-04-11T15:38:00Z,15:38:00
20240411_153800.WAV,15,18,Certhia americana_Brown Creeper,0.7408660054206848,2024-04-11T15:38:00Z,15:38:00
20240411_153800.WAV,27,30,Certhia americana_Brown Creeper,0.698269248008728,2024-04-11T15:38:00Z,15:38:00
20240411_153800.WAV,30,33,Certhia americana_Brown Creeper,0.6090307235717773,2024-04-11T15:38:00Z,15:38:00
20240411_153800.WAV,33,36,Certhia americana_Brown Creeper,0.43286263942718506,2024-04-11T15:38:00Z,15:38:00
20240411_153800.WAV,42,45,Nucifraga caryocatactes_Eurasian Nutcracker,0.5892473459243774,2024-04-11T15:38:00Z,15:38:00
20240412_055700.WAV,30,33,Certhia americana_Brown Creeper,0.7144607305526733,2024-04-12T05:57:00Z,05:57:00
20240412_055700.WAV,39,42,Certhia americana_Brown Creeper,0.93397855758667,2024-04-12T05:57:00Z,05:57:00
20240412_055700.WAV,42,45,Certhia americana_Brown Creeper,0.682793140411377,2024-04-12T05:57:00Z,05:57:00
20240401_065700.WAV,15,18,Turdus migratorius_American Robin,0.45486146211624146,2024-04-01T06:57:00Z,06:57:00
20240414_140500.WAV,27,30,Colaptes auratus_Northern Flicker,0.7099465727806091,2024-04-14T14:05:00Z,14:05:00
20240414_140500.WAV,30,33,Colaptes auratus_Northern Flicker,0.8972546458244324,2024-04-14T14:05:00Z,14:05:00
20240414_140500.WAV,33,36,Colaptes auratus_Northern Flicker,0.8987381458282471,2024-04-14T14:05:00Z,14:05:00
20240414_140500.WAV,36,39,Colaptes auratus_Northern Flicker,0.5776694416999817,2024-04-14T14:05:00Z,14:05:00
20240414_140500.WAV,48,51,Regulus satrapa_Golden-crowned Kinglet,0.4325184822082519,2024-04-14T14:05:00Z,14:05:00
20240412_155700.WAV,0,3,Porzana porzana_Spotted Crake,0.4630921185016632,2024-04-12T15:57:00Z,15:57:00
20240412_155700.WAV,48,51,Porzana porzana_Spotted Crake,0.47407323122024536,2024-04-12T15:57:00Z,15:57:00
20240401_061200.WAV,0,3,Turdus migratorius_American Robin,0.9409299492836,2024-04-01T06:12:00Z,06:12:00
20240401_061200.WAV,3,6,Turdus migratorius_American Robin,0.5683323740959167,2024-04-01T06:12:00Z,06:12:00
20240401_061200.WAV,6,9,Turdus migratorius_American Robin,0.5867747664451599,2024-04-01T06:12:00Z,06:12:00
20240401_061200.WAV,15,18,Turdus migratorius_American Robin,0.43597912788391113,2024-04-01T06:12:00Z,06:12:00
20240401_061200.WAV,18,21,Turdus migratorius_American Robin,0.681579053401947,2024-04-01T06:12:00Z,06:12:00
20240401_061200.WAV,21,24,Turdus migratorius_American Robin,0.7744560837745667,2024-04-01T06:12:00Z,06:12:00
20240401_061200.WAV,27,30,Turdus migratorius_American Robin,0.930272102355957,2024-04-01T06:12:00Z,06:12:00
20240401_061200.WAV,30,33,Turdus migratorius_American Robin,0.4705217182636261,2024-04-01T06:12:00Z,06:12:00
20240401_061200.WAV,33,36,Turdus migratorius_American Robin,0.6118562817573547,2024-04-01T06:12:00Z,06:12:00
20240401_061200.WAV,36,39,Turdus migratorius_American Robin,0.6882822513580322,2024-04-01T06:12:00Z,06:12:00
20240401_061200.WAV,45,48,Turdus migratorius_American Robin,0.784162700176239,2024-04-01T06:12:00Z,06:12:00
20240411_154000.WAV,0,3,Certhia americana_Brown Creeper,0.4467349350452423,2024-04-11T15:40:00Z,15:40:00
20240411_154000.WAV,9,12,Certhia americana_Brown Creeper,0.6434629559516907,2024-04-11T15:40:00Z,15:40:00
20240406_064900.WAV,15,18,Turdus migratorius_American Robin,0.7099419832229614,2024-04-06T06:49:00Z,06:49:00
20240402_060500.WAV,0,3,Turdus migratorius_American Robin,0.8267154693603516,2024-04-02T06:05:00Z,06:05:00
20240402_060500.WAV,18,21,Turdus migratorius_American Robin,0.9338751435279846,2024-04-02T06:05:00Z,06:05:00
20240402_060500.WAV,24,27,Turdus migratorius_American Robin,0.777771532535553,2024-04-02T06:05:00Z,06:05:00
20240402_060500.WAV,27,30,Turdus migratorius_American Robin,0.7945553064346313,2024-04-02T06:05:00Z,06:05:00
20240402_060500.WAV,30,33,Turdus migratorius_American Robin,0.5834737420082092,2024-04-02T06:05:00Z,06:05:00
20240402_060500.WAV,33,36,Turdus migratorius_American Robin,0.8056713342666626,2024-04-02T06:05:00Z,06:05:00
20240402_060500.WAV,36,39,Turdus migratorius_American Robin,0.7902799844741821,2024-04-02T06:05:00Z,06:05:00
20240402_060500.WAV,39,42,Turdus migratorius_American Robin,0.4542366564273834,2024-04-02T06:05:00Z,06:05:00
20240402_060500.WAV,42,45,Turdus migratorius_American Robin,0.6147184371948242,2024-04-02T06:05:00Z,06:05:00
20240402_060500.WAV,45,48,Turdus migratorius_American Robin,0.690781831741333,2024-04-02T06:05:00Z,06:05:00
20240402_060500.WAV,48,51,Turdus migratorius_American Robin,0.6798031330108643,2024-04-02T06:05:00Z,06:05:00
20240402_060500.WAV,51,54,Turdus migratorius_American Robin,0.8852762579917908,2024-04-02T06:05:00Z,06:05:00
20240402_064000.WAV,27,30,Corvus brachyrhynchos_American Crow,0.4888685643672943,2024-04-02T06:40:00Z,06:40:00
20240402_064000.WAV,42,45,Turdus migratorius_American Robin,0.5783349275588989,2024-04-02T06:40:00Z,06:40:00
20240415_154900.WAV,39,42,Certhia americana_Brown Creeper,0.5953875184059143,2024-04-15T15:49:00Z,15:49:00
20240415_154900.WAV,39,42,Regulus regulus_Goldcrest,0.5860927104949951,2024-04-15T15:49:00Z,15:49:00
20240415_154900.WAV,48,51,Certhia americana_Brown Creeper,0.8746860027313232,2024-04-15T15:49:00Z,15:49:00
20240404_071200.WAV,42,45,Porzana porzana_Spotted Crake,0.739799976348877,2024-04-04T07:12:00Z,07:12:00
20240406_164900.WAV,45,48,Branta canadensis_Canada Goose,0.8149743676185608,2024-04-06T16:49:00Z,16:49:00
20240406_164900.WAV,48,51,Branta canadensis_Canada Goose,0.6085692644119263,2024-04-06T16:49:00Z,16:49:00
20240414_143800.WAV,51,54,Botaurus lentiginosus_American Bittern,0.5096712708473206,2024-04-14T14:38:00Z,14:38:00
20240405_062600.WAV,24,27,Certhia americana_Brown Creeper,0.4502596855163574,2024-04-05T06:26:00Z,06:26:00
20240410_143100.WAV,15,18,Certhia americana_Brown Creeper,0.6012094616889954,2024-04-10T14:31:00Z,14:31:00
20240410_143100.WAV,30,33,Certhia americana_Brown Creeper,0.4358552098274231,2024-04-10T14:31:00Z,14:31:00
20240410_143100.WAV,36,39,Certhia americana_Brown Creeper,0.4079102873802185,2024-04-10T14:31:00Z,14:31:00
20240402_164000.WAV,0,3,Porzana porzana_Spotted Crake,0.43409696221351624,2024-04-02T16:40:00Z,16:40:00
20240402_164000.WAV,3,6,Porzana porzana_Spotted Crake,0.4852229356765747,2024-04-02T16:40:00Z,16:40:00
20240331_145500.WAV,39,42,Corvus brachyrhynchos_American Crow,0.4459804594516754,2024-03-31T14:55:00Z,14:55:00
20240331_145500.WAV,48,51,Corvus brachyrhynchos_American Crow,0.6926894783973694,2024-03-31T14:55:00Z,14:55:00
20240416_062700.WAV,24,27,Sphyrapicus varius_Yellow-bellied Sapsucker,0.6683231592178345,2024-04-16T06:27:00Z,06:27:00
20240416_062700.WAV,27,30,Sphyrapicus varius_Yellow-bellied Sapsucker,0.4508056640625,2024-04-16T06:27:00Z,06:27:00
20240409_070900.WAV,0,3,Aix sponsa_Wood Duck,0.870298445224762,2024-04-09T07:09:00Z,07:09:00
20240409_070900.WAV,30,33,Regulus satrapa_Golden-crowned Kinglet,0.4996654987335205,2024-04-09T07:09:00Z,07:09:00
20240409_070900.WAV,48,51,Regulus regulus_Goldcrest,0.6496071815490723,2024-04-09T07:09:00Z,07:09:00
20240411_164100.WAV,42,45,Regulus satrapa_Golden-crowned Kinglet,0.5312265753746033,2024-04-11T16:41:00Z,16:41:00
20240407_143900.WAV,39,42,Anas platyrhynchos_Mallard,0.695415735244751,2024-04-07T14:39:00Z,14:39:00
20240411_160400.WAV,0,3,Poecile gambeli_Mountain Chickadee,0.48814308643341064,2024-04-11T16:04:00Z,16:04:00
20240411_160400.WAV,24,27,Certhia americana_Brown Creeper,0.6318338513374329,2024-04-11T16:04:00Z,16:04:00
20240411_064100.WAV,9,12,Dryobates pubescens_Downy Woodpecker,0.4060394763946533,2024-04-11T06:41:00Z,06:41:00
20240411_064100.WAV,15,18,Poecile atricapillus_Black-capped Chickadee,0.5748777985572815,2024-04-11T06:41:00Z,06:41:00
20240411_064100.WAV,42,45,Certhia americana_Brown Creeper,0.5906120538711548,2024-04-11T06:41:00Z,06:41:00
20240411_064100.WAV,51,54,Certhia americana_Brown Creeper,0.7924518585205078,2024-04-11T06:41:00Z,06:41:00
20240411_060400.WAV,48,51,Turdus migratorius_American Robin,0.5199562907218933,2024-04-11T06:04:00Z,06:04:00
20240411_060400.WAV,51,54,Turdus migratorius_American Robin,0.4404177963733673,2024-04-11T06:04:00Z,06:04:00
20240412_190500.WAV,9,12,Certhia americana_Brown Creeper,0.4706222414970398,2024-04-12T19:05:00Z,19:05:00
20240412_190500.WAV,18,21,Certhia americana_Brown Creeper,0.5313356518745422,2024-04-12T19:05:00Z,19:05:00
20240412_190500.WAV,24,27,Certhia americana_Brown Creeper,0.9206349849700928,2024-04-12T19:05:00Z,19:05:00
20240412_190500.WAV,33,36,Certhia americana_Brown Creeper,0.6577908396720886,2024-04-12T19:05:00Z,19:05:00
20240331_071100.WAV,9,12,Certhia americana_Brown Creeper,0.4829004108905792,2024-03-31T07:11:00Z,07:11:00
20240331_071100.WAV,30,33,Regulus regulus_Goldcrest,0.46370506286621094,2024-03-31T07:11:00Z,07:11:00
20240331_071100.WAV,42,45,Certhia americana_Brown Creeper,0.8787806630134583,2024-03-31T07:11:00Z,07:11:00
20240415_192600.WAV,6,9,Regulus regulus_Goldcrest,0.9655342698097228,2024-04-15T19:26:00Z,19:26:00
20240415_071000.WAV,0,3,Dryobates pubescens_Downy Woodpecker,0.5229480266571045,2024-04-15T07:10:00Z,07:10:00
20240415_071000.WAV,9,12,Dryobates pubescens_Downy Woodpecker,0.4167689085006714,2024-04-15T07:10:00Z,07:10:00
20240406_145500.WAV,3,6,Poecile atricapillus_Black-capped Chickadee,0.5559647679328918,2024-04-06T14:55:00Z,14:55:00
20240406_145500.WAV,6,9,Poecile atricapillus_Black-capped Chickadee,0.7017701864242554,2024-04-06T14:55:00Z,14:55:00
20240406_145500.WAV,18,21,Poecile atricapillus_Black-capped Chickadee,0.51441490650177,2024-04-06T14:55:00Z,14:55:00
20240406_145500.WAV,21,24,Poecile atricapillus_Black-capped Chickadee,0.7804703712463379,2024-04-06T14:55:00Z,14:55:00
20240406_145500.WAV,24,27,Poecile atricapillus_Black-capped Chickadee,0.9573549032211304,2024-04-06T14:55:00Z,14:55:00
20240406_145500.WAV,30,33,Poecile atricapillus_Black-capped Chickadee,0.6641219258308411,2024-04-06T14:55:00Z,14:55:00
20240406_145500.WAV,33,36,Poecile atricapillus_Black-capped Chickadee,0.595130443572998,2024-04-06T14:55:00Z,14:55:00
20240406_145500.WAV,36,39,Poecile atricapillus_Black-capped Chickadee,0.6115102171897888,2024-04-06T14:55:00Z,14:55:00
20240406_145500.WAV,45,48,Poecile atricapillus_Black-capped Chickadee,0.4172951877117157,2024-04-06T14:55:00Z,14:55:00
20240406_145500.WAV,51,54,Poecile atricapillus_Black-capped Chickadee,0.40733569860458374,2024-04-06T14:55:00Z,14:55:00
20240413_060700.WAV,6,9,Certhia americana_Brown Creeper,0.4678843021392822,2024-04-13T06:07:00Z,06:07:00
20240413_060700.WAV,15,18,Certhia americana_Brown Creeper,0.6869934797286987,2024-04-13T06:07:00Z,06:07:00
20240413_060700.WAV,21,24,Certhia americana_Brown Creeper,0.5309700965881348,2024-04-13T06:07:00Z,06:07:00
20240413_060700.WAV,30,33,Certhia americana_Brown Creeper,0.6218775510787964,2024-04-13T06:07:00Z,06:07:00
20240413_060700.WAV,42,45,Certhia americana_Brown Creeper,0.7646176218986511,2024-04-13T06:07:00Z,06:07:00
20240413_060700.WAV,45,48,Certhia americana_Brown Creeper,0.7719022035598755,2024-04-13T06:07:00Z,06:07:00
20240409_061400.WAV,0,3,Certhia americana_Brown Creeper,0.40760576725006104,2024-04-09T06:14:00Z,06:14:00
20240409_061400.WAV,3,6,Certhia americana_Brown Creeper,0.5529187321662903,2024-04-09T06:14:00Z,06:14:00
20240409_061400.WAV,6,9,Certhia americana_Brown Creeper,0.9822070598602296,2024-04-09T06:14:00Z,06:14:00
20240409_061400.WAV,9,12,Regulus satrapa_Golden-crowned Kinglet,0.5804933905601501,2024-04-09T06:14:00Z,06:14:00
20240409_061400.WAV,12,15,Certhia americana_Brown Creeper,0.4694984555244446,2024-04-09T06:14:00Z,06:14:00
20240409_061400.WAV,15,18,Certhia americana_Brown Creeper,0.8729544878005981,2024-04-09T06:14:00Z,06:14:00
20240409_061400.WAV,18,21,Certhia americana_Brown Creeper,0.41900554299354553,2024-04-09T06:14:00Z,06:14:00
20240409_061400.WAV,21,24,Certhia americana_Brown Creeper,0.5641716718673706,2024-04-09T06:14:00Z,06:14:00
20240409_061400.WAV,24,27,Certhia americana_Brown Creeper,0.5655362606048584,2024-04-09T06:14:00Z,06:14:00
20240409_061400.WAV,27,30,Certhia americana_Brown Creeper,0.865364670753479,2024-04-09T06:14:00Z,06:14:00
20240409_061400.WAV,39,42,Certhia americana_Brown Creeper,0.4343646466732025,2024-04-09T06:14:00Z,06:14:00
20240409_061400.WAV,48,51,Certhia americana_Brown Creeper,0.8501136898994446,2024-04-09T06:14:00Z,06:14:00
20240413_160700.WAV,51,54,Porzana porzana_Spotted Crake,0.4546096920967102,2024-04-13T16:07:00Z,16:07:00
20240410_194300.WAV,51,54,Certhia americana_Brown Creeper,0.677966296672821,2024-04-10T19:43:00Z,19:43:00
20240331_064900.WAV,6,9,Turdus migratorius_American Robin,0.4375525116920471,2024-03-31T06:49:00Z,06:49:00
20240331_064900.WAV,27,30,Turdus migratorius_American Robin,0.582545816898346,2024-03-31T06:49:00Z,06:49:00
20240331_064900.WAV,30,33,Turdus migratorius_American Robin,0.7347071766853333,2024-03-31T06:49:00Z,06:49:00
20240331_064900.WAV,33,36,Turdus migratorius_American Robin,0.6834405660629272,2024-03-31T06:49:00Z,06:49:00
20240331_064900.WAV,39,42,Turdus migratorius_American Robin,0.6551046967506409,2024-03-31T06:49:00Z,06:49:00
20240331_064900.WAV,42,45,Turdus migratorius_American Robin,0.6384419798851013,2024-03-31T06:49:00Z,06:49:00
20240331_064900.WAV,48,51,Turdus migratorius_American Robin,0.5052887201309204,2024-03-31T06:49:00Z,06:49:00
20240410_190600.WAV,3,6,Turdus migratorius_American Robin,0.7065577507019043,2024-04-10T19:06:00Z,19:06:00
20240410_190600.WAV,9,12,Turdus migratorius_American Robin,0.6632118225097656,2024-04-10T19:06:00Z,19:06:00
20240410_190600.WAV,12,15,Turdus migratorius_American Robin,0.8112528920173645,2024-04-10T19:06:00Z,19:06:00
20240410_190600.WAV,15,18,Turdus migratorius_American Robin,0.779032289981842,2024-04-10T19:06:00Z,19:06:00
20240410_190600.WAV,21,24,Turdus migratorius_American Robin,0.5056440830230713,2024-04-10T19:06:00Z,19:06:00
20240410_190600.WAV,42,45,Turdus migratorius_American Robin,0.798874020576477,2024-04-10T19:06:00Z,19:06:00
20240410_190600.WAV,51,54,Turdus migratorius_American Robin,0.7672175168991089,2024-04-10T19:06:00Z,19:06:00
20240407_062500.WAV,18,21,Poecile atricapillus_Black-capped Chickadee,0.6365832090377808,2024-04-07T06:25:00Z,06:25:00
20240407_062500.WAV,21,24,Certhia americana_Brown Creeper,0.7072405815124512,2024-04-07T06:25:00Z,06:25:00
20240407_062500.WAV,27,30,Poecile atricapillus_Black-capped Chickadee,0.6047335863113403,2024-04-07T06:25:00Z,06:25:00
20240407_062500.WAV,30,33,Corvus brachyrhynchos_American Crow,0.4471918046474457,2024-04-07T06:25:00Z,06:25:00
20240407_062500.WAV,33,36,Poecile atricapillus_Black-capped Chickadee,0.8779812455177307,2024-04-07T06:25:00Z,06:25:00
20240407_062500.WAV,45,48,Certhia americana_Brown Creeper,0.4615347385406494,2024-04-07T06:25:00Z,06:25:00
20240412_143200.WAV,9,12,Porzana porzana_Spotted Crake,0.46266114711761475,2024-04-12T14:32:00Z,14:32:00
20240413_150600.WAV,18,21,Corvus brachyrhynchos_American Crow,0.5572181940078735,2024-04-13T15:06:00Z,15:06:00
20240413_150600.WAV,30,33,Corvus brachyrhynchos_American Crow,0.4794001877307892,2024-04-13T15:06:00Z,15:06:00
20240411_141800.WAV,39,42,Poecile gambeli_Mountain Chickadee,0.7519510388374329,2024-04-11T14:18:00Z,14:18:00
20240406_071100.WAV,21,24,Certhia americana_Brown Creeper,0.6223402619361877,2024-04-06T07:11:00Z,07:11:00
20240406_071100.WAV,33,36,Regulus satrapa_Golden-crowned Kinglet,0.6979507803916931,2024-04-06T07:11:00Z,07:11:00
20240407_162500.WAV,51,54,Regulus regulus_Goldcrest,0.5425095558166504,2024-04-07T16:25:00Z,16:25:00
20240331_154800.WAV,3,6,Corvus brachyrhynchos_American Crow,0.5802421569824219,2024-03-31T15:48:00Z,15:48:00
20240331_154800.WAV,6,9,Corvus brachyrhynchos_American Crow,0.7213478088378906,2024-03-31T15:48:00Z,15:48:00
20240331_154800.WAV,9,12,Corvus brachyrhynchos_American Crow,0.6673955321311951,2024-03-31T15:48:00Z,15:48:00
20240331_154800.WAV,12,15,Corvus brachyrhynchos_American Crow,0.4258778989315033,2024-03-31T15:48:00Z,15:48:00
20240331_154800.WAV,15,18,Corvus brachyrhynchos_American Crow,0.6328222155570984,2024-03-31T15:48:00Z,15:48:00
20240331_154800.WAV,18,21,Corvus brachyrhynchos_American Crow,0.4215948283672333,2024-03-31T15:48:00Z,15:48:00
20240331_154800.WAV,21,24,Corvus brachyrhynchos_American Crow,0.4335802495479584,2024-03-31T15:48:00Z,15:48:00
20240331_154800.WAV,24,27,Corvus brachyrhynchos_American Crow,0.4124626815319062,2024-03-31T15:48:00Z,15:48:00
20240331_154800.WAV,27,30,Corvus brachyrhynchos_American Crow,0.4707076847553253,2024-03-31T15:48:00Z,15:48:00
20240331_154800.WAV,36,39,Corvus brachyrhynchos_American Crow,0.5172627568244934,2024-03-31T15:48:00Z,15:48:00
20240415_190200.WAV,6,9,Certhia americana_Brown Creeper,0.70142662525177,2024-04-15T19:02:00Z,19:02:00
20240415_190200.WAV,18,21,Turdus migratorius_American Robin,0.4555632174015045,2024-04-15T19:02:00Z,19:02:00
20240415_190200.WAV,30,33,Turdus migratorius_American Robin,0.5350459814071655,2024-04-15T19:02:00Z,19:02:00
20240408_193200.WAV,0,3,Certhia americana_Brown Creeper,0.6596987843513489,2024-04-08T19:32:00Z,19:32:00
20240408_193200.WAV,9,12,Certhia americana_Brown Creeper,0.6964834332466125,2024-04-08T19:32:00Z,19:32:00
20240408_193200.WAV,21,24,Certhia americana_Brown Creeper,0.7672541737556458,2024-04-08T19:32:00Z,19:32:00
20240408_193200.WAV,27,30,Certhia americana_Brown Creeper,0.707328736782074,2024-04-08T19:32:00Z,19:32:00
20240408_193200.WAV,30,33,Certhia americana_Brown Creeper,0.6372286081314087,2024-04-08T19:32:00Z,19:32:00
20240416_060300.WAV,12,15,Sphyrapicus varius_Yellow-bellied Sapsucker,0.7263357043266296,2024-04-16T06:03:00Z,06:03:00
20240416_060300.WAV,30,33,Dryobates pubescens_Downy Woodpecker,0.6366179585456848,2024-04-16T06:03:00Z,06:03:00
20240416_060300.WAV,33,36,Sphyrapicus varius_Yellow-bellied Sapsucker,0.5180619359016418,2024-04-16T06:03:00Z,06:03:00
20240415_162900.WAV,9,12,Colaptes auratus_Northern Flicker,0.43102169036865234,2024-04-15T16:29:00Z,16:29:00
20240416_064600.WAV,18,21,Sphyrapicus varius_Yellow-bellied Sapsucker,0.48491933941841125,2024-04-16T06:46:00Z,06:46:00
20240416_064600.WAV,45,48,Sphyrapicus varius_Yellow-bellied Sapsucker,0.5876019597053528,2024-04-16T06:46:00Z,06:46:00
20240410_071400.WAV,6,9,Sayornis phoebe_Eastern Phoebe,0.6770206689834595,2024-04-10T07:14:00Z,07:14:00
20240410_071400.WAV,9,12,Sayornis phoebe_Eastern Phoebe,0.7452074289321899,2024-04-10T07:14:00Z,07:14:00
20240410_071400.WAV,12,15,Sayornis phoebe_Eastern Phoebe,0.5794339776039124,2024-04-10T07:14:00Z,07:14:00
20240410_071400.WAV,15,18,Sayornis phoebe_Eastern Phoebe,0.4538690745830536,2024-04-10T07:14:00Z,07:14:00
20240410_071400.WAV,18,21,Sayornis phoebe_Eastern Phoebe,0.6895802021026611,2024-04-10T07:14:00Z,07:14:00
20240410_071400.WAV,21,24,Sayornis phoebe_Eastern Phoebe,0.5954804420471191,2024-04-10T07:14:00Z,07:14:00
20240410_071400.WAV,24,27,Sayornis phoebe_Eastern Phoebe,0.8439677357673645,2024-04-10T07:14:00Z,07:14:00
20240410_071400.WAV,33,36,Sayornis phoebe_Eastern Phoebe,0.6256521940231323,2024-04-10T07:14:00Z,07:14:00
20240410_071400.WAV,36,39,Sayornis phoebe_Eastern Phoebe,0.9447110295295716,2024-04-10T07:14:00Z,07:14:00
20240410_071400.WAV,39,42,Sayornis phoebe_Eastern Phoebe,0.6757976412773132,2024-04-10T07:14:00Z,07:14:00
20240410_071400.WAV,42,45,Sayornis phoebe_Eastern Phoebe,0.5524651408195496,2024-04-10T07:14:00Z,07:14:00
20240410_071400.WAV,45,48,Sayornis phoebe_Eastern Phoebe,0.7137801051139832,2024-04-10T07:14:00Z,07:14:00
20240410_071400.WAV,48,51,Sayornis phoebe_Eastern Phoebe,0.6913153529167175,2024-04-10T07:14:00Z,07:14:00
20240410_071400.WAV,51,54,Sayornis phoebe_Eastern Phoebe,0.9741161465644836,2024-04-10T07:14:00Z,07:14:00
20240410_071400.WAV,54,55,Sayornis phoebe_Eastern Phoebe,0.7625491619110107,2024-04-10T07:14:00Z,07:14:00
20240415_062900.WAV,0,3,Certhia americana_Brown Creeper,0.5149396657943726,2024-04-15T06:29:00Z,06:29:00
20240408_061900.WAV,0,3,Certhia americana_Brown Creeper,0.8141614198684692,2024-04-08T06:19:00Z,06:19:00
20240408_061900.WAV,3,6,Certhia americana_Brown Creeper,0.43555399775505066,2024-04-08T06:19:00Z,06:19:00
20240408_061900.WAV,9,12,Certhia americana_Brown Creeper,0.8981127142906189,2024-04-08T06:19:00Z,06:19:00
20240408_061900.WAV,12,15,Certhia americana_Brown Creeper,0.6844320893287659,2024-04-08T06:19:00Z,06:19:00
20240408_061900.WAV,15,18,Certhia americana_Brown Creeper,0.9197186827659608,2024-04-08T06:19:00Z,06:19:00
20240408_061900.WAV,21,24,Certhia americana_Brown Creeper,0.9642569422721864,2024-04-08T06:19:00Z,06:19:00
20240408_061900.WAV,24,27,Certhia americana_Brown Creeper,0.5598651170730591,2024-04-08T06:19:00Z,06:19:00
20240408_061900.WAV,27,30,Certhia americana_Brown Creeper,0.9743276238441468,2024-04-08T06:19:00Z,06:19:00
20240408_061900.WAV,30,33,Certhia americana_Brown Creeper,0.5685453414916992,2024-04-08T06:19:00Z,06:19:00
20240408_061900.WAV,33,36,Certhia americana_Brown Creeper,0.8610738515853882,2024-04-08T06:19:00Z,06:19:00
20240408_061900.WAV,39,42,Certhia americana_Brown Creeper,0.8761067390441895,2024-04-08T06:19:00Z,06:19:00
20240408_061900.WAV,42,45,Certhia americana_Brown Creeper,0.520709753036499,2024-04-08T06:19:00Z,06:19:00
20240408_061900.WAV,45,48,Certhia americana_Brown Creeper,0.401928573846817,2024-04-08T06:19:00Z,06:19:00
20240408_061900.WAV,51,54,Certhia americana_Brown Creeper,0.8072874546051025,2024-04-08T06:19:00Z,06:19:00
20240406_152900.WAV,9,12,Anas platyrhynchos_Mallard,0.7091706991195679,2024-04-06T15:29:00Z,15:29:00
20240406_152900.WAV,9,12,Nucifraga caryocatactes_Eurasian Nutcracker,0.8825992345809937,2024-04-06T15:29:00Z,15:29:00
20240406_152900.WAV,12,15,Anas platyrhynchos_Mallard,0.4509711265563965,2024-04-06T15:29:00Z,15:29:00
20240406_152900.WAV,21,24,Anas platyrhynchos_Mallard,0.45820093154907227,2024-04-06T15:29:00Z,15:29:00
20240406_152900.WAV,24,27,Nucifraga caryocatactes_Eurasian Nutcracker,0.5760790705680847,2024-04-06T15:29:00Z,15:29:00
20240406_152900.WAV,30,33,Anas platyrhynchos_Mallard,0.9479621648788452,2024-04-06T15:29:00Z,15:29:00
20240406_152900.WAV,33,36,Nucifraga caryocatactes_Eurasian Nutcracker,0.5153533220291138,2024-04-06T15:29:00Z,15:29:00
20240406_152900.WAV,45,48,Nucifraga caryocatactes_Eurasian Nutcracker,0.4852572977542877,2024-04-06T15:29:00Z,15:29:00
20240411_062000.WAV,12,15,Colaptes auratus_Northern Flicker,0.5556318163871765,2024-04-11T06:20:00Z,06:20:00
20240411_062000.WAV,24,27,Catharus guttatus_Hermit Thrush,0.4132474660873413,2024-04-11T06:20:00Z,06:20:00
20240404_143700.WAV,36,39,Porzana porzana_Spotted Crake,0.5001722574234009,2024-04-04T14:37:00Z,14:37:00
20240404_143700.WAV,42,45,Porzana porzana_Spotted Crake,0.7215763330459595,2024-04-04T14:37:00Z,14:37:00
20240402_062100.WAV,12,15,Branta canadensis_Canada Goose,0.8817082047462463,2024-04-02T06:21:00Z,06:21:00
20240402_062100.WAV,15,18,Certhia americana_Brown Creeper,0.7585777640342712,2024-04-02T06:21:00Z,06:21:00
20240402_062100.WAV,24,27,Corvus brachyrhynchos_American Crow,0.5391356348991394,2024-04-02T06:21:00Z,06:21:00
20240402_062100.WAV,27,30,Certhia americana_Brown Creeper,0.8223896622657776,2024-04-02T06:21:00Z,06:21:00
20240402_062100.WAV,30,33,Corvus brachyrhynchos_American Crow,0.5226980447769165,2024-04-02T06:21:00Z,06:21:00
20240402_062100.WAV,33,36,Corvus brachyrhynchos_American Crow,0.5721114873886108,2024-04-02T06:21:00Z,06:21:00
20240406_062800.WAV,6,9,Certhia americana_Brown Creeper,0.930858075618744,2024-04-06T06:28:00Z,06:28:00
20240406_062800.WAV,15,18,Certhia americana_Brown Creeper,0.8952468633651733,2024-04-06T06:28:00Z,06:28:00
20240406_062800.WAV,24,27,Certhia americana_Brown Creeper,0.7780792117118835,2024-04-06T06:28:00Z,06:28:00
20240406_062800.WAV,39,42,Certhia americana_Brown Creeper,0.9215978980064392,2024-04-06T06:28:00Z,06:28:00
20240411_152100.WAV,3,6,Certhia americana_Brown Creeper,0.4719530045986175,2024-04-11T15:21:00Z,15:21:00
20240411_152100.WAV,21,24,Certhia americana_Brown Creeper,0.7768750190734863,2024-04-11T15:21:00Z,15:21:00
20240411_152100.WAV,30,33,Certhia americana_Brown Creeper,0.8372631072998047,2024-04-11T15:21:00Z,15:21:00
20240411_152100.WAV,36,39,Regulus satrapa_Golden-crowned Kinglet,0.4987637102603912,2024-04-11T15:21:00Z,15:21:00
20240411_152100.WAV,42,45,Certhia americana_Brown Creeper,0.877831220626831,2024-04-11T15:21:00Z,15:21:00
20240411_152100.WAV,45,48,Certhia americana_Brown Creeper,0.9482995867729188,2024-04-11T15:21:00Z,15:21:00
20240411_152100.WAV,51,54,Certhia americana_Brown Creeper,0.9756237268447876,2024-04-11T15:21:00Z,15:21:00
20240416_054700.WAV,27,30,Certhia americana_Brown Creeper,0.41234126687049866,2024-04-16T05:47:00Z,05:47:00
20240405_064700.WAV,9,12,Turdus migratorius_American Robin,0.5063490271568298,2024-04-05T06:47:00Z,06:47:00
20240405_064700.WAV,12,15,Turdus migratorius_American Robin,0.4139791131019592,2024-04-05T06:47:00Z,06:47:00
20240405_064700.WAV,18,21,Turdus migratorius_American Robin,0.5371437072753906,2024-04-05T06:47:00Z,06:47:00
20240405_064700.WAV,36,39,Turdus migratorius_American Robin,0.6069135665893555,2024-04-05T06:47:00Z,06:47:00
20240402_162100.WAV,18,21,Porzana porzana_Spotted Crake,0.4054298400878906,2024-04-02T16:21:00Z,16:21:00
20240402_162100.WAV,24,27,Porzana porzana_Spotted Crake,0.4444306790828705,2024-04-02T16:21:00Z,16:21:00
20240402_162100.WAV,45,48,Porzana porzana_Spotted Crake,0.4579508900642395,2024-04-02T16:21:00Z,16:21:00
20240407_064400.WAV,6,9,Turdus migratorius_American Robin,0.40810683369636536,2024-04-07T06:44:00Z,06:44:00
20240407_064400.WAV,9,12,Certhia americana_Brown Creeper,0.6226615905761719,2024-04-07T06:44:00Z,06:44:00
20240407_064400.WAV,48,51,Certhia americana_Brown Creeper,0.618000328540802,2024-04-07T06:44:00Z,06:44:00
20240412_141600.WAV,0,3,Certhia americana_Brown Creeper,0.4252917766571045,2024-04-12T14:16:00Z,14:16:00
20240412_141600.WAV,9,12,Certhia americana_Brown Creeper,0.9405173659324646,2024-04-12T14:16:00Z,14:16:00
20240412_141600.WAV,12,15,Certhia americana_Brown Creeper,0.6469020247459412,2024-04-12T14:16:00Z,14:16:00
20240408_140500.WAV,3,6,Certhia americana_Brown Creeper,0.4903642237186432,2024-04-08T14:05:00Z,14:05:00
20240408_140500.WAV,6,9,Regulus satrapa_Golden-crowned Kinglet,0.4491731226444245,2024-04-08T14:05:00Z,14:05:00
20240408_140500.WAV,15,18,Certhia americana_Brown Creeper,0.637952446937561,2024-04-08T14:05:00Z,14:05:00
20240408_140500.WAV,21,24,Certhia americana_Brown Creeper,0.485680639743805,2024-04-08T14:05:00Z,14:05:00
20240408_140500.WAV,21,24,Regulus satrapa_Golden-crowned Kinglet,0.5774627327919006,2024-04-08T14:05:00Z,14:05:00
20240408_140500.WAV,24,27,Certhia americana_Brown Creeper,0.5383800864219666,2024-04-08T14:05:00Z,14:05:00
20240408_140500.WAV,27,30,Certhia americana_Brown Creeper,0.42697253823280334,2024-04-08T14:05:00Z,14:05:00
20240408_140500.WAV,30,33,Certhia americana_Brown Creeper,0.9039098620414734,2024-04-08T14:05:00Z,14:05:00
20240408_140500.WAV,36,39,Certhia americana_Brown Creeper,0.6346950531005859,2024-04-08T14:05:00Z,14:05:00
20240407_164400.WAV,3,6,Poecile gambeli_Mountain Chickadee,0.4592922329902649,2024-04-07T16:44:00Z,16:44:00
20240407_164400.WAV,15,18,Poecile gambeli_Mountain Chickadee,0.7669703960418701,2024-04-07T16:44:00Z,16:44:00
20240407_164400.WAV,18,21,Poecile gambeli_Mountain Chickadee,0.5077112317085266,2024-04-07T16:44:00Z,16:44:00
20240407_164400.WAV,39,42,Poecile gambeli_Mountain Chickadee,0.4325688183307648,2024-04-07T16:44:00Z,16:44:00
20240407_160100.WAV,0,3,Poecile atricapillus_Black-capped Chickadee,0.7265371680259705,2024-04-07T16:01:00Z,16:01:00
20240407_160100.WAV,3,6,Poecile atricapillus_Black-capped Chickadee,0.7564699053764343,2024-04-07T16:01:00Z,16:01:00
20240407_160100.WAV,6,9,Poecile atricapillus_Black-capped Chickadee,0.7153317928314209,2024-04-07T16:01:00Z,16:01:00
20240407_160100.WAV,9,12,Poecile atricapillus_Black-capped Chickadee,0.7772379517555237,2024-04-07T16:01:00Z,16:01:00
20240407_160100.WAV,12,15,Poecile atricapillus_Black-capped Chickadee,0.7208261489868164,2024-04-07T16:01:00Z,16:01:00
20240407_160100.WAV,15,18,Poecile atricapillus_Black-capped Chickadee,0.9423430562019348,2024-04-07T16:01:00Z,16:01:00
20240407_160100.WAV,18,21,Poecile atricapillus_Black-capped Chickadee,0.4452086091041565,2024-04-07T16:01:00Z,16:01:00
20240407_160100.WAV,24,27,Poecile atricapillus_Black-capped Chickadee,0.8468233942985535,2024-04-07T16:01:00Z,16:01:00
20240407_160100.WAV,27,30,Poecile atricapillus_Black-capped Chickadee,0.4469996392726898,2024-04-07T16:01:00Z,16:01:00
20240407_160100.WAV,30,33,Poecile atricapillus_Black-capped Chickadee,0.43745675683021545,2024-04-07T16:01:00Z,16:01:00
20240407_160100.WAV,39,42,Poecile atricapillus_Black-capped Chickadee,0.438059002161026,2024-04-07T16:01:00Z,16:01:00
20240410_192200.WAV,33,36,Certhia americana_Brown Creeper,0.8712482452392578,2024-04-10T19:22:00Z,19:22:00
20240410_192200.WAV,39,42,Certhia americana_Brown Creeper,0.9682133197784424,2024-04-10T19:22:00Z,19:22:00
20240410_192200.WAV,45,48,Certhia americana_Brown Creeper,0.8727443814277649,2024-04-10T19:22:00Z,19:22:00
20240410_192200.WAV,48,51,Certhia americana_Brown Creeper,0.7898740768432617,2024-04-10T19:22:00Z,19:22:00
20240331_062800.WAV,12,15,Turdus migratorius_American Robin,0.5813685059547424,2024-03-31T06:28:00Z,06:28:00
20240331_062800.WAV,21,24,Turdus migratorius_American Robin,0.4235324263572693,2024-03-31T06:28:00Z,06:28:00
20240331_062800.WAV,36,39,Turdus migratorius_American Robin,0.5477557182312012,2024-03-31T06:28:00Z,06:28:00
20240408_070400.WAV,3,6,Certhia americana_Brown Creeper,0.5891371369361877,2024-04-08T07:04:00Z,07:04:00
20240408_070400.WAV,12,15,Certhia americana_Brown Creeper,0.7177750468254089,2024-04-08T07:04:00Z,07:04:00
20240408_070400.WAV,15,18,Regulus regulus_Goldcrest,0.6907359957695007,2024-04-08T07:04:00Z,07:04:00
20240408_070400.WAV,33,36,Certhia americana_Brown Creeper,0.4490966498851776,2024-04-08T07:04:00Z,07:04:00
20240408_070400.WAV,42,45,Certhia americana_Brown Creeper,0.42718949913978577,2024-04-08T07:04:00Z,07:04:00
20240413_062300.WAV,12,15,Certhia americana_Brown Creeper,0.4641470611095429,2024-04-13T06:23:00Z,06:23:00
20240413_062300.WAV,51,54,Certhia americana_Brown Creeper,0.70952969789505,2024-04-13T06:23:00Z,06:23:00
20240414_164500.WAV,15,18,Certhia americana_Brown Creeper,0.4114581048488617,2024-04-14T16:45:00Z,16:45:00
20240414_164500.WAV,21,24,Certhia americana_Brown Creeper,0.7840647101402283,2024-04-14T16:45:00Z,16:45:00
20240414_164500.WAV,24,27,Certhia americana_Brown Creeper,0.6734176874160767,2024-04-14T16:45:00Z,16:45:00
20240414_164500.WAV,27,30,Certhia americana_Brown Creeper,0.5922710299491882,2024-04-14T16:45:00Z,16:45:00
20240414_164500.WAV,30,33,Certhia americana_Brown Creeper,0.48121604323387146,2024-04-14T16:45:00Z,16:45:00
20240414_164500.WAV,33,36,Certhia americana_Brown Creeper,0.9166496396064758,2024-04-14T16:45:00Z,16:45:00
20240414_164500.WAV,42,45,Certhia americana_Brown Creeper,0.8072493076324463,2024-04-14T16:45:00Z,16:45:00
20240414_164500.WAV,45,48,Certhia americana_Brown Creeper,0.7636622190475464,2024-04-14T16:45:00Z,16:45:00
20240414_164500.WAV,48,51,Certhia americana_Brown Creeper,0.7001914381980896,2024-04-14T16:45:00Z,16:45:00
20240414_164500.WAV,54,55,Certhia americana_Brown Creeper,0.5613692998886108,2024-04-14T16:45:00Z,16:45:00
20240331_194600.WAV,30,33,Turdus migratorius_American Robin,0.8571798205375671,2024-03-31T19:46:00Z,19:46:00
20240414_060000.WAV,21,24,Certhia americana_Brown Creeper,0.4533371031284332,2024-04-14T06:00:00Z,06:00:00
20240410_060900.WAV,0,3,Sayornis phoebe_Eastern Phoebe,0.5097537636756897,2024-04-10T06:09:00Z,06:09:00
20240410_060900.WAV,3,6,Sayornis phoebe_Eastern Phoebe,0.478394478559494,2024-04-10T06:09:00Z,06:09:00
20240410_060900.WAV,6,9,Sayornis phoebe_Eastern Phoebe,0.4014164805412293,2024-04-10T06:09:00Z,06:09:00
20240410_060900.WAV,12,15,Aix sponsa_Wood Duck,0.5172671675682068,2024-04-10T06:09:00Z,06:09:00
20240407_150000.WAV,0,3,Certhia americana_Brown Creeper,0.6618788838386536,2024-04-07T15:00:00Z,15:00:00
20240414_064500.WAV,6,9,Certhia americana_Brown Creeper,0.6282703280448914,2024-04-14T06:45:00Z,06:45:00
20240401_145200.WAV,33,36,Poecile gambeli_Mountain Chickadee,0.5574685335159302,2024-04-01T14:52:00Z,14:52:00
20240401_145200.WAV,39,42,Poecile gambeli_Mountain Chickadee,0.73769378662109375,2024-04-01T14:52:00Z,14:52:00
20240401_145200.WAV,45,48,Poecile gambeli_Mountain Chickadee,0.8632062077522278,2024-04-01T14:52:00Z,14:52:00
20240401_145200.WAV,48,51,Poecile gambeli_Mountain Chickadee,0.6441970467567444,2024-04-01T14:52:00Z,14:52:00
20240331_065000.WAV,9,12,Turdus migratorius_American Robin,0.4345152974128723,2024-03-31T06:50:00Z,06:50:00
20240331_065000.WAV,12,15,Turdus migratorius_American Robin,0.5077887773513794,2024-03-31T06:50:00Z,06:50:00
20240331_065000.WAV,15,18,Turdus migratorius_American Robin,0.4958032965660095,2024-03-31T06:50:00Z,06:50:00
20240331_065000.WAV,21,24,Turdus migratorius_American Robin,0.5163457989692688,2024-03-31T06:50:00Z,06:50:00
20240331_065000.WAV,42,45,Turdus migratorius_American Robin,0.41490691900253296,2024-03-31T06:50:00Z,06:50:00
20240331_065000.WAV,45,48,Turdus migratorius_American Robin,0.59638911485672,2024-03-31T06:50:00Z,06:50:00
20240331_065000.WAV,48,51,Turdus migratorius_American Robin,0.6768297553062439,2024-03-31T06:50:00Z,06:50:00
20240414_191600.WAV,3,6,Certhia americana_Brown Creeper,0.9460875988006592,2024-04-14T19:16:00Z,19:16:00
20240414_191600.WAV,15,18,Certhia americana_Brown Creeper,0.9694855809211732,2024-04-14T19:16:00Z,19:16:00
20240414_191600.WAV,24,27,Certhia americana_Brown Creeper,0.8508220911026001,2024-04-14T19:16:00Z,19:16:00
20240414_191600.WAV,33,36,Certhia americana_Brown Creeper,0.9086441397666932,2024-04-14T19:16:00Z,19:16:00
20240414_191600.WAV,36,39,Certhia americana_Brown Creeper,0.47531989216804504,2024-04-14T19:16:00Z,19:16:00
20240411_070000.WAV,9,12,Dryobates pubescens_Downy Woodpecker,0.8629768490791321,2024-04-11T07:00:00Z,07:00:00
20240411_070000.WAV,15,18,Dryobates pubescens_Downy Woodpecker,0.6067944765090942,2024-04-11T07:00:00Z,07:00:00
20240411_070000.WAV,39,42,Dryobates pubescens_Downy Woodpecker,0.42191842198371887,2024-04-11T07:00:00Z,07:00:00
20240410_163400.WAV,36,39,Poecile gambeli_Mountain Chickadee,0.40476205945014954,2024-04-10T16:34:00Z,16:34:00
20240410_163400.WAV,42,45,Poecile atricapillus_Black-capped Chickadee,0.4886636734008789,2024-04-10T16:34:00Z,16:34:00
20240402_144500.WAV,15,18,Porzana porzana_Spotted Crake,0.7305734753608704,2024-04-02T14:45:00Z,14:45:00
20240402_144500.WAV,18,21,Porzana porzana_Spotted Crake,0.620279848575592,2024-04-02T14:45:00Z,14:45:00
20240402_144500.WAV,21,24,Porzana porzana_Spotted Crake,0.4330492913722992,2024-04-02T14:45:00Z,14:45:00
20240402_144500.WAV,30,33,Porzana porzana_Spotted Crake,0.4762173295021057,2024-04-02T14:45:00Z,14:45:00
20240402_144500.WAV,36,39,Porzana porzana_Spotted Crake,0.62682044506073,2024-04-02T14:45:00Z,14:45:00
20240404_151700.WAV,0,3,Porzana porzana_Spotted Crake,0.720799446105957,2024-04-04T15:17:00Z,15:17:00
20240409_164800.WAV,51,54,Regulus satrapa_Golden-crowned Kinglet,0.44275304675102234,2024-04-09T16:48:00Z,16:48:00
20240415_070900.WAV,9,12,Dryobates pubescens_Downy Woodpecker,0.7058196067810059,2024-04-15T07:09:00Z,07:09:00
20240415_070900.WAV,30,33,Dryobates pubescens_Downy Woodpecker,0.4498055875301361,2024-04-15T07:09:00Z,07:09:00
20240409_064800.WAV,3,6,Certhia americana_Brown Creeper,0.5067304968833923,2024-04-09T06:48:00Z,06:48:00
20240409_064800.WAV,39,42,Certhia americana_Brown Creeper,0.6546260118484497,2024-04-09T06:48:00Z,06:48:00
20240409_064800.WAV,51,54,Certhia americana_Brown Creeper,0.7932201027870178,2024-04-09T06:48:00Z,06:48:00
20240410_063400.WAV,36,39,Certhia americana_Brown Creeper,0.4193847179412842,2024-04-10T06:34:00Z,06:34:00
20240407_191700.WAV,42,45,Strix varia_Barred Owl,0.6215082406997681,2024-04-07T19:17:00Z,19:17:00
20240331_151400.WAV,45,48,Corvus brachyrhynchos_American Crow,0.6117821931838989,2024-03-31T15:14:00Z,15:14:00
20240331_151400.WAV,48,51,Certhia americana_Brown Creeper,0.5519805550575256,2024-03-31T15:14:00Z,15:14:00
20240410_153500.WAV,36,39,Regulus regulus_Goldcrest,0.5412245988845825,2024-04-10T15:35:00Z,15:35:00
20240403_063500.WAV,0,3,Certhia americana_Brown Creeper,0.922583818435669,2024-04-03T06:35:00Z,06:35:00
20240403_063500.WAV,18,21,Certhia americana_Brown Creeper,0.78931725025177,2024-04-03T06:35:00Z,06:35:00
20240403_063500.WAV,27,30,Certhia americana_Brown Creeper,0.4460730850696564,2024-04-03T06:35:00Z,06:35:00
20240403_063500.WAV,36,39,Certhia americana_Brown Creeper,0.7254451513290405,2024-04-03T06:35:00Z,06:35:00
20240406_070800.WAV,24,27,Dryobates pubescens_Downy Woodpecker,0.5045982599258423,2024-04-06T07:08:00Z,07:08:00
20240406_070800.WAV,45,48,Dryobates pubescens_Downy Woodpecker,0.5710800290107727,2024-04-06T07:08:00Z,07:08:00
20240404_061600.WAV,0,3,Turdus migratorius_American Robin,0.7951586246490479,2024-04-04T06:16:00Z,06:16:00
20240404_061600.WAV,3,6,Turdus migratorius_American Robin,0.5601531267166138,2024-04-04T06:16:00Z,06:16:00
20240404_061600.WAV,6,9,Turdus migratorius_American Robin,0.449956327676773,2024-04-04T06:16:00Z,06:16:00
20240404_061600.WAV,9,12,Turdus migratorius_American Robin,0.43499135971069336,2024-04-04T06:16:00Z,06:16:00
20240404_061600.WAV,12,15,Turdus migratorius_American Robin,0.5656803846359253,2024-04-04T06:16:00Z,06:16:00
20240404_061600.WAV,15,18,Turdus migratorius_American Robin,0.8011518120765686,2024-04-04T06:16:00Z,06:16:00
20240404_061600.WAV,18,21,Turdus migratorius_American Robin,0.6611288785934448,2024-04-04T06:16:00Z,06:16:00
20240404_061600.WAV,21,24,Turdus migratorius_American Robin,0.6739450693130493,2024-04-04T06:16:00Z,06:16:00
20240404_061600.WAV,24,27,Turdus migratorius_American Robin,0.5872012376785278,2024-04-04T06:16:00Z,06:16:00
20240404_061600.WAV,27,30,Turdus migratorius_American Robin,0.7262518405914307,2024-04-04T06:16:00Z,06:16:00
20240404_061600.WAV,30,33,Turdus migratorius_American Robin,0.5817373394966125,2024-04-04T06:16:00Z,06:16:00
20240404_061600.WAV,36,39,Turdus migratorius_American Robin,0.4838112592697144,2024-04-04T06:16:00Z,06:16:00
20240404_061600.WAV,45,48,Turdus migratorius_American Robin,0.5113762021064758,2024-04-04T06:16:00Z,06:16:00
20240404_061600.WAV,48,51,Turdus migratorius_American Robin,0.5614968538284302,2024-04-04T06:16:00Z,06:16:00
20240404_061600.WAV,51,54,Turdus migratorius_American Robin,0.5167798399925232,2024-04-04T06:16:00Z,06:16:00
20240415_140800.WAV,15,18,Corvus brachyrhynchos_American Crow,0.6705223917961121,2024-04-15T14:08:00Z,14:08:00
20240415_140800.WAV,18,21,Corvus brachyrhynchos_American Crow,0.41170620918273926,2024-04-15T14:08:00Z,14:08:00
20240415_140800.WAV,33,36,Corvus brachyrhynchos_American Crow,0.45500075817108154,2024-04-15T14:08:00Z,14:08:00
20240402_070100.WAV,6,9,Turdus migratorius_American Robin,0.47843149304389954,2024-04-02T07:01:00Z,07:01:00
20240402_070100.WAV,18,21,Turdus migratorius_American Robin,0.4098888039588928,2024-04-02T07:01:00Z,07:01:00
20240402_070100.WAV,33,36,Turdus migratorius_American Robin,0.6299026608467102,2024-04-02T07:01:00Z,07:01:00
20240402_070100.WAV,36,39,Turdus migratorius_American Robin,0.6178426146507263,2024-04-02T07:01:00Z,07:01:00
20240413_140200.WAV,0,3,Certhia americana_Brown Creeper,0.4220038652420044,2024-04-13T14:02:00Z,14:02:00
20240413_140200.WAV,6,9,Certhia americana_Brown Creeper,0.408479779958725,2024-04-13T14:02:00Z,14:02:00
20240413_140200.WAV,18,21,Certhia americana_Brown Creeper,0.8573924899101257,2024-04-13T14:02:00Z,14:02:00
20240413_140200.WAV,36,39,Certhia americana_Brown Creeper,0.6088546514511108,2024-04-13T14:02:00Z,14:02:00
20240415_155000.WAV,3,6,Regulus regulus_Goldcrest,0.4355435371398926,2024-04-15T15:50:00Z,15:50:00
20240415_155000.WAV,9,12,Certhia americana_Brown Creeper,0.446453720331192,2024-04-15T15:50:00Z,15:50:00
20240415_155000.WAV,33,36,Certhia americana_Brown Creeper,0.5968906283378601,2024-04-15T15:50:00Z,15:50:00
20240415_155000.WAV,42,45,Certhia americana_Brown Creeper,0.6339869499206543,2024-04-15T15:50:00Z,15:50:00
20240402_065900.WAV,12,15,Turdus migratorius_American Robin,0.5170500874519348,2024-04-02T06:59:00Z,06:59:00
20240402_065900.WAV,18,21,Regulus regulus_Goldcrest,0.8622671365737915,2024-04-02T06:59:00Z,06:59:00
20240402_065900.WAV,24,27,Turdus migratorius_American Robin,0.6209095120429993,2024-04-02T06:59:00Z,06:59:00
20240402_065900.WAV,42,45,Turdus migratorius_American Robin,0.43240681290626526,2024-04-02T06:59:00Z,06:59:00
20240402_065900.WAV,45,48,Turdus migratorius_American Robin,0.4575459063053131,2024-04-02T06:59:00Z,06:59:00
20240406_061500.WAV,3,6,Turdus migratorius_American Robin,0.4483234584331513,2024-04-06T06:15:00Z,06:15:00
20240406_061500.WAV,9,12,Turdus migratorius_American Robin,0.40758016705513,2024-04-06T06:15:00Z,06:15:00
20240406_061500.WAV,21,24,Turdus migratorius_American Robin,0.6474989056587219,2024-04-06T06:15:00Z,06:15:00
20240406_061500.WAV,24,27,Turdus migratorius_American Robin,0.7549735903739929,2024-04-06T06:15:00Z,06:15:00
20240406_061500.WAV,30,33,Turdus migratorius_American Robin,0.5612408518791199,2024-04-06T06:15:00Z,06:15:00
20240406_061500.WAV,36,39,Turdus migratorius_American Robin,0.8815730810165405,2024-04-06T06:15:00Z,06:15:00
20240406_061500.WAV,39,42,Turdus migratorius_American Robin,0.7156583666801453,2024-04-06T06:15:00Z,06:15:00
20240406_061500.WAV,42,45,Turdus migratorius_American Robin,0.6772561073303223,2024-04-06T06:15:00Z,06:15:00
20240411_055900.WAV,51,54,Turdus migratorius_American Robin,0.4188697040081024,2024-04-11T05:59:00Z,05:59:00
20240401_063600.WAV,15,18,Nucifraga caryocatactes_Eurasian Nutcracker,0.47022709250450134,2024-04-01T06:36:00Z,06:36:00
20240409_141100.WAV,21,24,Certhia americana_Brown Creeper,0.6048831343650818,2024-04-09T14:11:00Z,14:11:00
20240331_070800.WAV,3,6,Turdus migratorius_American Robin,0.4042898416519165,2024-03-31T07:08:00Z,07:08:00
20240331_070800.WAV,21,24,Turdus migratorius_American Robin,0.5462847948074341,2024-03-31T07:08:00Z,07:08:00
20240331_070800.WAV,24,27,Turdus migratorius_American Robin,0.6758350133895874,2024-03-31T07:08:00Z,07:08:00
20240331_070800.WAV,33,36,Turdus migratorius_American Robin,0.518629789352417,2024-03-31T07:08:00Z,07:08:00
20240331_070800.WAV,39,42,Turdus migratorius_American Robin,0.4140298068523407,2024-03-31T07:08:00Z,07:08:00
20240402_055800.WAV,18,21,Turdus migratorius_American Robin,0.40975767374038696,2024-04-02T05:58:00Z,05:58:00
20240402_055800.WAV,45,48,Turdus migratorius_American Robin,0.6002196669578552,2024-04-02T05:58:00Z,05:58:00
20240412_063700.WAV,24,27,Poecile atricapillus_Black-capped Chickadee,0.43520140647888184,2024-04-12T06:37:00Z,06:37:00
20240412_063700.WAV,51,54,Poecile atricapillus_Black-capped Chickadee,0.4483186602592468,2024-04-12T06:37:00Z,06:37:00
20240409_071000.WAV,3,6,Certhia americana_Brown Creeper,0.8379141092300415,2024-04-09T07:10:00Z,07:10:00
20240409_071000.WAV,27,30,Certhia americana_Brown Creeper,0.5492019057273865,2024-04-09T07:10:00Z,07:10:00
20240409_071000.WAV,51,54,Regulus satrapa_Golden-crowned Kinglet,0.47436681389808655,2024-04-09T07:10:00Z,07:10:00
20240409_071000.WAV,54,55,Aix sponsa_Wood Duck,0.6847860217094421,2024-04-09T07:10:00Z,07:10:00
20240330_191700.WAV,0,3,Turdus migratorius_American Robin,0.41643720865249634,2024-03-30T19:17:00Z,19:17:00
20240330_191700.WAV,21,24,Turdus migratorius_American Robin,0.5078428387641907,2024-03-30T19:17:00Z,19:17:00
20240330_191700.WAV,33,36,Turdus migratorius_American Robin,0.5925908088684082,2024-03-30T19:17:00Z,19:17:00
20240330_191700.WAV,36,39,Turdus migratorius_American Robin,0.7048226594924927,2024-03-30T19:17:00Z,19:17:00
20240330_191700.WAV,42,45,Turdus migratorius_American Robin,0.4577004909515381,2024-03-30T19:17:00Z,19:17:00
20240330_191700.WAV,45,48,Turdus migratorius_American Robin,0.4021642506122589,2024-03-30T19:17:00Z,19:17:00
20240330_191700.WAV,51,54,Turdus migratorius_American Robin,0.5621048212051392,2024-03-30T19:17:00Z,19:17:00
20240415_065100.WAV,6,9,Botaurus lentiginosus_American Bittern,0.5866183638572693,2024-04-15T06:51:00Z,06:51:00
20240415_065100.WAV,15,18,Botaurus lentiginosus_American Bittern,0.5938494801521301,2024-04-15T06:51:00Z,06:51:00
20240415_065100.WAV,30,33,Sitta carolinensis_White-breasted Nuthatch,0.752245306968689,2024-04-15T06:51:00Z,06:51:00
20240415_065100.WAV,39,42,Sitta carolinensis_White-breasted Nuthatch,0.4612273871898651,2024-04-15T06:51:00Z,06:51:00
20240415_065100.WAV,42,45,Sitta carolinensis_White-breasted Nuthatch,0.44300752878189087,2024-04-15T06:51:00Z,06:51:00
20240408_062400.WAV,3,6,Poecile atricapillus_Black-capped Chickadee,0.49927958846092224,2024-04-08T06:24:00Z,06:24:00
20240411_065800.WAV,3,6,Dryobates pubescens_Downy Woodpecker,0.7046927213668823,2024-04-11T06:58:00Z,06:58:00
20240411_065800.WAV,6,9,Dryobates pubescens_Downy Woodpecker,0.49880173802375793,2024-04-11T06:58:00Z,06:58:00
20240411_065800.WAV,24,27,Dryobates pubescens_Downy Woodpecker,0.5036076307296753,2024-04-11T06:58:00Z,06:58:00
20240411_065800.WAV,48,51,Dryobates pubescens_Downy Woodpecker,0.6012498140335083,2024-04-11T06:58:00Z,06:58:00
20240411_065800.WAV,51,54,Dryobates pubescens_Downy Woodpecker,0.9179838299751282,2024-04-11T06:58:00Z,06:58:00
20240415_061400.WAV,9,12,Botaurus lentiginosus_American Bittern,0.5049477219581604,2024-04-15T06:14:00Z,06:14:00
20240415_061400.WAV,30,33,Certhia americana_Brown Creeper,0.6352887153625488,2024-04-15T06:14:00Z,06:14:00
20240415_061400.WAV,39,42,Certhia americana_Brown Creeper,0.49205541610717773,2024-04-15T06:14:00Z,06:14:00
20240415_061400.WAV,51,54,Botaurus lentiginosus_American Bittern,0.7220802903175354,2024-04-15T06:14:00Z,06:14:00
20240410_153700.WAV,18,21,Certhia americana_Brown Creeper,0.45630910992622375,2024-04-10T15:37:00Z,15:37:00
20240410_153700.WAV,45,48,Certhia americana_Brown Creeper,0.7225912809371948,2024-04-10T15:37:00Z,15:37:00
20240403_063700.WAV,6,9,Certhia americana_Brown Creeper,0.6082346439361572,2024-04-03T06:37:00Z,06:37:00
20240403_063700.WAV,21,24,Poecile atricapillus_Black-capped Chickadee,0.5433155298233032,2024-04-03T06:37:00Z,06:37:00
20240403_063700.WAV,36,39,Poecile atricapillus_Black-capped Chickadee,0.4523701965808869,2024-04-03T06:37:00Z,06:37:00
20240403_063700.WAV,39,42,Poecile atricapillus_Black-capped Chickadee,0.6398240923881531,2024-04-03T06:37:00Z,06:37:00
20240403_063700.WAV,45,48,Poecile atricapillus_Black-capped Chickadee,0.5204331278800964,2024-04-03T06:37:00Z,06:37:00
20240403_063700.WAV,48,51,Poecile atricapillus_Black-capped Chickadee,0.4849284291267395,2024-04-03T06:37:00Z,06:37:00
20240411_140300.WAV,3,6,Certhia americana_Brown Creeper,0.4417716860771179,2024-04-11T14:03:00Z,14:03:00
20240411_140300.WAV,15,18,Certhia americana_Brown Creeper,0.6374074220657349,2024-04-11T14:03:00Z,14:03:00
20240411_140300.WAV,24,27,Certhia americana_Brown Creeper,0.8897258043289185,2024-04-11T14:03:00Z,14:03:00
20240411_140300.WAV,36,39,Certhia americana_Brown Creeper,0.9220954179763794,2024-04-11T14:03:00Z,14:03:00
20240411_140300.WAV,42,45,Certhia americana_Brown Creeper,0.5742027759552002,2024-04-11T14:03:00Z,14:03:00
20240411_140300.WAV,45,48,Certhia americana_Brown Creeper,0.6434466242790222,2024-04-11T14:03:00Z,14:03:00
20240404_061400.WAV,0,3,Turdus migratorius_American Robin,0.5454835891723633,2024-04-04T06:14:00Z,06:14:00
20240404_061400.WAV,3,6,Turdus migratorius_American Robin,0.5248928666114807,2024-04-04T06:14:00Z,06:14:00
20240404_061400.WAV,21,24,Turdus migratorius_American Robin,0.6069466471672058,2024-04-04T06:14:00Z,06:14:00
20240404_061400.WAV,24,27,Turdus migratorius_American Robin,0.5809664726257324,2024-04-04T06:14:00Z,06:14:00
20240404_061400.WAV,30,33,Turdus migratorius_American Robin,0.47129935026168823,2024-04-04T06:14:00Z,06:14:00
20240402_070300.WAV,39,42,Dryobates pubescens_Downy Woodpecker,0.5443856120109558,2024-04-02T07:03:00Z,07:03:00
20240402_070300.WAV,48,51,Branta canadensis_Canada Goose,0.5241999626159668,2024-04-02T07:03:00Z,07:03:00
20240402_070300.WAV,51,54,Corvus brachyrhynchos_American Crow,0.8119031190872192,2024-04-02T07:03:00Z,07:03:00
20240411_144600.WAV,48,51,Certhia americana_Brown Creeper,0.715053379535675,2024-04-11T14:46:00Z,14:46:00
20240404_065100.WAV,6,9,Porzana porzana_Spotted Crake,0.4119637906551361,2024-04-04T06:51:00Z,06:51:00
20240404_065100.WAV,12,15,Porzana porzana_Spotted Crake,0.6738799214363098,2024-04-04T06:51:00Z,06:51:00
20240404_065100.WAV,39,42,Porzana porzana_Spotted Crake,0.5937793850898743,2024-04-04T06:51:00Z,06:51:00
20240331_151600.WAV,15,18,Certhia americana_Brown Creeper,0.8713923096656799,2024-03-31T15:16:00Z,15:16:00
20240331_151600.WAV,18,21,Corvus brachyrhynchos_American Crow,0.40146875381469727,2024-03-31T15:16:00Z,15:16:00
20240331_151600.WAV,33,36,Corvus brachyrhynchos_American Crow,0.4798898994922638,2024-03-31T15:16:00Z,15:16:00
20240411_070200.WAV,3,6,Certhia americana_Brown Creeper,0.5438440442085266,2024-04-11T07:02:00Z,07:02:00
20240411_070200.WAV,48,51,Certhia americana_Brown Creeper,0.8756915926933289,2024-04-11T07:02:00Z,07:02:00
20240402_144700.WAV,15,18,Porzana porzana_Spotted Crake,0.5741608142852783,2024-04-02T14:47:00Z,14:47:00
20240402_144700.WAV,48,51,Porzana porzana_Spotted Crake,0.5190311074256897,2024-04-02T14:47:00Z,14:47:00
20240410_163600.WAV,9,12,Sphyrapicus varius_Yellow-bellied Sapsucker,0.731982946395874,2024-04-10T16:36:00Z,16:36:00
20240410_163600.WAV,33,36,Sphyrapicus varius_Yellow-bellied Sapsucker,0.5615175366401672,2024-04-10T16:36:00Z,16:36:00
20240410_163600.WAV,48,51,Sphyrapicus varius_Yellow-bellied Sapsucker,0.5071755051612854,2024-04-10T16:36:00Z,16:36:00
20240413_065900.WAV,12,15,Aix sponsa_Wood Duck,0.9866245985031128,2024-04-13T06:59:00Z,06:59:00
20240413_065900.WAV,15,18,Aix sponsa_Wood Duck,0.8225782513618469,2024-04-13T06:59:00Z,06:59:00
20240413_065900.WAV,18,21,Botaurus lentiginosus_American Bittern,0.4538164436817169,2024-04-13T06:59:00Z,06:59:00
20240413_065900.WAV,24,27,Aix sponsa_Wood Duck,0.7289165258407593,2024-04-13T06:59:00Z,06:59:00
20240413_065900.WAV,27,30,Aix sponsa_Wood Duck,0.6120105981826782,2024-04-13T06:59:00Z,06:59:00
20240413_065900.WAV,39,42,Aix sponsa_Wood Duck,0.6135789155960083,2024-04-13T06:59:00Z,06:59:00
20240413_065900.WAV,45,48,Aix sponsa_Wood Duck,0.5650335550308228,2024-04-13T06:59:00Z,06:59:00
20240413_065900.WAV,51,54,Aix sponsa_Wood Duck,0.8032708168029785,2024-04-13T06:59:00Z,06:59:00
20240410_063600.WAV,12,15,Certhia americana_Brown Creeper,0.6820794939994812,2024-04-10T06:36:00Z,06:36:00
20240410_063600.WAV,15,18,Dryobates pubescens_Downy Woodpecker,0.8475441336631775,2024-04-10T06:36:00Z,06:36:00
20240410_063600.WAV,24,27,Certhia americana_Brown Creeper,0.8679168224334717,2024-04-10T06:36:00Z,06:36:00
20240410_063600.WAV,36,39,Certhia americana_Brown Creeper,0.501738965511322,2024-04-10T06:36:00Z,06:36:00
20240410_063600.WAV,48,51,Certhia americana_Brown Creeper,0.8946114778518677,2024-04-10T06:36:00Z,06:36:00
20240331_061700.WAV,0,3,Turdus migratorius_American Robin,0.41738373041152954,2024-03-31T06:17:00Z,06:17:00
20240331_061700.WAV,15,18,Turdus migratorius_American Robin,0.5026306509971619,2024-03-31T06:17:00Z,06:17:00
20240331_061700.WAV,21,24,Turdus migratorius_American Robin,0.4635060131549835,2024-03-31T06:17:00Z,06:17:00
20240331_061700.WAV,24,27,Turdus migratorius_American Robin,0.48196032643318176,2024-03-31T06:17:00Z,06:17:00
20240331_061700.WAV,36,39,Turdus migratorius_American Robin,0.4445324242115021,2024-03-31T06:17:00Z,06:17:00
20240414_195100.WAV,6,9,Branta canadensis_Canada Goose,0.5281915068626404,2024-04-14T19:51:00Z,19:51:00
20240414_195100.WAV,9,12,Branta canadensis_Canada Goose,0.8223936557769775,2024-04-14T19:51:00Z,19:51:00
20240414_195100.WAV,24,27,Aegolius acadicus_Northern Saw-whet Owl,0.4251066744327545,2024-04-14T19:51:00Z,19:51:00
20240414_195100.WAV,39,42,Turdus migratorius_American Robin,0.5618424415588379,2024-04-14T19:51:00Z,19:51:00
20240331_065200.WAV,6,9,Turdus migratorius_American Robin,0.6271326541900635,2024-03-31T06:52:00Z,06:52:00
20240331_065200.WAV,18,21,Turdus migratorius_American Robin,0.865166962146759,2024-03-31T06:52:00Z,06:52:00
20240331_065200.WAV,24,27,Turdus migratorius_American Robin,0.5913863182067871,2024-03-31T06:52:00Z,06:52:00
20240331_065200.WAV,27,30,Turdus migratorius_American Robin,0.5880054831504822,2024-03-31T06:52:00Z,06:52:00
20240331_065200.WAV,30,33,Turdus migratorius_American Robin,0.5106746554374695,2024-03-31T06:52:00Z,06:52:00
20240331_065200.WAV,39,42,Turdus migratorius_American Robin,0.45331740379333496,2024-03-31T06:52:00Z,06:52:00
20240331_065200.WAV,42,45,Turdus migratorius_American Robin,0.45752763748168945,2024-03-31T06:52:00Z,06:52:00
20240331_065200.WAV,48,51,Turdus migratorius_American Robin,0.5914445519447327,2024-03-31T06:52:00Z,06:52:00
20240412_063500.WAV,42,45,Poecile atricapillus_Black-capped Chickadee,0.4802607595920563,2024-04-12T06:35:00Z,06:35:00
20240412_063500.WAV,51,54,Poecile atricapillus_Black-capped Chickadee,0.4369733929634094,2024-04-12T06:35:00Z,06:35:00
20240415_161600.WAV,45,48,Porzana porzana_Spotted Crake,0.4033849537372589,2024-04-15T16:16:00Z,16:16:00
20240413_070100.WAV,6,9,Aix sponsa_Wood Duck,0.8956950902938843,2024-04-13T07:01:00Z,07:01:00
20240413_070100.WAV,9,12,Aix sponsa_Wood Duck,0.9657026529312134,2024-04-13T07:01:00Z,07:01:00
20240413_070100.WAV,15,18,Aix sponsa_Wood Duck,0.8597367405891418,2024-04-13T07:01:00Z,07:01:00
20240413_070100.WAV,21,24,Aix sponsa_Wood Duck,0.945685625076294,2024-04-13T07:01:00Z,07:01:00
20240413_070100.WAV,27,30,Aix sponsa_Wood Duck,0.9427000880241394,2024-04-13T07:01:00Z,07:01:00
20240413_070100.WAV,33,36,Aix sponsa_Wood Duck,0.915704607963562,2024-04-13T07:01:00Z,07:01:00
20240413_070100.WAV,39,42,Aix sponsa_Wood Duck,0.8853785991668701,2024-04-13T07:01:00Z,07:01:00
20240413_070100.WAV,42,45,Aix sponsa_Wood Duck,0.45653659105300903,2024-04-13T07:01:00Z,07:01:00
20240413_070100.WAV,51,54,Aix sponsa_Wood Duck,0.988198220729828,2024-04-13T07:01:00Z,07:01:00
20240330_191500.WAV,9,12,Turdus migratorius_American Robin,0.5938493013381958,2024-03-30T19:15:00Z,19:15:00
20240330_191500.WAV,12,15,Turdus migratorius_American Robin,0.587864100933075,2024-03-30T19:15:00Z,19:15:00
20240330_191500.WAV,15,18,Turdus migratorius_American Robin,0.4597911536693573,2024-03-30T19:15:00Z,19:15:00
20240330_191500.WAV,18,21,Turdus migratorius_American Robin,0.8450701832771301,2024-03-30T19:15:00Z,19:15:00
20240330_191500.WAV,21,24,Turdus migratorius_American Robin,0.43120598793029785,2024-03-30T19:15:00Z,19:15:00
20240330_191500.WAV,24,27,Turdus migratorius_American Robin,0.4975823163986206,2024-03-30T19:15:00Z,19:15:00
20240330_191500.WAV,27,30,Turdus migratorius_American Robin,0.6245558261871338,2024-03-30T19:15:00Z,19:15:00
20240330_191500.WAV,30,33,Turdus migratorius_American Robin,0.7208843231201172,2024-03-30T19:15:00Z,19:15:00
20240330_191500.WAV,36,39,Turdus migratorius_American Robin,0.42855995893478394,2024-03-30T19:15:00Z,19:15:00
20240330_191500.WAV,45,48,Turdus migratorius_American Robin,0.6780992746353149,2024-03-30T19:15:00Z,19:15:00
20240330_191500.WAV,51,54,Turdus migratorius_American Robin,0.7482314109802246,2024-03-30T19:15:00Z,19:15:00
20240406_151600.WAV,30,33,Anas platyrhynchos_Mallard,0.6018690466880798,2024-04-06T15:16:00Z,15:16:00
20240406_151600.WAV,33,36,Anas platyrhynchos_Mallard,0.8396617770195007,2024-04-06T15:16:00Z,15:16:00
20240406_151600.WAV,36,39,Anas platyrhynchos_Mallard,0.8716610670089722,2024-04-06T15:16:00Z,15:16:00
20240406_151600.WAV,39,42,Anas platyrhynchos_Mallard,0.831855058670044,2024-04-06T15:16:00Z,15:16:00
20240406_151600.WAV,42,45,Anas platyrhynchos_Mallard,0.8014683127403259,2024-04-06T15:16:00Z,15:16:00
20240406_151600.WAV,45,48,Anas platyrhynchos_Mallard,0.6266269683837891,2024-04-06T15:16:00Z,15:16:00
20240406_151600.WAV,48,51,Anas platyrhynchos_Mallard,0.6490750312805176,2024-04-06T15:16:00Z,15:16:00
20240406_151600.WAV,51,54,Anas platyrhynchos_Mallard,0.8263373374938965,2024-04-06T15:16:00Z,15:16:00
20240406_151600.WAV,54,55,Anas platyrhynchos_Mallard,0.5598421692848206,2024-04-06T15:16:00Z,15:16:00
20240415_065300.WAV,33,36,Certhia americana_Brown Creeper,0.5261034369468689,2024-04-15T06:53:00Z,06:53:00
20240415_065300.WAV,39,42,Certhia americana_Brown Creeper,0.4301888346672058,2024-04-15T06:53:00Z,06:53:00
20240330_195000.WAV,48,51,Branta canadensis_Canada Goose,0.4513835310935974,2024-03-30T19:50:00Z,19:50:00
20240415_061600.WAV,0,3,Certhia americana_Brown Creeper,0.7873072028160095,2024-04-15T06:16:00Z,06:16:00
20240415_061600.WAV,9,12,Certhia americana_Brown Creeper,0.7496264576911926,2024-04-15T06:16:00Z,06:16:00
20240415_061600.WAV,24,27,Certhia americana_Brown Creeper,0.9044290781021118,2024-04-15T06:16:00Z,06:16:00
20240415_061600.WAV,33,36,Certhia americana_Brown Creeper,0.8643322587013245,2024-04-15T06:16:00Z,06:16:00
20240415_061600.WAV,36,39,Certhia americana_Brown Creeper,0.8067535161972046,2024-04-15T06:16:00Z,06:16:00
20240415_061600.WAV,45,48,Certhia americana_Brown Creeper,0.5382931232452393,2024-04-15T06:16:00Z,06:16:00
20240413_140000.WAV,33,36,Regulus satrapa_Golden-crowned Kinglet,0.5364165306091309,2024-04-13T14:00:00Z,14:00:00
20240413_140000.WAV,51,54,Certhia americana_Brown Creeper,0.7764724493026733,2024-04-13T14:00:00Z,14:00:00
20240415_155200.WAV,6,9,Certhia americana_Brown Creeper,0.6561455130577087,2024-04-15T15:52:00Z,15:52:00
20240406_061700.WAV,42,45,Certhia americana_Brown Creeper,0.6400705575942993,2024-04-06T06:17:00Z,06:17:00
20240401_163400.WAV,15,18,Anas platyrhynchos_Mallard,0.5634278059005737,2024-04-01T16:34:00Z,16:34:00
20240401_163400.WAV,18,21,Anas platyrhynchos_Mallard,0.6805346608161926,2024-04-01T16:34:00Z,16:34:00
20240406_065200.WAV,33,36,Turdus migratorius_American Robin,0.4356189966201782,2024-04-06T06:52:00Z,06:52:00
20240412_153400.WAV,18,21,Porzana porzana_Spotted Crake,0.4768210649490357,2024-04-12T15:34:00Z,15:34:00
20240401_063400.WAV,9,12,Turdus migratorius_American Robin,0.7245222330093384,2024-04-01T06:34:00Z,06:34:00
20240401_063400.WAV,18,21,Corvus brachyrhynchos_American Crow,0.5169844031333923,2024-04-01T06:34:00Z,06:34:00
20240402_062300.WAV,27,30,Certhia americana_Brown Creeper,0.48064571619033813,2024-04-02T06:23:00Z,06:23:00
20240402_062300.WAV,39,42,Certhia americana_Brown Creeper,0.522239625453949,2024-04-02T06:23:00Z,06:23:00
20240402_062300.WAV,39,42,Regulus regulus_Goldcrest,0.6583539247512817,2024-04-02T06:23:00Z,06:23:00
20240402_062300.WAV,42,45,Certhia americana_Brown Creeper,0.5370706915855408,2024-04-02T06:23:00Z,06:23:00
20240411_152300.WAV,6,9,Certhia americana_Brown Creeper,0.97141832113266,2024-04-11T15:23:00Z,15:23:00
20240411_152300.WAV,24,27,Certhia americana_Brown Creeper,0.9850673675537108,2024-04-11T15:23:00Z,15:23:00
20240411_152300.WAV,33,36,Anas platyrhynchos_Mallard,0.5222707986831665,2024-04-11T15:23:00Z,15:23:00
20240411_152300.WAV,39,42,Certhia americana_Brown Creeper,0.9862085580825806,2024-04-11T15:23:00Z,15:23:00
20240411_152300.WAV,48,51,Certhia americana_Brown Creeper,0.9781349897384644,2024-04-11T15:23:00Z,15:23:00
20240411_152300.WAV,51,54,Certhia americana_Brown Creeper,0.702328085899353,2024-04-11T15:23:00Z,15:23:00
20240401_060900.WAV,0,3,Turdus migratorius_American Robin,0.59723663330078125,2024-04-01T06:09:00Z,06:09:00
20240401_060900.WAV,3,6,Turdus migratorius_American Robin,0.46105313301086426,2024-04-01T06:09:00Z,06:09:00
20240401_060900.WAV,6,9,Turdus migratorius_American Robin,0.5524362325668335,2024-04-01T06:09:00Z,06:09:00
20240401_060900.WAV,15,18,Turdus migratorius_American Robin,0.720192551612854,2024-04-01T06:09:00Z,06:09:00
20240401_060900.WAV,18,21,Turdus migratorius_American Robin,0.5454558730125427,2024-04-01T06:09:00Z,06:09:00
20240401_060900.WAV,21,24,Turdus migratorius_American Robin,0.4856702983379364,2024-04-01T06:09:00Z,06:09:00
20240401_060900.WAV,27,30,Turdus migratorius_American Robin,0.5253652334213257,2024-04-01T06:09:00Z,06:09:00
20240401_060900.WAV,30,33,Turdus migratorius_American Robin,0.7913486957550049,2024-04-01T06:09:00Z,06:09:00
20240401_060900.WAV,33,36,Turdus migratorius_American Robin,0.8147153854370117,2024-04-01T06:09:00Z,06:09:00
20240401_060900.WAV,36,39,Turdus migratorius_American Robin,0.7307140231132507,2024-04-01T06:09:00Z,06:09:00
20240401_060900.WAV,48,51,Turdus migratorius_American Robin,0.8187132477760315,2024-04-01T06:09:00Z,06:09:00
20240401_060900.WAV,51,54,Turdus migratorius_American Robin,0.8297707438468933,2024-04-01T06:09:00Z,06:09:00
20240405_064500.WAV,6,9,Turdus migratorius_American Robin,0.4079974889755249,2024-04-05T06:45:00Z,06:45:00
20240405_064500.WAV,12,15,Turdus migratorius_American Robin,0.57487952709198,2024-04-05T06:45:00Z,06:45:00
20240410_145200.WAV,0,3,Turdus migratorius_American Robin,0.4523936212062836,2024-04-10T14:52:00Z,14:52:00
20240410_145200.WAV,3,6,Turdus migratorius_American Robin,0.4224711060523987,2024-04-10T14:52:00Z,14:52:00
20240410_145200.WAV,42,45,Turdus migratorius_American Robin,0.5041723251342773,2024-04-10T14:52:00Z,14:52:00
20240412_150900.WAV,42,45,Aix sponsa_Wood Duck,0.43341004848480225,2024-04-12T15:09:00Z,15:09:00
20240412_150900.WAV,48,51,Aix sponsa_Wood Duck,0.5182376503944397,2024-04-12T15:09:00Z,15:09:00
20240406_194400.WAV,6,9,Turdus migratorius_American Robin,0.448863685131073,2024-04-06T19:44:00Z,19:44:00
20240406_194400.WAV,15,18,Turdus migratorius_American Robin,0.8000759482383728,2024-04-06T19:44:00Z,19:44:00
20240406_194400.WAV,27,30,Turdus migratorius_American Robin,0.7239605188369751,2024-04-06T19:44:00Z,19:44:00
20240406_194400.WAV,33,36,Turdus migratorius_American Robin,0.4827083945274353,2024-04-06T19:44:00Z,19:44:00
20240406_194400.WAV,39,42,Turdus migratorius_American Robin,0.4387160837650299,2024-04-06T19:44:00Z,19:44:00
20240406_194400.WAV,45,48,Turdus migratorius_American Robin,0.8174126148223877,2024-04-06T19:44:00Z,19:44:00
20240416_060100.WAV,42,45,Corvus brachyrhynchos_American Crow,0.6643246412277222,2024-04-16T06:01:00Z,06:01:00
20240416_060100.WAV,42,45,Poecile atricapillus_Black-capped Chickadee,0.9020450115203856,2024-04-16T06:01:00Z,06:01:00
20240412_060800.WAV,24,27,Certhia americana_Brown Creeper,0.40432208776474,2024-04-12T06:08:00Z,06:08:00
20240411_162200.WAV,48,51,Regulus regulus_Goldcrest,0.9435017704963684,2024-04-11T16:22:00Z,16:22:00
20240411_062200.WAV,0,3,Certhia americana_Brown Creeper,0.5078129768371582,2024-04-11T06:22:00Z,06:22:00
20240411_062200.WAV,33,36,Certhia americana_Brown Creeper,0.8643890619277954,2024-04-11T06:22:00Z,06:22:00
20240411_062200.WAV,36,39,Certhia americana_Brown Creeper,0.5575319528579712,2024-04-11T06:22:00Z,06:22:00
20240411_062200.WAV,39,42,Certhia americana_Brown Creeper,0.5938852429389954,2024-04-11T06:22:00Z,06:22:00
20240330_192800.WAV,0,3,Turdus migratorius_American Robin,0.5676451921463013,2024-03-30T19:28:00Z,19:28:00
20240330_192800.WAV,3,6,Turdus migratorius_American Robin,0.4525761604309082,2024-03-30T19:28:00Z,19:28:00
20240330_192800.WAV,6,9,Turdus migratorius_American Robin,0.7432249784469604,2024-03-30T19:28:00Z,19:28:00
20240330_192800.WAV,9,12,Turdus migratorius_American Robin,0.43925783038139343,2024-03-30T19:28:00Z,19:28:00
20240330_192800.WAV,12,15,Turdus migratorius_American Robin,0.4914695024490357,2024-03-30T19:28:00Z,19:28:00
20240330_192800.WAV,21,24,Turdus migratorius_American Robin,0.6240559816360474,2024-03-30T19:28:00Z,19:28:00
20240330_192800.WAV,27,30,Turdus migratorius_American Robin,0.5831359028816223,2024-03-30T19:28:00Z,19:28:00
20240330_192800.WAV,36,39,Turdus migratorius_American Robin,0.4479717016220093,2024-03-30T19:28:00Z,19:28:00
20240330_192800.WAV,45,48,Turdus migratorius_American Robin,0.6619107127189636,2024-03-30T19:28:00Z,19:28:00
20240330_192800.WAV,48,51,Turdus migratorius_American Robin,0.7806352972984314,2024-03-30T19:28:00Z,19:28:00
20240415_190000.WAV,9,12,Certhia americana_Brown Creeper,0.9403736591339112,2024-04-15T19:00:00Z,19:00:00
20240415_190000.WAV,18,21,Certhia americana_Brown Creeper,0.9524425268173218,2024-04-15T19:00:00Z,19:00:00
20240415_190000.WAV,21,24,Certhia americana_Brown Creeper,0.9450730085372924,2024-04-15T19:00:00Z,19:00:00
20240415_190000.WAV,30,33,Certhia americana_Brown Creeper,0.8836958408355713,2024-04-15T19:00:00Z,19:00:00
20240415_190000.WAV,45,48,Certhia americana_Brown Creeper,0.7917921543121338,2024-04-15T19:00:00Z,19:00:00
20240408_193000.WAV,0,3,Certhia americana_Brown Creeper,0.5801681280136108,2024-04-08T19:30:00Z,19:30:00
20240408_193000.WAV,6,9,Certhia americana_Brown Creeper,0.7676598429679871,2024-04-08T19:30:00Z,19:30:00
20240408_193000.WAV,12,15,Certhia americana_Brown Creeper,0.8551775813102722,2024-04-08T19:30:00Z,19:30:00
20240408_193000.WAV,30,33,Certhia americana_Brown Creeper,0.8730399012565613,2024-04-08T19:30:00Z,19:30:00
20240408_193000.WAV,39,42,Certhia americana_Brown Creeper,0.8091506361961365,2024-04-08T19:30:00Z,19:30:00
20240408_193000.WAV,45,48,Certhia americana_Brown Creeper,0.6797599196434021,2024-04-08T19:30:00Z,19:30:00
20240411_190900.WAV,51,54,Certhia americana_Brown Creeper,0.5220445990562439,2024-04-11T19:09:00Z,19:09:00
20240408_070600.WAV,24,27,Certhia americana_Brown Creeper,0.6686877012252808,2024-04-08T07:06:00Z,07:06:00
20240413_062100.WAV,18,21,Turdus migratorius_American Robin,0.6669880747795105,2024-04-13T06:21:00Z,06:21:00
20240413_062100.WAV,39,42,Turdus migratorius_American Robin,0.43921348452568054,2024-04-13T06:21:00Z,06:21:00
20240404_152800.WAV,24,27,Porzana porzana_Spotted Crake,0.554981529712677,2024-04-04T15:28:00Z,15:28:00
20240414_164700.WAV,0,3,Certhia americana_Brown Creeper,0.7088870406150818,2024-04-14T16:47:00Z,16:47:00
20240414_164700.WAV,6,9,Certhia americana_Brown Creeper,0.7031911015510559,2024-04-14T16:47:00Z,16:47:00
20240414_164700.WAV,9,12,Certhia americana_Brown Creeper,0.4625387191772461,2024-04-14T16:47:00Z,16:47:00
20240414_164700.WAV,21,24,Certhia americana_Brown Creeper,0.6087880730628967,2024-04-14T16:47:00Z,16:47:00
20240414_164700.WAV,42,45,Certhia americana_Brown Creeper,0.71559077501297,2024-04-14T16:47:00Z,16:47:00
20240331_194400.WAV,9,12,Anas platyrhynchos_Mallard,0.4539645314216614,2024-03-31T19:44:00Z,19:44:00
20240414_060200.WAV,30,33,Certhia americana_Brown Creeper,0.6376942992210388,2024-04-14T06:02:00Z,06:02:00
20240407_150200.WAV,15,18,Certhia americana_Brown Creeper,0.4605855643749237,2024-04-07T15:02:00Z,15:02:00
20240407_150200.WAV,24,27,Certhia americana_Brown Creeper,0.41608527302742,2024-04-07T15:02:00Z,15:02:00
20240407_150200.WAV,33,36,Certhia americana_Brown Creeper,0.7995331883430481,2024-04-07T15:02:00Z,15:02:00
20240407_150200.WAV,42,45,Certhia americana_Brown Creeper,0.613894522190094,2024-04-07T15:02:00Z,15:02:00
20240407_150200.WAV,42,45,Regulus regulus_Goldcrest,0.4558474123477936,2024-04-07T15:02:00Z,15:02:00
20240407_150200.WAV,48,51,Certhia americana_Brown Creeper,0.9871907234191896,2024-04-07T15:02:00Z,15:02:00
20240407_150200.WAV,51,54,Certhia americana_Brown Creeper,0.7113104462623596,2024-04-07T15:02:00Z,15:02:00
20240414_192900.WAV,0,3,Turdus migratorius_American Robin,0.6250396370887756,2024-04-14T19:29:00Z,19:29:00
20240414_192900.WAV,27,30,Turdus migratorius_American Robin,0.4987317323684693,2024-04-14T19:29:00Z,19:29:00
20240411_232100.WAV,45,48,Botaurus lentiginosus_American Bittern,0.882189929485321,2024-04-11T23:21:00Z,23:21:00
20240414_150300.WAV,6,9,Anas platyrhynchos_Mallard,0.5299235582351685,2024-04-14T15:03:00Z,15:03:00
20240414_150300.WAV,21,24,Anas platyrhynchos_Mallard,0.7292531132698059,2024-04-14T15:03:00Z,15:03:00
20240414_150300.WAV,24,27,Anas platyrhynchos_Mallard,0.837123692035675,2024-04-14T15:03:00Z,15:03:00
20240414_150300.WAV,45,48,Anas platyrhynchos_Mallard,0.672832727432251,2024-04-14T15:03:00Z,15:03:00
20240414_150300.WAV,48,51,Nucifraga caryocatactes_Eurasian Nutcracker,0.409168541431427,2024-04-14T15:03:00Z,15:03:00
20240414_150300.WAV,51,54,Anas platyrhynchos_Mallard,0.8528944253921509,2024-04-14T15:03:00Z,15:03:00
20240407_064600.WAV,6,9,Certhia americana_Brown Creeper,0.8868227601051331,2024-04-07T06:46:00Z,06:46:00
20240407_064600.WAV,15,18,Certhia americana_Brown Creeper,0.9224673509597778,2024-04-07T06:46:00Z,06:46:00
20240407_064600.WAV,27,30,Certhia americana_Brown Creeper,0.9638504981994628,2024-04-07T06:46:00Z,06:46:00
20240407_064600.WAV,36,39,Certhia americana_Brown Creeper,0.9346503019332886,2024-04-07T06:46:00Z,06:46:00
20240407_064600.WAV,48,51,Certhia americana_Brown Creeper,0.9089046120643616,2024-04-07T06:46:00Z,06:46:00
20240401_071400.WAV,6,9,Turdus migratorius_American Robin,0.41489213705062866,2024-04-01T07:14:00Z,07:14:00
20240409_153300.WAV,3,6,Poecile gambeli_Mountain Chickadee,0.5506288409233093,2024-04-09T15:33:00Z,15:33:00
20240409_153300.WAV,12,15,Poecile gambeli_Mountain Chickadee,0.4081009328365326,2024-04-09T15:33:00Z,15:33:00
20240409_153300.WAV,24,27,Poecile gambeli_Mountain Chickadee,0.845604419708252,2024-04-09T15:33:00Z,15:33:00
20240409_153300.WAV,42,45,Poecile gambeli_Mountain Chickadee,0.5743619799613953,2024-04-09T15:33:00Z,15:33:00
20240407_060300.WAV,39,42,Turdus migratorius_American Robin,0.4288271069526672,2024-04-07T06:03:00Z,06:03:00
20240412_141400.WAV,39,42,Sitta carolinensis_White-breasted Nuthatch,0.4123085141181946,2024-04-12T14:14:00Z,14:14:00
20240408_140700.WAV,0,3,Certhia americana_Brown Creeper,0.9189032316207886,2024-04-08T14:07:00Z,14:07:00
20240408_140700.WAV,21,24,Certhia americana_Brown Creeper,0.8367000222206116,2024-04-08T14:07:00Z,14:07:00
20240408_140700.WAV,36,39,Certhia americana_Brown Creeper,0.6502115726470947,2024-04-08T14:07:00Z,14:07:00
20240408_140700.WAV,51,54,Certhia americana_Brown Creeper,0.8787697553634644,2024-04-08T14:07:00Z,14:07:00
20240404_062900.WAV,24,27,Certhia americana_Brown Creeper,0.7772924304008484,2024-04-04T06:29:00Z,06:29:00
20240404_062900.WAV,36,39,Certhia americana_Brown Creeper,0.43982112407684326,2024-04-04T06:29:00Z,06:29:00
20240404_062900.WAV,39,42,Certhia americana_Brown Creeper,0.43313372135162354,2024-04-04T06:29:00Z,06:29:00
20240414_054600.WAV,42,45,Poecile atricapillus_Black-capped Chickadee,0.5615257024765015,2024-04-14T05:46:00Z,05:46:00
20240414_054600.WAV,48,51,Poecile atricapillus_Black-capped Chickadee,0.6511021256446838,2024-04-14T05:46:00Z,05:46:00
20240405_230300.WAV,39,42,Porzana porzana_Spotted Crake,0.6291874051094055,2024-04-05T23:03:00Z,23:03:00
20240412_190700.WAV,9,12,Certhia americana_Brown Creeper,0.8808737993240356,2024-04-12T19:07:00Z,19:07:00
20240412_190700.WAV,18,21,Certhia americana_Brown Creeper,0.4079679548740387,2024-04-12T19:07:00Z,19:07:00
20240416_062500.WAV,15,18,Certhia americana_Brown Creeper,0.49443385004997253,2024-04-16T06:25:00Z,06:25:00
20240411_164300.WAV,9,12,Certhia americana_Brown Creeper,0.923760712146759,2024-04-11T16:43:00Z,16:43:00
20240411_164300.WAV,18,21,Poecile atricapillus_Black-capped Chickadee,0.506831705570221,2024-04-11T16:43:00Z,16:43:00
20240411_164300.WAV,21,24,Poecile atricapillus_Black-capped Chickadee,0.47631213068962097,2024-04-11T16:43:00Z,16:43:00
20240411_164300.WAV,39,42,Certhia americana_Brown Creeper,0.5844613313674927,2024-04-11T16:43:00Z,16:43:00
20240411_164300.WAV,42,45,Poecile atricapillus_Black-capped Chickadee,0.7614105939865112,2024-04-11T16:43:00Z,16:43:00
20240402_150600.WAV,51,54,Porzana porzana_Spotted Crake,0.5784276127815247,2024-04-02T15:06:00Z,15:06:00
20240411_064300.WAV,9,12,Dryobates pubescens_Downy Woodpecker,0.5201776623725891,2024-04-11T06:43:00Z,06:43:00
20240411_064300.WAV,36,39,Dryobates pubescens_Downy Woodpecker,0.4624393880367279,2024-04-11T06:43:00Z,06:43:00
20240411_060600.WAV,18,21,Certhia americana_Brown Creeper,0.548883318901062,2024-04-11T06:06:00Z,06:06:00
20240411_060600.WAV,36,39,Certhia americana_Brown Creeper,0.6485145092010498,2024-04-11T06:06:00Z,06:06:00
20240401_190600.WAV,24,27,Aegolius acadicus_Northern Saw-whet Owl,0.43796178698539734,2024-04-01T19:06:00Z,19:06:00
20240401_190600.WAV,36,39,Branta canadensis_Canada Goose,0.5489586591720581,2024-04-01T19:06:00Z,19:06:00
20240401_190600.WAV,39,42,Branta canadensis_Canada Goose,0.8743509650230408,2024-04-01T19:06:00Z,19:06:00
20240401_190600.WAV,48,51,Branta canadensis_Canada Goose,0.7528907656669617,2024-04-01T19:06:00Z,19:06:00
20240401_190600.WAV,51,54,Branta canadensis_Canada Goose,0.6413303017616272,2024-04-01T19:06:00Z,19:06:00
20240331_145700.WAV,0,3,Corvus brachyrhynchos_American Crow,0.5332182049751282,2024-03-31T14:57:00Z,14:57:00
20240331_145700.WAV,9,12,Corvus brachyrhynchos_American Crow,0.5188423991203308,2024-03-31T14:57:00Z,14:57:00
20240331_145700.WAV,12,15,Certhia americana_Brown Creeper,0.4068403244018554,2024-03-31T14:57:00Z,14:57:00
20240331_145700.WAV,15,18,Corvus brachyrhynchos_American Crow,0.6519884467124939,2024-03-31T14:57:00Z,14:57:00
20240331_145700.WAV,27,30,Corvus brachyrhynchos_American Crow,0.5158052444458008,2024-03-31T14:57:00Z,14:57:00
20240331_145700.WAV,30,33,Corvus brachyrhynchos_American Crow,0.4864124059677124,2024-03-31T14:57:00Z,14:57:00
20240411_154200.WAV,9,12,Certhia americana_Brown Creeper,0.4796228706836701,2024-04-11T15:42:00Z,15:42:00
20240411_154200.WAV,21,24,Certhia americana_Brown Creeper,0.8502916097640991,2024-04-11T15:42:00Z,15:42:00
20240411_154200.WAV,45,48,Certhia americana_Brown Creeper,0.8986427187919617,2024-04-11T15:42:00Z,15:42:00
20240402_060700.WAV,0,3,Turdus migratorius_American Robin,0.40992313623428345,2024-04-02T06:07:00Z,06:07:00
20240402_060700.WAV,3,6,Turdus migratorius_American Robin,0.40540561079978943,2024-04-02T06:07:00Z,06:07:00
20240402_060700.WAV,6,9,Turdus migratorius_American Robin,0.6936107873916626,2024-04-02T06:07:00Z,06:07:00
20240402_060700.WAV,15,18,Turdus migratorius_American Robin,0.5566594004631042,2024-04-02T06:07:00Z,06:07:00
20240402_060700.WAV,24,27,Turdus migratorius_American Robin,0.4214721918106079,2024-04-02T06:07:00Z,06:07:00
20240402_060700.WAV,27,30,Turdus migratorius_American Robin,0.5630975961685181,2024-04-02T06:07:00Z,06:07:00
20240402_060700.WAV,30,33,Turdus migratorius_American Robin,0.5067260265350342,2024-04-02T06:07:00Z,06:07:00
20240402_060700.WAV,42,45,Turdus migratorius_American Robin,0.5935211181640625,2024-04-02T06:07:00Z,06:07:00
20240402_060700.WAV,45,48,Turdus migratorius_American Robin,0.496854305267334,2024-04-02T06:07:00Z,06:07:00
20240402_060700.WAV,51,54,Turdus migratorius_American Robin,0.4784453511238098,2024-04-02T06:07:00Z,06:07:00
20240402_064200.WAV,3,6,Turdus migratorius_American Robin,0.4302550256252289,2024-04-02T06:42:00Z,06:42:00
20240402_064200.WAV,18,21,Turdus migratorius_American Robin,0.5510794520378113,2024-04-02T06:42:00Z,06:42:00
20240402_064200.WAV,21,24,Turdus migratorius_American Robin,0.8051699995994568,2024-04-02T06:42:00Z,06:42:00
20240402_064200.WAV,48,51,Turdus migratorius_American Robin,0.4153722822666168,2024-04-02T06:42:00Z,06:42:00
20240413_141900.WAV,48,51,Aix sponsa_Wood Duck,0.8832529783248901,2024-04-13T14:19:00Z,14:19:00
20240405_162400.WAV,27,30,Aegolius acadicus_Northern Saw-whet Owl,0.6677541136741638,2024-04-05T16:24:00Z,16:24:00
20240402_160700.WAV,39,42,Porzana porzana_Spotted Crake,0.6106053590774536,2024-04-02T16:07:00Z,16:07:00
20240410_143300.WAV,30,33,Sayornis phoebe_Eastern Phoebe,0.8178001046180725,2024-04-10T14:33:00Z,14:33:00
20240410_143300.WAV,45,48,Sayornis phoebe_Eastern Phoebe,0.5777154564857483,2024-04-10T14:33:00Z,14:33:00
20240410_143300.WAV,51,54,Sayornis phoebe_Eastern Phoebe,0.8277156352996826,2024-04-10T14:33:00Z,14:33:00
20240404_192600.WAV,9,12,Aegolius acadicus_Northern Saw-whet Owl,0.92289137840271,2024-04-04T19:26:00Z,19:26:00
20240404_192600.WAV,21,24,Branta canadensis_Canada Goose,0.6758064031600952,2024-04-04T19:26:00Z,19:26:00
20240404_192600.WAV,24,27,Branta canadensis_Canada Goose,0.6659400463104248,2024-04-04T19:26:00Z,19:26:00
20240404_192600.WAV,27,30,Branta canadensis_Canada Goose,0.4614487290382385,2024-04-04T19:26:00Z,19:26:00
20240404_064800.WAV,12,15,Sitta carolinensis_White-breasted Nuthatch,0.7366329431533813,2024-04-04T06:48:00Z,06:48:00
20240404_064800.WAV,15,18,Sitta carolinensis_White-breasted Nuthatch,0.4163544476032257,2024-04-04T06:48:00Z,06:48:00
20240404_064800.WAV,18,21,Sitta carolinensis_White-breasted Nuthatch,0.6069429516792297,2024-04-04T06:48:00Z,06:48:00
20240406_071300.WAV,45,48,Poecile gambeli_Mountain Chickadee,0.4055694043636322,2024-04-06T07:13:00Z,07:13:00
20240410_194100.WAV,15,18,Certhia americana_Brown Creeper,0.7903279662132263,2024-04-10T19:41:00Z,19:41:00
20240410_194100.WAV,39,42,Certhia americana_Brown Creeper,0.912333369255066,2024-04-10T19:41:00Z,19:41:00
20240414_194800.WAV,0,3,Branta canadensis_Canada Goose,0.931676149368286,2024-04-14T19:48:00Z,19:48:00
20240414_194800.WAV,3,6,Branta canadensis_Canada Goose,0.96868133544921875,2024-04-14T19:48:00Z,19:48:00
20240414_194800.WAV,6,9,Branta canadensis_Canada Goose,0.9679388403892516,2024-04-14T19:48:00Z,19:48:00
20240414_194800.WAV,9,12,Branta canadensis_Canada Goose,0.9567950963974,2024-04-14T19:48:00Z,19:48:00
20240414_194800.WAV,12,15,Branta canadensis_Canada Goose,0.8468267321586609,2024-04-14T19:48:00Z,19:48:00
20240414_194800.WAV,15,18,Branta canadensis_Canada Goose,0.9099863171577454,2024-04-14T19:48:00Z,19:48:00
20240414_194800.WAV,18,21,Branta canadensis_Canada Goose,0.9167222380638124,2024-04-14T19:48:00Z,19:48:00
20240414_194800.WAV,21,24,Branta canadensis_Canada Goose,0.9400842785835266,2024-04-14T19:48:00Z,19:48:00
20240414_194800.WAV,24,27,Branta canadensis_Canada Goose,0.8689526915550232,2024-04-14T19:48:00Z,19:48:00
20240414_194800.WAV,27,30,Branta canadensis_Canada Goose,0.8159046173095703,2024-04-14T19:48:00Z,19:48:00
20240414_194800.WAV,30,33,Branta canadensis_Canada Goose,0.6905315518379211,2024-04-14T19:48:00Z,19:48:00
20240414_194800.WAV,33,36,Branta canadensis_Canada Goose,0.940432071685791,2024-04-14T19:48:00Z,19:48:00
20240414_194800.WAV,36,39,Branta canadensis_Canada Goose,0.8408306837081909,2024-04-14T19:48:00Z,19:48:00
20240414_194800.WAV,39,42,Branta canadensis_Canada Goose,0.8281117677688599,2024-04-14T19:48:00Z,19:48:00
20240414_194800.WAV,51,54,Branta canadensis_Canada Goose,0.6999784708023071,2024-04-14T19:48:00Z,19:48:00
20240414_162600.WAV,36,39,Regulus satrapa_Golden-crowned Kinglet,0.6730070114135742,2024-04-14T16:26:00Z,16:26:00
20240406_145700.WAV,6,9,Poecile atricapillus_Black-capped Chickadee,0.4026987552642822,2024-04-06T14:57:00Z,14:57:00
20240406_145700.WAV,12,15,Poecile atricapillus_Black-capped Chickadee,0.6189138889312744,2024-04-06T14:57:00Z,14:57:00
20240406_145700.WAV,15,18,Poecile atricapillus_Black-capped Chickadee,0.6630644798278809,2024-04-06T14:57:00Z,14:57:00
20240406_145700.WAV,21,24,Poecile atricapillus_Black-capped Chickadee,0.5993785262107849,2024-04-06T14:57:00Z,14:57:00
20240406_145700.WAV,24,27,Poecile atricapillus_Black-capped Chickadee,0.5022305846214294,2024-04-06T14:57:00Z,14:57:00
20240406_145700.WAV,36,39,Poecile atricapillus_Black-capped Chickadee,0.8619641065597534,2024-04-06T14:57:00Z,14:57:00
20240406_145700.WAV,39,42,Poecile atricapillus_Black-capped Chickadee,0.8467503190040588,2024-04-06T14:57:00Z,14:57:00
20240406_145700.WAV,42,45,Poecile atricapillus_Black-capped Chickadee,0.5605135560035706,2024-04-06T14:57:00Z,14:57:00
20240406_145700.WAV,45,48,Poecile atricapillus_Black-capped Chickadee,0.5583502054214478,2024-04-06T14:57:00Z,14:57:00
20240406_145700.WAV,48,51,Poecile atricapillus_Black-capped Chickadee,0.6985651850700378,2024-04-06T14:57:00Z,14:57:00
20240406_145700.WAV,51,54,Poecile atricapillus_Black-capped Chickadee,0.7608453035354614,2024-04-06T14:57:00Z,14:57:00
20240413_060500.WAV,6,9,Certhia americana_Brown Creeper,0.6637791991233826,2024-04-13T06:05:00Z,06:05:00
20240413_060500.WAV,15,18,Certhia americana_Brown Creeper,0.5849429965019226,2024-04-13T06:05:00Z,06:05:00
20240413_060500.WAV,18,21,Certhia americana_Brown Creeper,0.7735602259635925,2024-04-13T06:05:00Z,06:05:00
20240413_060500.WAV,24,27,Certhia americana_Brown Creeper,0.6220664978027344,2024-04-13T06:05:00Z,06:05:00
20240413_060500.WAV,39,42,Certhia americana_Brown Creeper,0.40234142541885376,2024-04-13T06:05:00Z,06:05:00
20240409_061600.WAV,48,51,Poecile atricapillus_Black-capped Chickadee,0.528886079788208,2024-04-09T06:16:00Z,06:16:00
20240331_192500.WAV,0,3,Turdus migratorius_American Robin,0.79739910364151,2024-03-31T19:25:00Z,19:25:00
20240405_143800.WAV,0,3,Turdus migratorius_American Robin,0.466095507144928,2024-04-05T14:38:00Z,14:38:00
20240405_143800.WAV,3,6,Turdus migratorius_American Robin,0.6387712955474854,2024-04-05T14:38:00Z,14:38:00
20240405_143800.WAV,6,9,Turdus migratorius_American Robin,0.4725584387779236,2024-04-05T14:38:00Z,14:38:00
20240405_143800.WAV,18,21,Turdus migratorius_American Robin,0.45920830965042114,2024-04-05T14:38:00Z,14:38:00
20240409_065300.WAV,30,33,Regulus satrapa_Golden-crowned Kinglet,0.4581482410430908,2024-04-09T06:53:00Z,06:53:00
20240413_160500.WAV,0,3,Certhia americana_Brown Creeper,0.5032922625541687,2024-04-13T16:05:00Z,16:05:00
20240331_063300.WAV,6,9,Certhia americana_Brown Creeper,0.5478550791740417,2024-03-31T06:33:00Z,06:33:00
20240331_063300.WAV,24,27,Certhia americana_Brown Creeper,0.6988752484321594,2024-03-31T06:33:00Z,06:33:00
20240331_063300.WAV,27,30,Regulus regulus_Goldcrest,0.44986647367477417,2024-03-31T06:33:00Z,06:33:00
20240331_063300.WAV,36,39,Regulus regulus_Goldcrest,0.5765314102172852,2024-03-31T06:33:00Z,06:33:00
20240331_063300.WAV,51,54,Regulus regulus_Goldcrest,0.7401354908943176,2024-03-31T06:33:00Z,06:33:00
20240410_161200.WAV,0,3,Porzana porzana_Spotted Crake,0.47466233372688293,2024-04-10T16:12:00Z,16:12:00
20240410_061200.WAV,3,6,Certhia americana_Brown Creeper,0.525562584400177,2024-04-10T06:12:00Z,06:12:00
20240410_061200.WAV,15,18,Certhia americana_Brown Creeper,0.510583221912384,2024-04-10T06:12:00Z,06:12:00
20240410_061200.WAV,18,21,Certhia americana_Brown Creeper,0.92871356010437,2024-04-10T06:12:00Z,06:12:00
20240410_061200.WAV,27,30,Certhia americana_Brown Creeper,0.5077692270278931,2024-04-10T06:12:00Z,06:12:00
20240410_061200.WAV,30,33,Certhia americana_Brown Creeper,0.5465195775032043,2024-04-10T06:12:00Z,06:12:00
20240410_061200.WAV,36,39,Certhia americana_Brown Creeper,0.5227274894714355,2024-04-10T06:12:00Z,06:12:00
20240410_061200.WAV,39,42,Certhia americana_Brown Creeper,0.7712069153785706,2024-04-10T06:12:00Z,06:12:00
20240410_061200.WAV,45,48,Certhia americana_Brown Creeper,0.6378704905509949,2024-04-10T06:12:00Z,06:12:00
20240410_061200.WAV,48,51,Certhia americana_Brown Creeper,0.9815773367881776,2024-04-10T06:12:00Z,06:12:00
20240416_070500.WAV,9,12,Sphyrapicus varius_Yellow-bellied Sapsucker,0.7677566409111023,2024-04-16T07:05:00Z,07:05:00
20240416_070500.WAV,12,15,Sphyrapicus varius_Yellow-bellied Sapsucker,0.6690621376037598,2024-04-16T07:05:00Z,07:05:00
20240410_065700.WAV,36,39,Poecile atricapillus_Black-capped Chickadee,0.46904823184013367,2024-04-10T06:57:00Z,06:57:00
20240410_065700.WAV,42,45,Certhia americana_Brown Creeper,0.6583311557769775,2024-04-10T06:57:00Z,06:57:00
20240405_070400.WAV,18,21,Turdus migratorius_American Robin,0.4140675663948059,2024-04-05T07:04:00Z,07:04:00
20240403_061300.WAV,18,21,Porzana porzana_Spotted Crake,0.5069935917854309,2024-04-03T06:13:00Z,06:13:00
20240411_142700.WAV,3,6,Certhia americana_Brown Creeper,0.4772699177265167,2024-04-11T14:27:00Z,14:27:00
20240411_142700.WAV,6,9,Certhia americana_Brown Creeper,0.992996871471405,2024-04-11T14:27:00Z,14:27:00
20240411_142700.WAV,12,15,Certhia americana_Brown Creeper,0.7071343064308167,2024-04-11T14:27:00Z,14:27:00
20240411_142700.WAV,15,18,Certhia americana_Brown Creeper,0.9738357067108154,2024-04-11T14:27:00Z,14:27:00
20240411_142700.WAV,30,33,Certhia americana_Brown Creeper,0.913386881351471,2024-04-11T14:27:00Z,14:27:00
20240411_142700.WAV,33,36,Certhia americana_Brown Creeper,0.9696472883224488,2024-04-11T14:27:00Z,14:27:00
20240411_142700.WAV,51,54,Certhia americana_Brown Creeper,0.7877938151359558,2024-04-11T14:27:00Z,14:27:00
20240403_231000.WAV,33,36,Porzana porzana_Spotted Crake,0.5525617003440857,2024-04-03T23:10:00Z,23:10:00
20240413_142400.WAV,21,24,Porzana porzana_Spotted Crake,0.5068140029907227,2024-04-13T14:24:00Z,14:24:00
20240407_070700.WAV,6,9,Branta canadensis_Canada Goose,0.4593677520751953,2024-04-07T07:07:00Z,07:07:00
20240407_070700.WAV,12,15,Branta canadensis_Canada Goose,0.906527042388916,2024-04-07T07:07:00Z,07:07:00
20240407_070700.WAV,15,18,Branta canadensis_Canada Goose,0.7195649743080139,2024-04-07T07:07:00Z,07:07:00
20240412_151000.WAV,51,54,Aix sponsa_Wood Duck,0.5025274753570557,2024-04-12T15:10:00Z,15:10:00
20240408_054600.WAV,48,51,Turdus migratorius_American Robin,0.7695868015289307,2024-04-08T05:46:00Z,05:46:00
20240405_061900.WAV,15,18,Turdus migratorius_American Robin,0.806185245513916,2024-04-05T06:19:00Z,06:19:00
20240401_065500.WAV,15,18,Turdus migratorius_American Robin,0.5848896503448486,2024-04-01T06:55:00Z,06:55:00
20240401_065500.WAV,30,33,Turdus migratorius_American Robin,0.44527700543403625,2024-04-01T06:55:00Z,06:55:00
20240414_140700.WAV,6,9,Certhia americana_Brown Creeper,0.7336458563804626,2024-04-14T14:07:00Z,14:07:00
20240401_061000.WAV,9,12,Turdus migratorius_American Robin,0.6716088652610779,2024-04-01T06:10:00Z,06:10:00
20240401_061000.WAV,12,15,Turdus migratorius_American Robin,0.5244379043579102,2024-04-01T06:10:00Z,06:10:00
20240401_061000.WAV,18,21,Turdus migratorius_American Robin,0.7167545557022095,2024-04-01T06:10:00Z,06:10:00
20240401_061000.WAV,21,24,Turdus migratorius_American Robin,0.5553922653198242,2024-04-01T06:10:00Z,06:10:00
20240401_061000.WAV,24,27,Turdus migratorius_American Robin,0.7498756647109985,2024-04-01T06:10:00Z,06:10:00
20240401_061000.WAV,30,33,Turdus migratorius_American Robin,0.7811062932014465,2024-04-01T06:10:00Z,06:10:00
20240401_061000.WAV,33,36,Turdus migratorius_American Robin,0.8640384674072266,2024-04-01T06:10:00Z,06:10:00
20240401_061000.WAV,36,39,Turdus migratorius_American Robin,0.6638138890266418,2024-04-01T06:10:00Z,06:10:00
20240401_061000.WAV,39,42,Turdus migratorius_American Robin,0.4511225819587707,2024-04-01T06:10:00Z,06:10:00
20240401_061000.WAV,42,45,Turdus migratorius_American Robin,0.8040488362312317,2024-04-01T06:10:00Z,06:10:00
20240401_061000.WAV,45,48,Turdus migratorius_American Robin,0.6914551854133606,2024-04-01T06:10:00Z,06:10:00
20240401_061000.WAV,48,51,Turdus migratorius_American Robin,0.8244597911834717,2024-04-01T06:10:00Z,06:10:00
20240401_061000.WAV,51,54,Turdus migratorius_American Robin,0.86891770362854,2024-04-01T06:10:00Z,06:10:00
20240408_192900.WAV,39,42,Certhia americana_Brown Creeper,0.5617595911026001,2024-04-08T19:29:00Z,19:29:00
20240408_192900.WAV,48,51,Certhia americana_Brown Creeper,0.5897857546806335,2024-04-08T19:29:00Z,19:29:00
20240415_191900.WAV,39,42,Regulus regulus_Goldcrest,0.7938858866691589,2024-04-15T19:19:00Z,19:19:00
20240412_061100.WAV,6,9,Certhia americana_Brown Creeper,0.5942034721374512,2024-04-12T06:11:00Z,06:11:00
20240412_061100.WAV,9,12,Certhia americana_Brown Creeper,0.6930645108222961,2024-04-12T06:11:00Z,06:11:00
20240412_061100.WAV,27,30,Certhia americana_Brown Creeper,0.7838742136955261,2024-04-12T06:11:00Z,06:11:00
20240412_061100.WAV,33,36,Certhia americana_Brown Creeper,0.5039685964584351,2024-04-12T06:11:00Z,06:11:00
20240412_061100.WAV,36,39,Certhia americana_Brown Creeper,0.5904240012168884,2024-04-12T06:11:00Z,06:11:00
20240412_061100.WAV,39,42,Certhia americana_Brown Creeper,0.42218634486198425,2024-04-12T06:11:00Z,06:11:00
20240414_070600.WAV,21,24,Anas platyrhynchos_Mallard,0.6683565974235535,2024-04-14T07:06:00Z,07:06:00
20240414_070600.WAV,24,27,Anas platyrhynchos_Mallard,0.6258413791656494,2024-04-14T07:06:00Z,07:06:00
20240414_070600.WAV,45,48,Anas platyrhynchos_Mallard,0.4871699213981629,2024-04-14T07:06:00Z,07:06:00
20240412_065400.WAV,0,3,Certhia americana_Brown Creeper,0.532712459564209,2024-04-12T06:54:00Z,06:54:00
20240412_065400.WAV,48,51,Dryobates pubescens_Downy Woodpecker,0.4794985353946686,2024-04-12T06:54:00Z,06:54:00
20240330_193100.WAV,12,15,Turdus migratorius_American Robin,0.7870227694511414,2024-03-30T19:31:00Z,19:31:00
20240330_193100.WAV,15,18,Turdus migratorius_American Robin,0.5071790814399719,2024-03-30T19:31:00Z,19:31:00
20240330_193100.WAV,18,21,Turdus migratorius_American Robin,0.7320773601531982,2024-03-30T19:31:00Z,19:31:00
20240330_193100.WAV,21,24,Turdus migratorius_American Robin,0.5744609832763672,2024-03-30T19:31:00Z,19:31:00
20240330_193100.WAV,24,27,Turdus migratorius_American Robin,0.6848658323287964,2024-03-30T19:31:00Z,19:31:00
20240330_193100.WAV,27,30,Turdus migratorius_American Robin,0.6727898120880127,2024-03-30T19:31:00Z,19:31:00
20240330_193100.WAV,30,33,Turdus migratorius_American Robin,0.605360209941864,2024-03-30T19:31:00Z,19:31:00
20240330_193100.WAV,39,42,Turdus migratorius_American Robin,0.564570426940918,2024-03-30T19:31:00Z,19:31:00
20240330_193100.WAV,42,45,Turdus migratorius_American Robin,0.7737810015678406,2024-03-30T19:31:00Z,19:31:00
20240330_193100.WAV,45,48,Turdus migratorius_American Robin,0.689378559589386,2024-03-30T19:31:00Z,19:31:00
20240330_193100.WAV,48,51,Turdus migratorius_American Robin,0.5115122199058533,2024-03-30T19:31:00Z,19:31:00
20240330_193100.WAV,51,54,Turdus migratorius_American Robin,0.5137841701507568,2024-03-30T19:31:00Z,19:31:00
20240415_063200.WAV,0,3,Botaurus lentiginosus_American Bittern,0.4831165671348572,2024-04-15T06:32:00Z,06:32:00
20240414_190900.WAV,42,45,Turdus migratorius_American Robin,0.4463486969470978,2024-04-14T19:09:00Z,19:09:00
20240410_194500.WAV,0,3,Certhia americana_Brown Creeper,0.6627057194709778,2024-04-10T19:45:00Z,19:45:00
20240410_194500.WAV,12,15,Certhia americana_Brown Creeper,0.4715789258480072,2024-04-10T19:45:00Z,19:45:00
20240410_194500.WAV,45,48,Botaurus lentiginosus_American Bittern,0.4211367666721344,2024-04-10T19:45:00Z,19:45:00
20240413_064400.WAV,0,3,Branta canadensis_Canada Goose,0.5028547048568726,2024-04-13T06:44:00Z,06:44:00
20240413_064400.WAV,6,9,Branta canadensis_Canada Goose,0.9684230089187622,2024-04-13T06:44:00Z,06:44:00
20240413_064400.WAV,9,12,Branta canadensis_Canada Goose,0.8668014407157898,2024-04-13T06:44:00Z,06:44:00
20240413_064400.WAV,12,15,Branta canadensis_Canada Goose,0.417883425951004,2024-04-13T06:44:00Z,06:44:00
20240413_064400.WAV,15,18,Branta canadensis_Canada Goose,0.8590506315231323,2024-04-13T06:44:00Z,06:44:00
20240413_064400.WAV,18,21,Dryobates pubescens_Downy Woodpecker,0.5593140721321106,2024-04-13T06:44:00Z,06:44:00
20240406_145300.WAV,3,6,Poecile atricapillus_Black-capped Chickadee,0.49894756078720093,2024-04-06T14:53:00Z,14:53:00
20240406_145300.WAV,12,15,Poecile atricapillus_Black-capped Chickadee,0.4892082214355469,2024-04-06T14:53:00Z,14:53:00
20240406_145300.WAV,15,18,Poecile atricapillus_Black-capped Chickadee,0.46205976605415344,2024-04-06T14:53:00Z,14:53:00
20240406_145300.WAV,21,24,Poecile atricapillus_Black-capped Chickadee,0.7168610692024231,2024-04-06T14:53:00Z,14:53:00
20240406_145300.WAV,24,27,Poecile atricapillus_Black-capped Chickadee,0.5850748419761658,2024-04-06T14:53:00Z,14:53:00
20240406_145300.WAV,27,30,Poecile atricapillus_Black-capped Chickadee,0.6830628514289856,2024-04-06T14:53:00Z,14:53:00
20240406_145300.WAV,30,33,Poecile atricapillus_Black-capped Chickadee,0.47571688890457153,2024-04-06T14:53:00Z,14:53:00
20240406_145300.WAV,36,39,Poecile atricapillus_Black-capped Chickadee,0.6150125861167908,2024-04-06T14:53:00Z,14:53:00
20240406_145300.WAV,39,42,Poecile atricapillus_Black-capped Chickadee,0.5654444098472595,2024-04-06T14:53:00Z,14:53:00
20240406_145300.WAV,42,45,Poecile atricapillus_Black-capped Chickadee,0.7934295535087585,2024-04-06T14:53:00Z,14:53:00
20240406_145300.WAV,48,51,Poecile atricapillus_Black-capped Chickadee,0.6531026363372803,2024-04-06T14:53:00Z,14:53:00
20240406_145300.WAV,51,54,Poecile atricapillus_Black-capped Chickadee,0.5699177384376526,2024-04-06T14:53:00Z,14:53:00
20240404_150800.WAV,9,12,Porzana porzana_Spotted Crake,0.5778752565383911,2024-04-04T15:08:00Z,15:08:00
20240414_062200.WAV,30,33,Poecile atricapillus_Black-capped Chickadee,0.6511786580085754,2024-04-14T06:22:00Z,06:22:00
20240409_061200.WAV,0,3,Certhia americana_Brown Creeper,0.40359658002853394,2024-04-09T06:12:00Z,06:12:00
20240409_061200.WAV,18,21,Certhia americana_Brown Creeper,0.8911232352256775,2024-04-09T06:12:00Z,06:12:00
20240409_061200.WAV,27,30,Certhia americana_Brown Creeper,0.7125150561332703,2024-04-09T06:12:00Z,06:12:00
20240409_061200.WAV,39,42,Certhia americana_Brown Creeper,0.582526445388794,2024-04-09T06:12:00Z,06:12:00
20240409_061200.WAV,45,48,Certhia americana_Brown Creeper,0.40866047143936157,2024-04-09T06:12:00Z,06:12:00
20240413_160100.WAV,21,24,Porzana porzana_Spotted Crake,0.6201934814453125,2024-04-13T16:01:00Z,16:01:00
20240409_065700.WAV,0,3,Aix sponsa_Wood Duck,0.5559145212173462,2024-04-09T06:57:00Z,06:57:00
20240409_065700.WAV,3,6,Aix sponsa_Wood Duck,0.4002012014389038,2024-04-09T06:57:00Z,06:57:00
20240409_065700.WAV,24,27,Regulus satrapa_Golden-crowned Kinglet,0.6009404063224792,2024-04-09T06:57:00Z,06:57:00
20240409_065700.WAV,30,33,Regulus satrapa_Golden-crowned Kinglet,0.5738316774368286,2024-04-09T06:57:00Z,06:57:00
20240409_065700.WAV,36,39,Regulus satrapa_Golden-crowned Kinglet,0.7176986336708069,2024-04-09T06:57:00Z,06:57:00
20240409_065700.WAV,42,45,Regulus satrapa_Golden-crowned Kinglet,0.9134133458137512,2024-04-09T06:57:00Z,06:57:00
20240409_065700.WAV,48,51,Regulus satrapa_Golden-crowned Kinglet,0.49401313066482544,2024-04-09T06:57:00Z,06:57:00
20240409_151300.WAV,6,9,Certhia americana_Brown Creeper,0.8847438097000122,2024-04-09T15:13:00Z,15:13:00
20240409_151300.WAV,18,21,Certhia americana_Brown Creeper,0.92011094093322765,2024-04-09T15:13:00Z,15:13:00
20240409_151300.WAV,30,33,Certhia americana_Brown Creeper,0.967909038066864,2024-04-09T15:13:00Z,15:13:00
20240409_151300.WAV,51,54,Certhia americana_Brown Creeper,0.933712124824524,2024-04-09T15:13:00Z,15:13:00
20240407_062300.WAV,3,6,Certhia americana_Brown Creeper,0.9617044925689696,2024-04-07T06:23:00Z,06:23:00
20240407_062300.WAV,3,6,Sitta carolinensis_White-breasted Nuthatch,0.669279158115387,2024-04-07T06:23:00Z,06:23:00
20240407_062300.WAV,27,30,Certhia americana_Brown Creeper,0.8405631184577942,2024-04-07T06:23:00Z,06:23:00
20240407_062300.WAV,51,54,Sitta carolinensis_White-breasted Nuthatch,0.5373568534851074,2024-04-07T06:23:00Z,06:23:00
20240409_055600.WAV,36,39,Regulus regulus_Goldcrest,0.5344915986061096,2024-04-09T05:56:00Z,05:56:00
20240331_145300.WAV,30,33,Certhia americana_Brown Creeper,0.6734198927879333,2024-03-31T14:53:00Z,14:53:00
20240402_060300.WAV,27,30,Turdus migratorius_American Robin,0.4830337166786194,2024-04-02T06:03:00Z,06:03:00
20240402_064600.WAV,33,36,Catharus guttatus_Hermit Thrush,0.5568737983703613,2024-04-02T06:46:00Z,06:46:00
20240402_064600.WAV,39,42,Turdus migratorius_American Robin,0.7602030634880066,2024-04-02T06:46:00Z,06:46:00
20240404_071400.WAV,39,42,Regulus regulus_Goldcrest,0.4338091313838959,2024-04-04T07:14:00Z,07:14:00
20240401_062900.WAV,6,9,Turdus migratorius_American Robin,0.5149191617965698,2024-04-01T06:29:00Z,06:29:00
20240401_062900.WAV,33,36,Certhia americana_Brown Creeper,0.5397080183029175,2024-04-01T06:29:00Z,06:29:00
20240401_062900.WAV,42,45,Turdus migratorius_American Robin,0.802413284778595,2024-04-01T06:29:00Z,06:29:00
20240402_160300.WAV,9,12,Porzana porzana_Spotted Crake,0.4091227948665619,2024-04-02T16:03:00Z,16:03:00
20240412_152900.WAV,15,18,Certhia americana_Brown Creeper,0.5340941548347473,2024-04-12T15:29:00Z,15:29:00
20240412_152900.WAV,42,45,Certhia americana_Brown Creeper,0.6008661985397339,2024-04-12T15:29:00Z,15:29:00
20240402_164600.WAV,6,9,Porzana porzana_Spotted Crake,0.5371885895729065,2024-04-02T16:46:00Z,16:46:00
20240402_164600.WAV,9,12,Porzana porzana_Spotted Crake,0.5981558561325073,2024-04-02T16:46:00Z,16:46:00
20240402_164600.WAV,15,18,Porzana porzana_Spotted Crake,0.709393322467804,2024-04-02T16:46:00Z,16:46:00
20240405_062000.WAV,12,15,Anas platyrhynchos_Mallard,0.4419550895690918,2024-04-05T06:20:00Z,06:20:00
20240405_062000.WAV,15,18,Anas platyrhynchos_Mallard,0.5588663816452026,2024-04-05T06:20:00Z,06:20:00
20240410_143700.WAV,0,3,Sayornis phoebe_Eastern Phoebe,0.9899466633796692,2024-04-10T14:37:00Z,14:37:00
20240410_143700.WAV,3,6,Sayornis phoebe_Eastern Phoebe,0.9459114074707032,2024-04-10T14:37:00Z,14:37:00
20240410_143700.WAV,6,9,Sayornis phoebe_Eastern Phoebe,0.9863764643669128,2024-04-10T14:37:00Z,14:37:00
20240410_143700.WAV,18,21,Sayornis phoebe_Eastern Phoebe,0.6215176582336426,2024-04-10T14:37:00Z,14:37:00
20240410_143700.WAV,21,24,Sayornis phoebe_Eastern Phoebe,0.8876912593841553,2024-04-10T14:37:00Z,14:37:00
20240410_143700.WAV,24,27,Sayornis phoebe_Eastern Phoebe,0.5648325085639954,2024-04-10T14:37:00Z,14:37:00
20240410_143700.WAV,27,30,Sayornis phoebe_Eastern Phoebe,0.9777396321296692,2024-04-10T14:37:00Z,14:37:00
20240410_143700.WAV,30,33,Sayornis phoebe_Eastern Phoebe,0.8695399165153503,2024-04-10T14:37:00Z,14:37:00
20240410_143700.WAV,33,36,Sayornis phoebe_Eastern Phoebe,0.9543775916099548,2024-04-10T14:37:00Z,14:37:00
20240410_143700.WAV,36,39,Sayornis phoebe_Eastern Phoebe,0.9658785462379456,2024-04-10T14:37:00Z,14:37:00
20240410_143700.WAV,39,42,Sayornis phoebe_Eastern Phoebe,0.982017457485199,2024-04-10T14:37:00Z,14:37:00
20240410_143700.WAV,45,48,Sayornis phoebe_Eastern Phoebe,0.40272781252861023,2024-04-10T14:37:00Z,14:37:00
20240410_143700.WAV,48,51,Sayornis phoebe_Eastern Phoebe,0.904928743839264,2024-04-10T14:37:00Z,14:37:00
20240412_190300.WAV,12,15,Turdus migratorius_American Robin,0.5838670134544373,2024-04-12T19:03:00Z,19:03:00
20240415_192000.WAV,9,12,Certhia americana_Brown Creeper,0.636402428150177,2024-04-15T19:20:00Z,19:20:00
20240415_192000.WAV,9,12,Regulus regulus_Goldcrest,0.7331728935241699,2024-04-15T19:20:00Z,19:20:00
20240411_192900.WAV,6,9,Certhia americana_Brown Creeper,0.8424233794212341,2024-04-11T19:29:00Z,19:29:00
20240411_192900.WAV,12,15,Certhia americana_Brown Creeper,0.9843462705612184,2024-04-11T19:29:00Z,19:29:00
20240411_192900.WAV,15,18,Certhia americana_Brown Creeper,0.9107045531272888,2024-04-11T19:29:00Z,19:29:00
20240411_192900.WAV,21,24,Certhia americana_Brown Creeper,0.5213251709938049,2024-04-11T19:29:00Z,19:29:00
20240411_192900.WAV,24,27,Certhia americana_Brown Creeper,0.8389116525650024,2024-04-11T19:29:00Z,19:29:00
20240411_192900.WAV,27,30,Certhia americana_Brown Creeper,0.4289788603782654,2024-04-11T19:29:00Z,19:29:00
20240411_192900.WAV,30,33,Certhia americana_Brown Creeper,0.9611992835998536,2024-04-11T19:29:00Z,19:29:00
20240411_192900.WAV,36,39,Certhia americana_Brown Creeper,0.42553848028182983,2024-04-11T19:29:00Z,19:29:00
20240416_062100.WAV,6,9,Certhia americana_Brown Creeper,0.7138205766677856,2024-04-16T06:21:00Z,06:21:00
20240416_062100.WAV,12,15,Certhia americana_Brown Creeper,0.4048968553543091,2024-04-16T06:21:00Z,06:21:00
20240416_062100.WAV,21,24,Certhia americana_Brown Creeper,0.4843158423900604,2024-04-16T06:21:00Z,06:21:00
20240412_062800.WAV,3,6,Colaptes auratus_Northern Flicker,0.7761017084121704,2024-04-12T06:28:00Z,06:28:00
20240412_062800.WAV,9,12,Colaptes auratus_Northern Flicker,0.7334707975387573,2024-04-12T06:28:00Z,06:28:00
20240412_062800.WAV,12,15,Colaptes auratus_Northern Flicker,0.8554144501686096,2024-04-12T06:28:00Z,06:28:00
20240412_062800.WAV,15,18,Colaptes auratus_Northern Flicker,0.41040679812431335,2024-04-12T06:28:00Z,06:28:00
20240412_062800.WAV,48,51,Certhia americana_Brown Creeper,0.9664135575294496,2024-04-12T06:28:00Z,06:28:00
20240405_152100.WAV,3,6,Turdus migratorius_American Robin,0.9251482486724854,2024-04-05T15:21:00Z,15:21:00
20240411_160200.WAV,6,9,Certhia americana_Brown Creeper,0.48411181569099426,2024-04-11T16:02:00Z,16:02:00
20240402_150200.WAV,36,39,Porzana porzana_Spotted Crake,0.5678595304489136,2024-04-02T15:02:00Z,15:02:00
20240411_064700.WAV,0,3,Turdus migratorius_American Robin,0.4808396995067597,2024-04-11T06:47:00Z,06:47:00
20240330_190800.WAV,6,9,Anas platyrhynchos_Mallard,0.5234742760658264,2024-03-30T19:08:00Z,19:08:00
20240330_190800.WAV,9,12,Anas platyrhynchos_Mallard,0.8267093300819397,2024-03-30T19:08:00Z,19:08:00
20240330_190800.WAV,12,15,Anas platyrhynchos_Mallard,0.8169410228729248,2024-03-30T19:08:00Z,19:08:00
20240404_141500.WAV,0,3,Porzana porzana_Spotted Crake,0.41600948572158813,2024-04-04T14:15:00Z,14:15:00
20240404_141500.WAV,12,15,Porzana porzana_Spotted Crake,0.4192734360694885,2024-04-04T14:15:00Z,14:15:00
20240407_140200.WAV,24,27,Certhia americana_Brown Creeper,0.5008993148803711,2024-04-07T14:02:00Z,14:02:00
20240407_140200.WAV,42,45,Certhia americana_Brown Creeper,0.6294008493423462,2024-04-07T14:02:00Z,14:02:00
20240401_155000.WAV,6,9,Aegolius acadicus_Northern Saw-whet Owl,0.521141767501831,2024-04-01T15:50:00Z,15:50:00
20240416_065900.WAV,30,33,Turdus migratorius_American Robin,0.5241130590438843,2024-04-16T06:59:00Z,06:59:00
20240412_061500.WAV,0,3,Regulus satrapa_Golden-crowned Kinglet,0.4148651361465454,2024-04-12T06:15:00Z,06:15:00
20240412_061500.WAV,3,6,Certhia americana_Brown Creeper,0.4359651207923889,2024-04-12T06:15:00Z,06:15:00
20240412_061500.WAV,9,12,Certhia americana_Brown Creeper,0.41201773285865784,2024-04-12T06:15:00Z,06:15:00
20240412_061500.WAV,12,15,Certhia americana_Brown Creeper,0.41610926389694214,2024-04-12T06:15:00Z,06:15:00
20240412_061500.WAV,18,21,Certhia americana_Brown Creeper,0.4974453449249267,2024-04-12T06:15:00Z,06:15:00
20240412_061500.WAV,27,30,Certhia americana_Brown Creeper,0.4175448417663574,2024-04-12T06:15:00Z,06:15:00
20240412_061500.WAV,30,33,Certhia americana_Brown Creeper,0.984986126422882,2024-04-12T06:15:00Z,06:15:00
20240412_061500.WAV,33,36,Certhia americana_Brown Creeper,0.7130911350250244,2024-04-12T06:15:00Z,06:15:00
20240412_061500.WAV,39,42,Certhia americana_Brown Creeper,0.5023615956306458,2024-04-12T06:15:00Z,06:15:00
20240412_061500.WAV,42,45,Certhia americana_Brown Creeper,0.6226920485496521,2024-04-12T06:15:00Z,06:15:00
20240412_061500.WAV,48,51,Certhia americana_Brown Creeper,0.5384297370910645,2024-04-12T06:15:00Z,06:15:00
20240412_061500.WAV,51,54,Certhia americana_Brown Creeper,0.8819000720977783,2024-04-12T06:15:00Z,06:15:00
20240412_061500.WAV,54,55,Certhia americana_Brown Creeper,0.43997204303741455,2024-04-12T06:15:00Z,06:15:00
20240412_065000.WAV,0,3,Certhia americana_Brown Creeper,0.9288407564163208,2024-04-12T06:50:00Z,06:50:00
20240408_160600.WAV,48,51,Corvus brachyrhynchos_American Crow,0.4026930630207062,2024-04-08T16:06:00Z,16:06:00
20240408_064300.WAV,12,15,Dryobates pubescens_Downy Woodpecker,0.43873465061187744,2024-04-08T06:43:00Z,06:43:00
20240408_064300.WAV,27,30,Certhia americana_Brown Creeper,0.9749451875686646,2024-04-08T06:43:00Z,06:43:00
20240408_064300.WAV,36,39,Certhia americana_Brown Creeper,0.9432492256164552,2024-04-08T06:43:00Z,06:43:00
20240408_064300.WAV,48,51,Certhia americana_Brown Creeper,0.8507912755012512,2024-04-08T06:43:00Z,06:43:00
20240406_153600.WAV,42,45,Aegolius acadicus_Northern Saw-whet Owl,0.7907406687736511,2024-04-06T15:36:00Z,15:36:00
20240408_060600.WAV,3,6,Certhia americana_Brown Creeper,0.8256602883338928,2024-04-08T06:06:00Z,06:06:00
20240408_060600.WAV,15,18,Certhia americana_Brown Creeper,0.7426618337631226,2024-04-08T06:06:00Z,06:06:00
20240408_060600.WAV,24,27,Branta canadensis_Canada Goose,0.5878735184669495,2024-04-08T06:06:00Z,06:06:00
20240408_060600.WAV,27,30,Branta canadensis_Canada Goose,0.6462770700454712,2024-04-08T06:06:00Z,06:06:00
20240408_060600.WAV,30,33,Branta canadensis_Canada Goose,0.643798828125,2024-04-08T06:06:00Z,06:06:00
20240408_060600.WAV,33,36,Branta canadensis_Canada Goose,0.9052469730377196,2024-04-08T06:06:00Z,06:06:00
20240408_060600.WAV,36,39,Certhia americana_Brown Creeper,0.6128896474838257,2024-04-08T06:06:00Z,06:06:00
20240408_060600.WAV,36,39,Branta canadensis_Canada Goose,0.42479050159454346,2024-04-08T06:06:00Z,06:06:00
20240408_060600.WAV,42,45,Branta canadensis_Canada Goose,0.44581103324890137,2024-04-08T06:06:00Z,06:06:00
20240415_063600.WAV,3,6,Certhia americana_Brown Creeper,0.5851618051528931,2024-04-15T06:36:00Z,06:36:00
20240415_063600.WAV,12,15,Certhia americana_Brown Creeper,0.8670014142990112,2024-04-15T06:36:00Z,06:36:00
20240415_063600.WAV,21,24,Certhia americana_Brown Creeper,0.4178190529346466,2024-04-15T06:36:00Z,06:36:00
20240408_154200.WAV,12,15,Certhia americana_Brown Creeper,0.4397404193878174,2024-04-08T15:42:00Z,15:42:00
20240412_055100.WAV,6,9,Turdus migratorius_American Robin,0.4041779339313507,2024-04-12T05:51:00Z,05:51:00
20240401_161400.WAV,21,24,Porzana porzana_Spotted Crake,0.47917070984840393,2024-04-01T16:14:00Z,16:14:00
20240401_161400.WAV,24,27,Porzana porzana_Spotted Crake,0.6871725916862488,2024-04-01T16:14:00Z,16:14:00
20240407_070300.WAV,0,3,Certhia americana_Brown Creeper,0.819952666759491,2024-04-07T07:03:00Z,07:03:00
20240407_070300.WAV,9,12,Certhia americana_Brown Creeper,0.9337331056594848,2024-04-07T07:03:00Z,07:03:00
20240407_070300.WAV,18,21,Certhia americana_Brown Creeper,0.6964483261108398,2024-04-07T07:03:00Z,07:03:00
20240401_065100.WAV,12,15,Tetrastes bonasia_Hazel Grouse,0.6612842082977295,2024-04-01T06:51:00Z,06:51:00
20240401_065100.WAV,27,30,Turdus migratorius_American Robin,0.4157214164733886,2024-04-01T06:51:00Z,06:51:00
20240414_140300.WAV,27,30,Regulus satrapa_Golden-crowned Kinglet,0.9172793030738832,2024-04-14T14:03:00Z,14:03:00
20240405_065800.WAV,0,3,Turdus migratorius_American Robin,0.6392051577568054,2024-04-05T06:58:00Z,06:58:00
20240405_065800.WAV,3,6,Turdus migratorius_American Robin,0.5174335837364197,2024-04-05T06:58:00Z,06:58:00
20240405_065800.WAV,6,9,Turdus migratorius_American Robin,0.4077286720275879,2024-04-05T06:58:00Z,06:58:00
20240405_065800.WAV,12,15,Turdus migratorius_American Robin,0.6757031679153442,2024-04-05T06:58:00Z,06:58:00
20240405_065800.WAV,36,39,Turdus migratorius_American Robin,0.445393443107605,2024-04-05T06:58:00Z,06:58:00
20240405_065800.WAV,42,45,Turdus migratorius_American Robin,0.45661118626594543,2024-04-05T06:58:00Z,06:58:00
20240405_065800.WAV,45,48,Turdus migratorius_American Robin,0.4673344790935517,2024-04-05T06:58:00Z,06:58:00
20240405_065800.WAV,51,54,Turdus migratorius_American Robin,0.4247467815876007,2024-04-05T06:58:00Z,06:58:00
20240401_061400.WAV,0,3,Turdus migratorius_American Robin,0.5026611089706421,2024-04-01T06:14:00Z,06:14:00
20240401_061400.WAV,12,15,Turdus migratorius_American Robin,0.5235477089881897,2024-04-01T06:14:00Z,06:14:00
20240401_061400.WAV,15,18,Turdus migratorius_American Robin,0.4944101870059967,2024-04-01T06:14:00Z,06:14:00
20240401_061400.WAV,36,39,Turdus migratorius_American Robin,0.8847015500068665,2024-04-01T06:14:00Z,06:14:00
20240401_061400.WAV,45,48,Turdus migratorius_American Robin,0.4314255714416504,2024-04-01T06:14:00Z,06:14:00
20240401_061400.WAV,48,51,Turdus migratorius_American Robin,0.5562769770622253,2024-04-01T06:14:00Z,06:14:00
20240407_193500.WAV,3,6,Certhia americana_Brown Creeper,0.6604273319244385,2024-04-07T19:35:00Z,19:35:00
20240407_193500.WAV,12,15,Certhia americana_Brown Creeper,0.5952221751213074,2024-04-07T19:35:00Z,19:35:00
20240407_193500.WAV,18,21,Certhia americana_Brown Creeper,0.4497264921665192,2024-04-07T19:35:00Z,19:35:00
20240410_151700.WAV,6,9,Regulus regulus_Goldcrest,0.5136623978614807,2024-04-10T15:17:00Z,15:17:00
20240403_061700.WAV,0,3,Turdus migratorius_American Robin,0.8729479312896729,2024-04-03T06:17:00Z,06:17:00
20240403_061700.WAV,3,6,Turdus migratorius_American Robin,0.8877419233322144,2024-04-03T06:17:00Z,06:17:00
20240403_061700.WAV,6,9,Turdus migratorius_American Robin,0.6199067831039429,2024-04-03T06:17:00Z,06:17:00
20240403_061700.WAV,9,12,Turdus migratorius_American Robin,0.9351906776428224,2024-04-03T06:17:00Z,06:17:00
20240403_061700.WAV,12,15,Turdus migratorius_American Robin,0.8755987286567688,2024-04-03T06:17:00Z,06:17:00
20240403_061700.WAV,15,18,Turdus migratorius_American Robin,0.45563092827796936,2024-04-03T06:17:00Z,06:17:00
20240403_061700.WAV,18,21,Turdus migratorius_American Robin,0.9257606863975524,2024-04-03T06:17:00Z,06:17:00
20240403_061700.WAV,21,24,Turdus migratorius_American Robin,0.9124230742454528,2024-04-03T06:17:00Z,06:17:00
20240403_061700.WAV,24,27,Turdus migratorius_American Robin,0.805620551109314,2024-04-03T06:17:00Z,06:17:00
20240403_061700.WAV,27,30,Turdus migratorius_American Robin,0.6802916526794434,2024-04-03T06:17:00Z,06:17:00
20240403_061700.WAV,33,36,Turdus migratorius_American Robin,0.46580129861831665,2024-04-03T06:17:00Z,06:17:00
20240403_061700.WAV,36,39,Turdus migratorius_American Robin,0.8455154299736023,2024-04-03T06:17:00Z,06:17:00
20240403_061700.WAV,39,42,Turdus migratorius_American Robin,0.7470000386238098,2024-04-03T06:17:00Z,06:17:00
20240403_061700.WAV,45,48,Turdus migratorius_American Robin,0.4037460684776306,2024-04-03T06:17:00Z,06:17:00
20240403_061700.WAV,48,51,Turdus migratorius_American Robin,0.8958074450492859,2024-04-03T06:17:00Z,06:17:00
20240403_061700.WAV,51,54,Turdus migratorius_American Robin,0.5985485315322876,2024-04-03T06:17:00Z,06:17:00
20240411_142300.WAV,9,12,Certhia americana_Brown Creeper,0.6616660356521606,2024-04-11T14:23:00Z,14:23:00
20240411_142300.WAV,51,54,Regulus regulus_Goldcrest,0.49735304713249207,2024-04-11T14:23:00Z,14:23:00
20240404_063400.WAV,0,3,Certhia americana_Brown Creeper,0.9696046113967896,2024-04-04T06:34:00Z,06:34:00
20240404_063400.WAV,3,6,Certhia americana_Brown Creeper,0.9351206421852112,2024-04-04T06:34:00Z,06:34:00
20240404_063400.WAV,9,12,Porzana porzana_Spotted Crake,0.655134916305542,2024-04-04T06:34:00Z,06:34:00
20240404_063400.WAV,18,21,Porzana porzana_Spotted Crake,0.5081735253334045,2024-04-04T06:34:00Z,06:34:00
20240404_063400.WAV,21,24,Certhia americana_Brown Creeper,0.6427169442176819,2024-04-04T06:34:00Z,06:34:00
20240404_063400.WAV,30,33,Certhia americana_Brown Creeper,0.8820702433586121,2024-04-04T06:34:00Z,06:34:00
20240404_063400.WAV,33,36,Certhia americana_Brown Creeper,0.9641249179840088,2024-04-04T06:34:00Z,06:34:00
20240404_063400.WAV,39,42,Certhia americana_Brown Creeper,0.777210533618927,2024-04-04T06:34:00Z,06:34:00
20240404_063400.WAV,42,45,Certhia americana_Brown Creeper,0.9748163819313048,2024-04-04T06:34:00Z,06:34:00
20240404_063400.WAV,51,54,Certhia americana_Brown Creeper,0.9780752658843994,2024-04-04T06:34:00Z,06:34:00
20240410_055200.WAV,0,3,Turdus migratorius_American Robin,0.43900400400161743,2024-04-10T05:52:00Z,05:52:00
20240413_195200.WAV,15,18,Botaurus lentiginosus_American Bittern,0.5555210709571838,2024-04-13T19:52:00Z,19:52:00
20240413_195200.WAV,39,42,Botaurus lentiginosus_American Bittern,0.9195182919502258,2024-04-13T19:52:00Z,19:52:00
20240331_063700.WAV,3,6,Certhia americana_Brown Creeper,0.948167324066162,2024-03-31T06:37:00Z,06:37:00
20240331_063700.WAV,18,21,Certhia americana_Brown Creeper,0.9365959167480468,2024-03-31T06:37:00Z,06:37:00
20240331_063700.WAV,24,27,Certhia americana_Brown Creeper,0.9141075015068054,2024-03-31T06:37:00Z,06:37:00
20240331_063700.WAV,27,30,Regulus regulus_Goldcrest,0.4417998790740967,2024-03-31T06:37:00Z,06:37:00
20240331_063700.WAV,30,33,Certhia americana_Brown Creeper,0.5721399188041687,2024-03-31T06:37:00Z,06:37:00
20240331_063700.WAV,36,39,Certhia americana_Brown Creeper,0.8886116743087769,2024-03-31T06:37:00Z,06:37:00
20240331_063700.WAV,48,51,Certhia americana_Brown Creeper,0.9868820309638976,2024-03-31T06:37:00Z,06:37:00
20240331_063700.WAV,51,54,Certhia americana_Brown Creeper,0.6185925006866455,2024-03-31T06:37:00Z,06:37:00
20240331_063700.WAV,54,55,Certhia americana_Brown Creeper,0.46130406856536865,2024-03-31T06:37:00Z,06:37:00
20240409_190400.WAV,33,36,Regulus regulus_Goldcrest,0.4607958495616913,2024-04-09T19:04:00Z,19:04:00
20240410_161600.WAV,18,21,Certhia americana_Brown Creeper,0.4206431210041046,2024-04-10T16:16:00Z,16:16:00
20240412_070800.WAV,6,9,Sphyrapicus varius_Yellow-bellied Sapsucker,0.7326071262359619,2024-04-12T07:08:00Z,07:08:00
20240410_061600.WAV,3,6,Certhia americana_Brown Creeper,0.9559880495071412,2024-04-10T06:16:00Z,06:16:00
20240410_061600.WAV,6,9,Certhia americana_Brown Creeper,0.9028468132019044,2024-04-10T06:16:00Z,06:16:00
20240410_061600.WAV,9,12,Certhia americana_Brown Creeper,0.4675234258174896,2024-04-10T06:16:00Z,06:16:00
20240410_061600.WAV,9,12,Regulus satrapa_Golden-crowned Kinglet,0.43347394466400146,2024-04-10T06:16:00Z,06:16:00
20240410_061600.WAV,24,27,Certhia americana_Brown Creeper,0.4454354643821716,2024-04-10T06:16:00Z,06:16:00
20240410_061600.WAV,33,36,Certhia americana_Brown Creeper,0.41020873188972473,2024-04-10T06:16:00Z,06:16:00
20240410_061600.WAV,42,45,Certhia americana_Brown Creeper,0.43538543581962585,2024-04-10T06:16:00Z,06:16:00
20240410_061600.WAV,45,48,Certhia americana_Brown Creeper,0.913928210735321,2024-04-10T06:16:00Z,06:16:00
20240410_065300.WAV,15,18,Poecile atricapillus_Black-capped Chickadee,0.513866662979126,2024-04-10T06:53:00Z,06:53:00
20240410_065300.WAV,21,24,Poecile atricapillus_Black-capped Chickadee,0.4896519184112549,2024-04-10T06:53:00Z,06:53:00
20240410_065300.WAV,27,30,Poecile atricapillus_Black-capped Chickadee,0.42620423436164856,2024-04-10T06:53:00Z,06:53:00
20240415_155600.WAV,0,3,Certhia americana_Brown Creeper,0.7826958894729614,2024-04-15T15:56:00Z,15:56:00
20240415_155600.WAV,6,9,Certhia americana_Brown Creeper,0.4011633098125458,2024-04-15T15:56:00Z,15:56:00
20240415_155600.WAV,9,12,Certhia americana_Brown Creeper,0.6319826245307922,2024-04-15T15:56:00Z,15:56:00
20240415_155600.WAV,21,24,Certhia americana_Brown Creeper,0.8537717461585999,2024-04-15T15:56:00Z,15:56:00
20240415_155600.WAV,33,36,Certhia americana_Brown Creeper,0.814810037612915,2024-04-15T15:56:00Z,15:56:00
20240415_155600.WAV,45,48,Certhia americana_Brown Creeper,0.5138133764266968,2024-04-15T15:56:00Z,15:56:00
20240406_061300.WAV,9,12,Turdus migratorius_American Robin,0.45587629079818726,2024-04-06T06:13:00Z,06:13:00
20240406_061300.WAV,15,18,Turdus migratorius_American Robin,0.45735132694244385,2024-04-06T06:13:00Z,06:13:00
20240406_061300.WAV,18,21,Turdus migratorius_American Robin,0.5268402695655823,2024-04-06T06:13:00Z,06:13:00
20240406_061300.WAV,21,24,Turdus migratorius_American Robin,0.5523033142089844,2024-04-06T06:13:00Z,06:13:00
20240406_061300.WAV,24,27,Turdus migratorius_American Robin,0.5144762396812439,2024-04-06T06:13:00Z,06:13:00
20240406_061300.WAV,27,30,Turdus migratorius_American Robin,0.6623061895370483,2024-04-06T06:13:00Z,06:13:00
20240406_061300.WAV,30,33,Turdus migratorius_American Robin,0.6497989296913147,2024-04-06T06:13:00Z,06:13:00
20240406_061300.WAV,36,39,Turdus migratorius_American Robin,0.7257543802261353,2024-04-06T06:13:00Z,06:13:00
20240406_061300.WAV,39,42,Turdus migratorius_American Robin,0.5551095008850098,2024-04-06T06:13:00Z,06:13:00
20240406_061300.WAV,42,45,Turdus migratorius_American Robin,0.6548694372177124,2024-04-06T06:13:00Z,06:13:00
20240406_061300.WAV,51,54,Turdus migratorius_American Robin,0.6503840684890747,2024-04-06T06:13:00Z,06:13:00
20240401_063000.WAV,0,3,Turdus migratorius_American Robin,0.4982573986053467,2024-04-01T06:30:00Z,06:30:00
20240401_063000.WAV,3,6,Turdus migratorius_American Robin,0.40855157375335693,2024-04-01T06:30:00Z,06:30:00
20240401_063000.WAV,21,24,Turdus migratorius_American Robin,0.4241473376750946,2024-04-01T06:30:00Z,06:30:00
20240401_063000.WAV,30,33,Turdus migratorius_American Robin,0.5632731914520264,2024-04-01T06:30:00Z,06:30:00
20240401_063000.WAV,39,42,Turdus migratorius_American Robin,0.5290341377258301,2024-04-01T06:30:00Z,06:30:00
20240406_193800.WAV,3,6,Turdus migratorius_American Robin,0.8347878456115723,2024-04-06T19:38:00Z,19:38:00
20240406_193800.WAV,6,9,Turdus migratorius_American Robin,0.50023353099823,2024-04-06T19:38:00Z,19:38:00
20240406_193800.WAV,39,42,Turdus migratorius_American Robin,0.4667356312274933,2024-04-06T19:38:00Z,19:38:00
20240406_193800.WAV,45,48,Turdus migratorius_American Robin,0.41867953538894653,2024-04-06T19:38:00Z,19:38:00
20240405_153800.WAV,21,24,Turdus migratorius_American Robin,0.4019415974617005,2024-04-05T15:38:00Z,15:38:00
20240405_153800.WAV,42,45,Turdus migratorius_American Robin,0.5514968037605286,2024-04-05T15:38:00Z,15:38:00
20240412_063100.WAV,9,12,Poecile atricapillus_Black-capped Chickadee,0.4448549747467041,2024-04-12T06:31:00Z,06:31:00
20240412_063100.WAV,18,21,Certhia americana_Brown Creeper,0.9704478979110718,2024-04-12T06:31:00Z,06:31:00
20240412_063100.WAV,27,30,Certhia americana_Brown Creeper,0.8900496959686279,2024-04-12T06:31:00Z,06:31:00
20240412_063100.WAV,48,51,Colaptes auratus_Northern Flicker,0.8063058257102966,2024-04-12T06:31:00Z,06:31:00
20240416_063800.WAV,9,12,Sphyrapicus varius_Yellow-bellied Sapsucker,0.514948308467865,2024-04-16T06:38:00Z,06:38:00
20240416_063800.WAV,24,27,Sphyrapicus varius_Yellow-bellied Sapsucker,0.6611739993095398,2024-04-16T06:38:00Z,06:38:00
20240416_063800.WAV,48,51,Sphyrapicus varius_Yellow-bellied Sapsucker,0.6528438925743103,2024-04-16T06:38:00Z,06:38:00
20240401_153100.WAV,27,30,Aegolius acadicus_Northern Saw-whet Owl,0.5702614784240723,2024-04-01T15:31:00Z,15:31:00
20240330_191100.WAV,12,15,Turdus migratorius_American Robin,0.4238983690738678,2024-03-30T19:11:00Z,19:11:00
20240330_191100.WAV,18,21,Turdus migratorius_American Robin,0.4304665327072144,2024-03-30T19:11:00Z,19:11:00
20240330_191100.WAV,30,33,Turdus migratorius_American Robin,0.5522991418838501,2024-03-30T19:11:00Z,19:11:00
20240408_062200.WAV,24,27,Poecile atricapillus_Black-capped Chickadee,0.4586232006549835,2024-04-08T06:22:00Z,06:22:00
20240408_062200.WAV,30,33,Turdus migratorius_American Robin,0.8273727893829346,2024-04-08T06:22:00Z,06:22:00
20240415_061200.WAV,9,12,Certhia americana_Brown Creeper,0.9059398770332336,2024-04-15T06:12:00Z,06:12:00
20240415_061200.WAV,18,21,Botaurus lentiginosus_American Bittern,0.7729061245918274,2024-04-15T06:12:00Z,06:12:00
20240415_061200.WAV,21,24,Certhia americana_Brown Creeper,0.918915033340454,2024-04-15T06:12:00Z,06:12:00
20240415_061200.WAV,33,36,Certhia americana_Brown Creeper,0.9390731453895568,2024-04-15T06:12:00Z,06:12:00
20240415_061200.WAV,45,48,Certhia americana_Brown Creeper,0.6616867184638977,2024-04-15T06:12:00Z,06:12:00
20240411_193000.WAV,0,3,Certhia americana_Brown Creeper,0.935188889503479,2024-04-11T19:30:00Z,19:30:00
20240411_193000.WAV,18,21,Certhia americana_Brown Creeper,0.8735185265541077,2024-04-11T19:30:00Z,19:30:00
20240411_193000.WAV,27,30,Certhia americana_Brown Creeper,0.8913475275039673,2024-04-11T19:30:00Z,19:30:00
20240411_193000.WAV,36,39,Certhia americana_Brown Creeper,0.981849491596222,2024-04-11T19:30:00Z,19:30:00
20240411_193000.WAV,42,45,Certhia americana_Brown Creeper,0.73087310791015625,2024-04-11T19:30:00Z,19:30:00
20240411_193000.WAV,51,54,Certhia americana_Brown Creeper,0.8916833996772766,2024-04-11T19:30:00Z,19:30:00
20240411_070600.WAV,21,24,Certhia americana_Brown Creeper,0.5046131610870361,2024-04-11T07:06:00Z,07:06:00
20240411_070600.WAV,54,55,Certhia americana_Brown Creeper,0.6407206654548645,2024-04-11T07:06:00Z,07:06:00
20240402_144300.WAV,36,39,Porzana porzana_Spotted Crake,0.7394654154777527,2024-04-02T14:43:00Z,14:43:00
20240404_151100.WAV,39,42,Porzana porzana_Spotted Crake,0.622118353843689,2024-04-04T15:11:00Z,15:11:00
20240331_193800.WAV,27,30,Turdus migratorius_American Robin,0.638542115688324,2024-03-31T19:38:00Z,19:38:00
20240331_193800.WAV,36,39,Turdus migratorius_American Robin,0.6300062537193298,2024-03-31T19:38:00Z,19:38:00
20240331_193800.WAV,39,42,Turdus migratorius_American Robin,0.8085348606109619,2024-03-31T19:38:00Z,19:38:00
20240331_193800.WAV,48,51,Turdus migratorius_American Robin,0.641435444355011,2024-03-31T19:38:00Z,19:38:00
20240331_193800.WAV,51,54,Turdus migratorius_American Robin,0.5726686716079712,2024-03-31T19:38:00Z,19:38:00
20240410_063200.WAV,9,12,Certhia americana_Brown Creeper,0.9299333691596984,2024-04-10T06:32:00Z,06:32:00
20240410_063200.WAV,24,27,Certhia americana_Brown Creeper,0.7354073524475098,2024-04-10T06:32:00Z,06:32:00
20240410_063200.WAV,30,33,Sayornis phoebe_Eastern Phoebe,0.953045666217804,2024-04-10T06:32:00Z,06:32:00
20240410_063200.WAV,33,36,Sayornis phoebe_Eastern Phoebe,0.9736748337745668,2024-04-10T06:32:00Z,06:32:00
20240410_063200.WAV,36,39,Sayornis phoebe_Eastern Phoebe,0.9515155553817748,2024-04-10T06:32:00Z,06:32:00
20240410_063200.WAV,39,42,Sayornis phoebe_Eastern Phoebe,0.9702138900756836,2024-04-10T06:32:00Z,06:32:00
20240410_063200.WAV,39,42,Certhia americana_Brown Creeper,0.7402148246765137,2024-04-10T06:32:00Z,06:32:00
20240410_063200.WAV,42,45,Sayornis phoebe_Eastern Phoebe,0.9533976912498474,2024-04-10T06:32:00Z,06:32:00
20240410_063200.WAV,48,51,Sayornis phoebe_Eastern Phoebe,0.7985459566116333,2024-04-10T06:32:00Z,06:32:00
20240410_063200.WAV,51,54,Sayornis phoebe_Eastern Phoebe,0.8297540545463562,2024-04-10T06:32:00Z,06:32:00
20240331_061300.WAV,3,6,Turdus migratorius_American Robin,0.4180739223957062,2024-03-31T06:13:00Z,06:13:00
20240331_061300.WAV,6,9,Turdus migratorius_American Robin,0.5911281704902649,2024-03-31T06:13:00Z,06:13:00
20240331_061300.WAV,9,12,Turdus migratorius_American Robin,0.672796905040741,2024-03-31T06:13:00Z,06:13:00
20240331_061300.WAV,12,15,Turdus migratorius_American Robin,0.47870779037475586,2024-03-31T06:13:00Z,06:13:00
20240331_061300.WAV,18,21,Turdus migratorius_American Robin,0.5078526735305786,2024-03-31T06:13:00Z,06:13:00
20240331_061300.WAV,45,48,Turdus migratorius_American Robin,0.451212465763092,2024-03-31T06:13:00Z,06:13:00
20240414_195500.WAV,3,6,Turdus migratorius_American Robin,0.587557852268219,2024-04-14T19:55:00Z,19:55:00
20240331_065600.WAV,0,3,Turdus migratorius_American Robin,0.7306395769119263,2024-03-31T06:56:00Z,06:56:00
20240331_065600.WAV,12,15,Turdus migratorius_American Robin,0.40346795320510864,2024-03-31T06:56:00Z,06:56:00
20240331_065600.WAV,18,21,Turdus migratorius_American Robin,0.4104262888431549,2024-03-31T06:56:00Z,06:56:00
20240331_065600.WAV,42,45,Turdus migratorius_American Robin,0.6950867176055908,2024-03-31T06:56:00Z,06:56:00
20240331_065600.WAV,45,48,Turdus migratorius_American Robin,0.6515333652496338,2024-03-31T06:56:00Z,06:56:00
20240331_065600.WAV,48,51,Turdus migratorius_American Robin,0.5513119101524353,2024-03-31T06:56:00Z,06:56:00
20240403_063300.WAV,3,6,Certhia americana_Brown Creeper,0.9497143030166626,2024-04-03T06:33:00Z,06:33:00
20240403_063300.WAV,12,15,Certhia americana_Brown Creeper,0.986383855342865,2024-04-03T06:33:00Z,06:33:00
20240403_063300.WAV,21,24,Certhia americana_Brown Creeper,0.9557777643203736,2024-04-03T06:33:00Z,06:33:00
20240403_063300.WAV,27,30,Turdus migratorius_American Robin,0.4090568423271179,2024-04-03T06:33:00Z,06:33:00
20240403_063300.WAV,30,33,Certhia americana_Brown Creeper,0.9808072447776794,2024-04-03T06:33:00Z,06:33:00
20240403_063300.WAV,36,39,Certhia americana_Brown Creeper,0.8798054456710815,2024-04-03T06:33:00Z,06:33:00
20240403_063300.WAV,45,48,Certhia americana_Brown Creeper,0.9392158389091492,2024-04-03T06:33:00Z,06:33:00
20240403_063300.WAV,51,54,Certhia americana_Brown Creeper,0.7708750367164612,2024-04-03T06:33:00Z,06:33:00
20240403_063300.WAV,54,55,Certhia americana_Brown Creeper,0.7184987664222717,2024-04-03T06:33:00Z,06:33:00
20240411_140700.WAV,6,9,Poecile gambeli_Mountain Chickadee,0.4028921127319336,2024-04-11T14:07:00Z,14:07:00
20240402_070700.WAV,39,42,Anas platyrhynchos_Mallard,0.4740593433380127,2024-04-02T07:07:00Z,07:07:00
20240411_144200.WAV,15,18,Regulus satrapa_Golden-crowned Kinglet,0.818922758102417,2024-04-11T14:42:00Z,14:42:00
20240404_065500.WAV,36,39,Regulus regulus_Goldcrest,0.777170717716217,2024-04-04T06:55:00Z,06:55:00
20240404_065500.WAV,51,54,Poecile gambeli_Mountain Chickadee,0.49552640318870544,2024-04-04T06:55:00Z,06:55:00
20240331_151200.WAV,24,27,Certhia americana_Brown Creeper,0.8259546160697937,2024-03-31T15:12:00Z,15:12:00
20240331_151200.WAV,27,30,Corvus brachyrhynchos_American Crow,0.5200242400169373,2024-03-31T15:12:00Z,15:12:00
20240331_151200.WAV,42,45,Certhia americana_Brown Creeper,0.9186651706695556,2024-03-31T15:12:00Z,15:12:00
20240331_151200.WAV,51,54,Corvus brachyrhynchos_American Crow,0.5938682556152344,2024-03-31T15:12:00Z,15:12:00
20240414_150700.WAV,0,3,Certhia americana_Brown Creeper,0.9600289463996888,2024-04-14T15:07:00Z,15:07:00
20240414_150700.WAV,12,15,Certhia americana_Brown Creeper,0.4572204351425171,2024-04-14T15:07:00Z,15:07:00
20240414_150700.WAV,15,18,Certhia americana_Brown Creeper,0.6023869514465332,2024-04-14T15:07:00Z,15:07:00
20240414_150700.WAV,24,27,Certhia americana_Brown Creeper,0.5707981586456299,2024-04-14T15:07:00Z,15:07:00
20240414_150700.WAV,30,33,Certhia americana_Brown Creeper,0.6811200976371765,2024-04-14T15:07:00Z,15:07:00
20240414_150700.WAV,45,48,Certhia americana_Brown Creeper,0.4605380296707154,2024-04-14T15:07:00Z,15:07:00
20240407_064200.WAV,24,27,Certhia americana_Brown Creeper,0.6831457614898682,2024-04-07T06:42:00Z,06:42:00
20240409_153700.WAV,6,9,Poecile atricapillus_Black-capped Chickadee,0.7057335376739502,2024-04-09T15:37:00Z,15:37:00
20240409_153700.WAV,33,36,Poecile atricapillus_Black-capped Chickadee,0.4815560281276703,2024-04-09T15:37:00Z,15:37:00
20240409_153700.WAV,48,51,Poecile gambeli_Mountain Chickadee,0.5324996709823608,2024-04-09T15:37:00Z,15:37:00
20240407_060700.WAV,0,3,Turdus migratorius_American Robin,0.4343512654304504,2024-04-07T06:07:00Z,06:07:00
20240407_060700.WAV,6,9,Certhia americana_Brown Creeper,0.5340255498886108,2024-04-07T06:07:00Z,06:07:00
20240408_140300.WAV,6,9,Corvus brachyrhynchos_American Crow,0.4054153561592102,2024-04-08T14:03:00Z,14:03:00
20240408_140300.WAV,18,21,Corvus brachyrhynchos_American Crow,0.6208827495574951,2024-04-08T14:03:00Z,14:03:00
20240408_140300.WAV,27,30,Corvus brachyrhynchos_American Crow,0.7792154550552368,2024-04-08T14:03:00Z,14:03:00
20240408_140300.WAV,45,48,Certhia americana_Brown Creeper,0.4445371329784394,2024-04-08T14:03:00Z,14:03:00
20240404_190600.WAV,0,3,Certhia americana_Brown Creeper,0.4561865329742432,2024-04-04T19:06:00Z,19:06:00
20240404_190600.WAV,51,54,Certhia americana_Brown Creeper,0.4201159477233886,2024-04-04T19:06:00Z,19:06:00
20240408_070200.WAV,15,18,Turdus migratorius_American Robin,0.4090732038021088,2024-04-08T07:02:00Z,07:02:00
20240408_070200.WAV,33,36,Certhia americana_Brown Creeper,0.744846522808075,2024-04-08T07:02:00Z,07:02:00
20240408_070200.WAV,39,42,Turdus migratorius_American Robin,0.5304055213928223,2024-04-08T07:02:00Z,07:02:00
20240408_070200.WAV,42,45,Certhia americana_Brown Creeper,0.7432857155799866,2024-04-08T07:02:00Z,07:02:00
20240408_070200.WAV,51,54,Certhia americana_Brown Creeper,0.7715606689453125,2024-04-08T07:02:00Z,07:02:00
20240413_062500.WAV,3,6,Certhia americana_Brown Creeper,0.8343976140022278,2024-04-13T06:25:00Z,06:25:00
20240413_062500.WAV,9,12,Certhia americana_Brown Creeper,0.4329698979854584,2024-04-13T06:25:00Z,06:25:00
20240413_062500.WAV,12,15,Certhia americana_Brown Creeper,0.8592078685760498,2024-04-13T06:25:00Z,06:25:00
20240413_062500.WAV,18,21,Certhia americana_Brown Creeper,0.8265500664710999,2024-04-13T06:25:00Z,06:25:00
20240413_062500.WAV,21,24,Certhia americana_Brown Creeper,0.9371143579483032,2024-04-13T06:25:00Z,06:25:00
20240413_062500.WAV,30,33,Certhia americana_Brown Creeper,0.9791269898414612,2024-04-13T06:25:00Z,06:25:00
20240413_062500.WAV,39,42,Certhia americana_Brown Creeper,0.9820228219032288,2024-04-13T06:25:00Z,06:25:00
20240413_062500.WAV,48,51,Certhia americana_Brown Creeper,0.915472686290741,2024-04-13T06:25:00Z,06:25:00
20240414_060600.WAV,42,45,Certhia americana_Brown Creeper,0.41983699798583984,2024-04-14T06:06:00Z,06:06:00
20240414_060600.WAV,51,54,Certhia americana_Brown Creeper,0.9325703978538512,2024-04-14T06:06:00Z,06:06:00
20240414_060600.WAV,54,55,Certhia americana_Brown Creeper,0.4026745557785034,2024-04-14T06:06:00Z,06:06:00
20240409_063600.WAV,24,27,Certhia americana_Brown Creeper,0.6659221649169922,2024-04-09T06:36:00Z,06:36:00
20240409_063600.WAV,36,39,Certhia americana_Brown Creeper,0.934641659259796,2024-04-09T06:36:00Z,06:36:00
20240409_063600.WAV,48,51,Certhia americana_Brown Creeper,0.7967002987861633,2024-04-09T06:36:00Z,06:36:00
20240331_190500.WAV,33,36,Turdus migratorius_American Robin,0.6900174021720886,2024-03-31T19:05:00Z,19:05:00
20240414_064300.WAV,24,27,Corvus brachyrhynchos_American Crow,0.954277276992798,2024-04-14T06:43:00Z,06:43:00
20240414_064300.WAV,24,27,Certhia americana_Brown Creeper,0.5044478178024292,2024-04-14T06:43:00Z,06:43:00
20240414_064300.WAV,33,36,Certhia americana_Brown Creeper,0.5973923802375793,2024-04-14T06:43:00Z,06:43:00
20240412_071100.WAV,27,30,Certhia americana_Brown Creeper,0.8955515623092651,2024-04-12T07:11:00Z,07:11:00
20240412_071100.WAV,30,33,Certhia americana_Brown Creeper,0.7577305436134338,2024-04-12T07:11:00Z,07:11:00
20240412_071100.WAV,39,42,Certhia americana_Brown Creeper,0.6063511967658997,2024-04-12T07:11:00Z,07:11:00
20240412_071100.WAV,39,42,Regulus regulus_Goldcrest,0.4374446868896485,2024-04-12T07:11:00Z,07:11:00
20240412_071100.WAV,48,51,Certhia americana_Brown Creeper,0.45063188672065735,2024-04-12T07:11:00Z,07:11:00
20240410_192400.WAV,12,15,Certhia americana_Brown Creeper,0.5892313122749329,2024-04-10T19:24:00Z,19:24:00
20240410_192400.WAV,24,27,Certhia americana_Brown Creeper,0.6660035848617554,2024-04-10T19:24:00Z,19:24:00
20240410_192400.WAV,33,36,Turdus migratorius_American Robin,0.4518849551677704,2024-04-10T19:24:00Z,19:24:00
20240410_192400.WAV,36,39,Certhia americana_Brown Creeper,0.44743481278419495,2024-04-10T19:24:00Z,19:24:00
20240410_192400.WAV,48,51,Certhia americana_Brown Creeper,0.4632852077484131,2024-04-10T19:24:00Z,19:24:00
20240405_154000.WAV,24,27,Turdus migratorius_American Robin,0.5446476340293884,2024-04-05T15:40:00Z,15:40:00
20240412_064900.WAV,12,15,Certhia americana_Brown Creeper,0.8110361099243164,2024-04-12T06:49:00Z,06:49:00
20240412_064900.WAV,24,27,Certhia americana_Brown Creeper,0.7426440119743347,2024-04-12T06:49:00Z,06:49:00
20240412_064900.WAV,45,48,Certhia americana_Brown Creeper,0.7416343092918396,2024-04-12T06:49:00Z,06:49:00
20240416_060500.WAV,6,9,Colaptes auratus_Northern Flicker,0.8221643567085266,2024-04-16T06:05:00Z,06:05:00
20240416_060500.WAV,9,12,Colaptes auratus_Northern Flicker,0.6169384121894836,2024-04-16T06:05:00Z,06:05:00
20240416_060500.WAV,36,39,Colaptes auratus_Northern Flicker,0.8437530398368835,2024-04-16T06:05:00Z,06:05:00
20240416_060500.WAV,39,42,Colaptes auratus_Northern Flicker,0.8587766885757446,2024-04-16T06:05:00Z,06:05:00
20240416_060500.WAV,51,54,Poecile gambeli_Mountain Chickadee,0.5210983157157898,2024-04-16T06:05:00Z,06:05:00
20240416_064000.WAV,36,39,Aegolius acadicus_Northern Saw-whet Owl,0.6843940019607544,2024-04-16T06:40:00Z,06:40:00
20240410_071200.WAV,0,3,Sayornis phoebe_Eastern Phoebe,0.4131111204624176,2024-04-10T07:12:00Z,07:12:00
20240410_071200.WAV,15,18,Sayornis phoebe_Eastern Phoebe,0.6297040581703186,2024-04-10T07:12:00Z,07:12:00
20240410_071200.WAV,33,36,Sayornis phoebe_Eastern Phoebe,0.7411231994628906,2024-04-10T07:12:00Z,07:12:00
20240410_071200.WAV,39,42,Sayornis phoebe_Eastern Phoebe,0.7571897506713867,2024-04-10T07:12:00Z,07:12:00
20240410_071200.WAV,42,45,Sayornis phoebe_Eastern Phoebe,0.7457219362258911,2024-04-10T07:12:00Z,07:12:00
20240410_071200.WAV,45,48,Sayornis phoebe_Eastern Phoebe,0.4044784605503082,2024-04-10T07:12:00Z,07:12:00
20240410_071200.WAV,48,51,Sayornis phoebe_Eastern Phoebe,0.817988932132721,2024-04-10T07:12:00Z,07:12:00
20240410_071200.WAV,48,51,Regulus satrapa_Golden-crowned Kinglet,0.4249056577682495,2024-04-10T07:12:00Z,07:12:00
20240402_152600.WAV,18,21,Porzana porzana_Spotted Crake,0.5388895869255066,2024-04-02T15:26:00Z,15:26:00
20240402_152600.WAV,24,27,Porzana porzana_Spotted Crake,0.5016671419143677,2024-04-02T15:26:00Z,15:26:00
20240402_152600.WAV,27,30,Porzana porzana_Spotted Crake,0.433181494474411,2024-04-02T15:26:00Z,15:26:00
20240402_152600.WAV,30,33,Porzana porzana_Spotted Crake,0.4082399010658264,2024-04-02T15:26:00Z,15:26:00
20240411_062600.WAV,6,9,Certhia americana_Brown Creeper,0.5780800580978394,2024-04-11T06:26:00Z,06:26:00
20240411_062600.WAV,39,42,Certhia americana_Brown Creeper,0.579214870929718,2024-04-11T06:26:00Z,06:26:00
20240411_062600.WAV,39,42,Regulus regulus_Goldcrest,0.5708954930305481,2024-04-11T06:26:00Z,06:26:00
20240411_062600.WAV,45,48,Certhia americana_Brown Creeper,0.770932137966156,2024-04-11T06:26:00Z,06:26:00
20240404_143100.WAV,6,9,Porzana porzana_Spotted Crake,0.4247068762779236,2024-04-04T14:31:00Z,14:31:00
20240415_190400.WAV,42,45,Turdus migratorius_American Robin,0.5462012887001038,2024-04-15T19:04:00Z,19:04:00
20240408_193400.WAV,12,15,Turdus migratorius_American Robin,0.7058039307594299,2024-04-08T19:34:00Z,19:34:00
20240415_194100.WAV,0,3,Turdus migratorius_American Robin,0.6368542313575745,2024-04-15T19:41:00Z,19:41:00
20240402_062700.WAV,0,3,Certhia americana_Brown Creeper,0.46500787138938904,2024-04-02T06:27:00Z,06:27:00
20240412_054800.WAV,30,33,Turdus migratorius_American Robin,0.47338107228279114,2024-04-12T05:48:00Z,05:48:00
20240405_164100.WAV,30,33,Turdus migratorius_American Robin,0.4707794487476349,2024-04-05T16:41:00Z,16:41:00
20240411_152700.WAV,18,21,Certhia americana_Brown Creeper,0.6470601558685303,2024-04-11T15:27:00Z,15:27:00
20240411_152700.WAV,24,27,Certhia americana_Brown Creeper,0.49909043312072754,2024-04-11T15:27:00Z,15:27:00
20240411_152700.WAV,42,45,Certhia americana_Brown Creeper,0.7463105916976929,2024-04-11T15:27:00Z,15:27:00
20240401_164800.WAV,27,30,Aegolius acadicus_Northern Saw-whet Owl,0.6095575094223022,2024-04-01T16:48:00Z,16:48:00
20240413_143900.WAV,30,33,Porzana porzana_Spotted Crake,0.42171016335487366,2024-04-13T14:39:00Z,14:39:00
20240405_064100.WAV,9,12,Turdus migratorius_American Robin,0.7212258577346802,2024-04-05T06:41:00Z,06:41:00
20240405_064100.WAV,15,18,Turdus migratorius_American Robin,0.471629410982132,2024-04-05T06:41:00Z,06:41:00
20240405_064100.WAV,18,21,Turdus migratorius_American Robin,0.6153894066810608,2024-04-05T06:41:00Z,06:41:00
20240405_064100.WAV,27,30,Turdus migratorius_American Robin,0.49188560247421265,2024-04-05T06:41:00Z,06:41:00
20240405_064100.WAV,45,48,Turdus migratorius_American Robin,0.46864843368530273,2024-04-05T06:41:00Z,06:41:00
20240405_064100.WAV,51,54,Turdus migratorius_American Robin,0.40867456793785095,2024-04-05T06:41:00Z,06:41:00
20240410_145600.WAV,51,54,Certhia americana_Brown Creeper,0.6725401878356934,2024-04-10T14:56:00Z,14:56:00
20240402_162700.WAV,3,6,Corvus brachyrhynchos_American Crow,0.5401616096496582,2024-04-02T16:27:00Z,16:27:00
20240401_064800.WAV,42,45,Turdus migratorius_American Robin,0.646531879901886,2024-04-01T06:48:00Z,06:48:00
20240410_141300.WAV,21,24,Turdus migratorius_American Robin,0.40749844908714294,2024-04-10T14:13:00Z,14:13:00
20240410_141300.WAV,39,42,Turdus migratorius_American Robin,0.42476674914360046,2024-04-10T14:13:00Z,14:13:00
20240410_141300.WAV,51,54,Regulus satrapa_Golden-crowned Kinglet,0.728213906288147,2024-04-10T14:13:00Z,14:13:00
20240406_194000.WAV,0,3,Turdus migratorius_American Robin,0.8160224556922913,2024-04-06T19:40:00Z,19:40:00
20240406_194000.WAV,27,30,Turdus migratorius_American Robin,0.8825504779815674,2024-04-06T19:40:00Z,19:40:00
20240401_192600.WAV,36,39,Turdus migratorius_American Robin,0.4835038483142853,2024-04-01T19:26:00Z,19:26:00
20240401_192600.WAV,39,42,Turdus migratorius_American Robin,0.6987004280090332,2024-04-01T19:26:00Z,19:26:00
20240401_192600.WAV,51,54,Turdus migratorius_American Robin,0.518410325050354,2024-04-01T19:26:00Z,19:26:00
20240413_194900.WAV,39,42,Botaurus lentiginosus_American Bittern,0.5533592700958252,2024-04-13T19:49:00Z,19:49:00
20240413_194900.WAV,42,45,Botaurus lentiginosus_American Bittern,0.500198483467102,2024-04-13T19:49:00Z,19:49:00
20240410_192600.WAV,3,6,Certhia americana_Brown Creeper,0.6155036091804504,2024-04-10T19:26:00Z,19:26:00
20240410_192600.WAV,6,9,Turdus migratorius_American Robin,0.5980003476142883,2024-04-10T19:26:00Z,19:26:00
20240410_192600.WAV,15,18,Certhia americana_Brown Creeper,0.7684710025787354,2024-04-10T19:26:00Z,19:26:00
20240410_192600.WAV,18,21,Turdus migratorius_American Robin,0.5852952003479004,2024-04-10T19:26:00Z,19:26:00
20240410_192600.WAV,24,27,Turdus migratorius_American Robin,0.7216256260871887,2024-04-10T19:26:00Z,19:26:00
20240410_192600.WAV,30,33,Certhia americana_Brown Creeper,0.714138925075531,2024-04-10T19:26:00Z,19:26:00
20240410_192600.WAV,39,42,Certhia americana_Brown Creeper,0.6059479117393494,2024-04-10T19:26:00Z,19:26:00
20240410_192600.WAV,45,48,Certhia americana_Brown Creeper,0.8459634184837341,2024-04-10T19:26:00Z,19:26:00
20240408_070000.WAV,15,18,Aix sponsa_Wood Duck,0.946422278881073,2024-04-08T07:00:00Z,07:00:00
20240408_070000.WAV,18,21,Aix sponsa_Wood Duck,0.9978919625282288,2024-04-08T07:00:00Z,07:00:00
20240402_143900.WAV,24,27,Porzana porzana_Spotted Crake,0.4933029115200043,2024-04-02T14:39:00Z,14:39:00
20240414_160400.WAV,0,3,Botaurus lentiginosus_American Bittern,0.5716701149940491,2024-04-14T16:04:00Z,16:04:00
20240414_160400.WAV,12,15,Botaurus lentiginosus_American Bittern,0.6130180954933167,2024-04-14T16:04:00Z,16:04:00
20240413_062700.WAV,9,12,Certhia americana_Brown Creeper,0.957874834537506,2024-04-13T06:27:00Z,06:27:00
20240413_062700.WAV,18,21,Certhia americana_Brown Creeper,0.9107204675674438,2024-04-13T06:27:00Z,06:27:00
20240413_062700.WAV,27,30,Certhia americana_Brown Creeper,0.9711167216300964,2024-04-13T06:27:00Z,06:27:00
20240413_062700.WAV,30,33,Certhia americana_Brown Creeper,0.8830044269561768,2024-04-13T06:27:00Z,06:27:00
20240414_060400.WAV,12,15,Certhia americana_Brown Creeper,0.48768600821495056,2024-04-14T06:04:00Z,06:04:00
20240414_060400.WAV,18,21,Certhia americana_Brown Creeper,0.9707985520362854,2024-04-14T06:04:00Z,06:04:00
20240414_060400.WAV,21,24,Certhia americana_Brown Creeper,0.901628851890564,2024-04-14T06:04:00Z,06:04:00
20240414_060400.WAV,30,33,Certhia americana_Brown Creeper,0.8304551243782043,2024-04-14T06:04:00Z,06:04:00
20240414_060400.WAV,48,51,Certhia americana_Brown Creeper,0.5078412890434265,2024-04-14T06:04:00Z,06:04:00
20240409_063400.WAV,15,18,Turdus migratorius_American Robin,0.5338802933692932,2024-04-09T06:34:00Z,06:34:00
20240409_063400.WAV,45,48,Certhia americana_Brown Creeper,0.4038187563419342,2024-04-09T06:34:00Z,06:34:00
20240407_150400.WAV,0,3,Certhia americana_Brown Creeper,0.7631291151046753,2024-04-07T15:04:00Z,15:04:00
20240407_150400.WAV,9,12,Regulus regulus_Goldcrest,0.5057628750801086,2024-04-07T15:04:00Z,15:04:00
20240407_150400.WAV,18,21,Certhia americana_Brown Creeper,0.46987631916999817,2024-04-07T15:04:00Z,15:04:00
20240407_150400.WAV,21,24,Certhia americana_Brown Creeper,0.8249642252922058,2024-04-07T15:04:00Z,15:04:00
20240412_071300.WAV,18,21,Regulus regulus_Goldcrest,0.6100272536277771,2024-04-12T07:13:00Z,07:13:00
20240401_145600.WAV,15,18,Aegolius acadicus_Northern Saw-whet Owl,0.5754651427268982,2024-04-01T14:56:00Z,14:56:00
20240404_190400.WAV,51,54,Regulus satrapa_Golden-crowned Kinglet,0.6027657389640808,2024-04-04T19:04:00Z,19:04:00
20240414_150500.WAV,0,3,Certhia americana_Brown Creeper,0.93826562166214,2024-04-14T15:05:00Z,15:05:00
20240414_150500.WAV,9,12,Certhia americana_Brown Creeper,0.8164065480232239,2024-04-14T15:05:00Z,15:05:00
20240414_150500.WAV,12,15,Certhia americana_Brown Creeper,0.5879660248756409,2024-04-14T15:05:00Z,15:05:00
20240414_150500.WAV,18,21,Certhia americana_Brown Creeper,0.888173520565033,2024-04-14T15:05:00Z,15:05:00
20240414_150500.WAV,27,30,Certhia americana_Brown Creeper,0.92188096046447765,2024-04-14T15:05:00Z,15:05:00
20240414_150500.WAV,42,45,Certhia americana_Brown Creeper,0.9208131432533264,2024-04-14T15:05:00Z,15:05:00
20240414_150500.WAV,45,48,Anas platyrhynchos_Mallard,0.6445249319076538,2024-04-14T15:05:00Z,15:05:00
20240407_064000.WAV,0,3,Certhia americana_Brown Creeper,0.4410814046859741,2024-04-07T06:40:00Z,06:40:00
20240407_064000.WAV,3,6,Certhia americana_Brown Creeper,0.8803768157958984,2024-04-07T06:40:00Z,06:40:00
20240407_064000.WAV,9,12,Certhia americana_Brown Creeper,0.9034637212753296,2024-04-07T06:40:00Z,06:40:00
20240407_064000.WAV,12,15,Certhia americana_Brown Creeper,0.6564748287200928,2024-04-07T06:40:00Z,06:40:00
20240407_064000.WAV,18,21,Certhia americana_Brown Creeper,0.9450246691703796,2024-04-07T06:40:00Z,06:40:00
20240407_064000.WAV,30,33,Certhia americana_Brown Creeper,0.7657766342163086,2024-04-07T06:40:00Z,06:40:00
20240407_064000.WAV,33,36,Aegolius acadicus_Northern Saw-whet Owl,0.6870108842849731,2024-04-07T06:40:00Z,06:40:00
20240407_064000.WAV,39,42,Certhia americana_Brown Creeper,0.9629805088043212,2024-04-07T06:40:00Z,06:40:00
20240407_064000.WAV,51,54,Certhia americana_Brown Creeper,0.7494753003120422,2024-04-07T06:40:00Z,06:40:00
20240401_071200.WAV,6,9,Turdus migratorius_American Robin,0.459705263376236,2024-04-01T07:12:00Z,07:12:00
20240409_153500.WAV,3,6,Poecile atricapillus_Black-capped Chickadee,0.436820387840271,2024-04-09T15:35:00Z,15:35:00
20240409_153500.WAV,39,42,Poecile atricapillus_Black-capped Chickadee,0.40781933069229126,2024-04-09T15:35:00Z,15:35:00
20240409_153500.WAV,42,45,Poecile gambeli_Mountain Chickadee,0.6034619212150574,2024-04-09T15:35:00Z,15:35:00
20240407_060500.WAV,24,27,Turdus migratorius_American Robin,0.5091605186462402,2024-04-07T06:05:00Z,06:05:00
20240408_140100.WAV,12,15,Corvus brachyrhynchos_American Crow,0.4399910569190979,2024-04-08T14:01:00Z,14:01:00
20240408_140100.WAV,21,24,Corvus brachyrhynchos_American Crow,0.4306475222110748,2024-04-08T14:01:00Z,14:01:00
20240408_140100.WAV,30,33,Corvus brachyrhynchos_American Crow,0.5938959717750549,2024-04-08T14:01:00Z,14:01:00
20240407_164000.WAV,0,3,Branta canadensis_Canada Goose,0.4596692025661469,2024-04-07T16:40:00Z,16:40:00
20240407_164000.WAV,6,9,Branta canadensis_Canada Goose,0.4460033774375915,2024-04-07T16:40:00Z,16:40:00
20240407_164000.WAV,9,12,Branta canadensis_Canada Goose,0.4905311167240143,2024-04-07T16:40:00Z,16:40:00
20240407_164000.WAV,15,18,Branta canadensis_Canada Goose,0.7336047887802124,2024-04-07T16:40:00Z,16:40:00
20240410_054900.WAV,51,54,Turdus migratorius_American Robin,0.43470481038093567,2024-04-10T05:49:00Z,05:49:00
20240411_143800.WAV,33,36,Poecile atricapillus_Black-capped Chickadee,0.5061227083206177,2024-04-11T14:38:00Z,14:38:00
20240406_194200.WAV,12,15,Turdus migratorius_American Robin,0.470773845911026,2024-04-06T19:42:00Z,19:42:00
20240406_194200.WAV,24,27,Turdus migratorius_American Robin,0.40557920932769775,2024-04-06T19:42:00Z,19:42:00
20240406_194200.WAV,33,36,Turdus migratorius_American Robin,0.5161559581756592,2024-04-06T19:42:00Z,19:42:00
20240406_190700.WAV,6,9,Turdus migratorius_American Robin,0.4768983721733093,2024-04-06T19:07:00Z,19:07:00
20240406_190700.WAV,21,24,Turdus migratorius_American Robin,0.6520599722862244,2024-04-06T19:07:00Z,19:07:00
20240406_190700.WAV,27,30,Turdus migratorius_American Robin,0.40569132566452026,2024-04-06T19:07:00Z,19:07:00
20240406_190700.WAV,36,39,Turdus migratorius_American Robin,0.7783680558204651,2024-04-06T19:07:00Z,19:07:00
20240406_190700.WAV,39,42,Turdus migratorius_American Robin,0.5664599537849426,2024-04-06T19:07:00Z,19:07:00
20240406_190700.WAV,42,45,Turdus migratorius_American Robin,0.5781016945838928,2024-04-06T19:07:00Z,19:07:00
20240406_190700.WAV,45,48,Turdus migratorius_American Robin,0.6883902549743652,2024-04-06T19:07:00Z,19:07:00
20240402_062500.WAV,48,51,Certhia americana_Brown Creeper,0.4056962728500366,2024-04-02T06:25:00Z,06:25:00
20240405_164300.WAV,6,9,Turdus migratorius_American Robin,0.4644755721092224,2024-04-05T16:43:00Z,16:43:00
20240411_152500.WAV,27,30,Certhia americana_Brown Creeper,0.8997912406921387,2024-04-11T15:25:00Z,15:25:00
20240411_152500.WAV,30,33,Certhia americana_Brown Creeper,0.5421579480171204,2024-04-11T15:25:00Z,15:25:00
20240411_152500.WAV,36,39,Certhia americana_Brown Creeper,0.8592106699943542,2024-04-11T15:25:00Z,15:25:00
20240411_152500.WAV,39,42,Certhia americana_Brown Creeper,0.6204904317855835,2024-04-11T15:25:00Z,15:25:00
20240411_152500.WAV,42,45,Certhia americana_Brown Creeper,0.9764092564582824,2024-04-11T15:25:00Z,15:25:00
20240405_064300.WAV,0,3,Turdus migratorius_American Robin,0.7131860256195068,2024-04-05T06:43:00Z,06:43:00
20240405_064300.WAV,3,6,Turdus migratorius_American Robin,0.6925269961357117,2024-04-05T06:43:00Z,06:43:00
20240405_064300.WAV,6,9,Turdus migratorius_American Robin,0.4097031354904175,2024-04-05T06:43:00Z,06:43:00
20240405_064300.WAV,9,12,Turdus migratorius_American Robin,0.44299784302711487,2024-04-05T06:43:00Z,06:43:00
20240405_064300.WAV,12,15,Turdus migratorius_American Robin,0.5339022874832153,2024-04-05T06:43:00Z,06:43:00
20240405_064300.WAV,27,30,Turdus migratorius_American Robin,0.5148483514785767,2024-04-05T06:43:00Z,06:43:00
20240405_064300.WAV,36,39,Turdus migratorius_American Robin,0.45657750964164734,2024-04-05T06:43:00Z,06:43:00
20240405_064300.WAV,39,42,Turdus migratorius_American Robin,0.5077304244041443,2024-04-05T06:43:00Z,06:43:00
20240405_064300.WAV,48,51,Turdus migratorius_American Robin,0.4877591729164123,2024-04-05T06:43:00Z,06:43:00
20240410_141100.WAV,3,6,Dryobates pubescens_Downy Woodpecker,0.7183389663696289,2024-04-10T14:11:00Z,14:11:00
20240412_192500.WAV,21,24,Botaurus lentiginosus_American Bittern,0.5738766193389893,2024-04-12T19:25:00Z,19:25:00
20240408_193600.WAV,3,6,Turdus migratorius_American Robin,0.6097081899642944,2024-04-08T19:36:00Z,19:36:00
20240408_193600.WAV,15,18,Turdus migratorius_American Robin,0.5419430136680603,2024-04-08T19:36:00Z,19:36:00
20240416_060700.WAV,9,12,Colaptes auratus_Northern Flicker,0.7877668142318726,2024-04-16T06:07:00Z,06:07:00
20240416_060700.WAV,12,15,Colaptes auratus_Northern Flicker,0.9085856676101683,2024-04-16T06:07:00Z,06:07:00
20240416_060700.WAV,30,33,Sphyrapicus varius_Yellow-bellied Sapsucker,0.8610098361968994,2024-04-16T06:07:00Z,06:07:00
20240416_060700.WAV,36,39,Colaptes auratus_Northern Flicker,0.47639235854148865,2024-04-16T06:07:00Z,06:07:00
20240416_060700.WAV,39,42,Colaptes auratus_Northern Flicker,0.7928428053855896,2024-04-16T06:07:00Z,06:07:00
20240416_060700.WAV,42,45,Colaptes auratus_Northern Flicker,0.4129703342914582,2024-04-16T06:07:00Z,06:07:00
20240416_060700.WAV,45,48,Poecile atricapillus_Black-capped Chickadee,0.4559358060359955,2024-04-16T06:07:00Z,06:07:00
20240410_071000.WAV,3,6,Sayornis phoebe_Eastern Phoebe,0.7535517811775208,2024-04-10T07:10:00Z,07:10:00
20240410_071000.WAV,6,9,Sayornis phoebe_Eastern Phoebe,0.995732605457306,2024-04-10T07:10:00Z,07:10:00
20240410_071000.WAV,9,12,Sayornis phoebe_Eastern Phoebe,0.9585761427879332,2024-04-10T07:10:00Z,07:10:00
20240410_071000.WAV,12,15,Sayornis phoebe_Eastern Phoebe,0.9032627940177916,2024-04-10T07:10:00Z,07:10:00
20240410_071000.WAV,15,18,Sayornis phoebe_Eastern Phoebe,0.9716854095458984,2024-04-10T07:10:00Z,07:10:00
20240410_071000.WAV,18,21,Sayornis phoebe_Eastern Phoebe,0.9639139771461488,2024-04-10T07:10:00Z,07:10:00
20240410_071000.WAV,21,24,Sayornis phoebe_Eastern Phoebe,0.7737267017364502,2024-04-10T07:10:00Z,07:10:00
20240410_071000.WAV,24,27,Sayornis phoebe_Eastern Phoebe,0.8316659927368164,2024-04-10T07:10:00Z,07:10:00
20240410_071000.WAV,24,27,Certhia americana_Brown Creeper,0.40924638509750366,2024-04-10T07:10:00Z,07:10:00
20240410_071000.WAV,27,30,Sayornis phoebe_Eastern Phoebe,0.5780206322669983,2024-04-10T07:10:00Z,07:10:00
20240410_071000.WAV,30,33,Sayornis phoebe_Eastern Phoebe,0.9561930298805236,2024-04-10T07:10:00Z,07:10:00
20240410_071000.WAV,33,36,Sayornis phoebe_Eastern Phoebe,0.9008133411407472,2024-04-10T07:10:00Z,07:10:00
20240410_071000.WAV,36,39,Sayornis phoebe_Eastern Phoebe,0.987244188785553,2024-04-10T07:10:00Z,07:10:00
20240410_071000.WAV,39,42,Sayornis phoebe_Eastern Phoebe,0.8126693367958069,2024-04-10T07:10:00Z,07:10:00
20240410_071000.WAV,42,45,Sayornis phoebe_Eastern Phoebe,0.8825984001159668,2024-04-10T07:10:00Z,07:10:00
20240410_071000.WAV,51,54,Sayornis phoebe_Eastern Phoebe,0.9547718167304992,2024-04-10T07:10:00Z,07:10:00
20240411_162400.WAV,3,6,Regulus satrapa_Golden-crowned Kinglet,0.43717995285987854,2024-04-11T16:24:00Z,16:24:00
20240411_162400.WAV,9,12,Colaptes auratus_Northern Flicker,0.6984182000160217,2024-04-11T16:24:00Z,16:24:00
20240411_162400.WAV,12,15,Colaptes auratus_Northern Flicker,0.4350099265575409,2024-04-11T16:24:00Z,16:24:00
20240411_062400.WAV,6,9,Certhia americana_Brown Creeper,0.7132830023765564,2024-04-11T06:24:00Z,06:24:00
20240411_062400.WAV,12,15,Certhia americana_Brown Creeper,0.6740355491638184,2024-04-11T06:24:00Z,06:24:00
20240411_062400.WAV,39,42,Certhia americana_Brown Creeper,0.6399190425872803,2024-04-11T06:24:00Z,06:24:00
20240411_062400.WAV,51,54,Colaptes auratus_Northern Flicker,0.706242561340332,2024-04-11T06:24:00Z,06:24:00
20240411_062400.WAV,54,55,Sitta carolinensis_White-breasted Nuthatch,0.4295155107975006,2024-04-11T06:24:00Z,06:24:00
20240408_065800.WAV,12,15,Turdus migratorius_American Robin,0.5619398951530457,2024-04-08T06:58:00Z,06:58:00
20240412_191800.WAV,12,15,Certhia americana_Brown Creeper,0.5797882080078125,2024-04-12T19:18:00Z,19:18:00
20240412_191800.WAV,21,24,Certhia americana_Brown Creeper,0.6013308763504028,2024-04-12T19:18:00Z,19:18:00
20240409_071400.WAV,12,15,Aix sponsa_Wood Duck,0.8998956680297852,2024-04-09T07:14:00Z,07:14:00
20240409_071400.WAV,15,18,Aix sponsa_Wood Duck,0.9163025617599488,2024-04-09T07:14:00Z,07:14:00
20240409_071400.WAV,27,30,Aix sponsa_Wood Duck,0.5307184457778931,2024-04-09T07:14:00Z,07:14:00
20240406_151000.WAV,15,18,Turdus migratorius_American Robin,0.4240714907646179,2024-04-06T15:10:00Z,15:10:00
20240330_191300.WAV,3,6,Turdus migratorius_American Robin,0.7371821999549866,2024-03-30T19:13:00Z,19:13:00
20240330_191300.WAV,18,21,Turdus migratorius_American Robin,0.4418056607246399,2024-03-30T19:13:00Z,19:13:00
20240330_191300.WAV,21,24,Turdus migratorius_American Robin,0.5732427835464478,2024-03-30T19:13:00Z,19:13:00
20240330_191300.WAV,24,27,Turdus migratorius_American Robin,0.4148721098899842,2024-03-30T19:13:00Z,19:13:00
20240330_191300.WAV,27,30,Turdus migratorius_American Robin,0.7162436842918396,2024-03-30T19:13:00Z,19:13:00
20240330_191300.WAV,39,42,Turdus migratorius_American Robin,0.4427223205566406,2024-03-30T19:13:00Z,19:13:00
20240330_191300.WAV,45,48,Turdus migratorius_American Robin,0.5712814927101135,2024-03-30T19:13:00Z,19:13:00
20240411_061900.WAV,0,3,Sayornis phoebe_Eastern Phoebe,0.8040881752967834,2024-04-11T06:19:00Z,06:19:00
20240411_061900.WAV,45,48,Colaptes auratus_Northern Flicker,0.6168308854103088,2024-04-11T06:19:00Z,06:19:00
20240408_062000.WAV,9,12,Certhia americana_Brown Creeper,0.8356066942214966,2024-04-08T06:20:00Z,06:20:00
20240408_062000.WAV,15,18,Certhia americana_Brown Creeper,0.48136311769485474,2024-04-08T06:20:00Z,06:20:00
20240408_062000.WAV,18,21,Certhia americana_Brown Creeper,0.8050334453582764,2024-04-08T06:20:00Z,06:20:00
20240408_062000.WAV,21,24,Certhia americana_Brown Creeper,0.7371994256973267,2024-04-08T06:20:00Z,06:20:00
20240408_062000.WAV,30,33,Certhia americana_Brown Creeper,0.43627017736434937,2024-04-08T06:20:00Z,06:20:00
20240408_062000.WAV,33,36,Certhia americana_Brown Creeper,0.8217113018035889,2024-04-08T06:20:00Z,06:20:00
20240415_061000.WAV,9,12,Certhia americana_Brown Creeper,0.627338171005249,2024-04-15T06:10:00Z,06:10:00
20240415_061000.WAV,15,18,Certhia americana_Brown Creeper,0.6678563952445984,2024-04-15T06:10:00Z,06:10:00
20240415_061000.WAV,24,27,Certhia americana_Brown Creeper,0.7312508225440979,2024-04-15T06:10:00Z,06:10:00
20240415_061000.WAV,30,33,Botaurus lentiginosus_American Bittern,0.4114640355110169,2024-04-15T06:10:00Z,06:10:00
20240415_061000.WAV,33,36,Certhia americana_Brown Creeper,0.8836153149604797,2024-04-15T06:10:00Z,06:10:00
20240415_061000.WAV,42,45,Certhia americana_Brown Creeper,0.7449244856834412,2024-04-15T06:10:00Z,06:10:00
20240415_061000.WAV,51,54,Certhia americana_Brown Creeper,0.8752976059913635,2024-04-15T06:10:00Z,06:10:00
20240401_191900.WAV,3,6,Turdus migratorius_American Robin,0.4854130446910858,2024-04-01T19:19:00Z,19:19:00
20240415_155400.WAV,21,24,Regulus regulus_Goldcrest,0.5258820652961731,2024-04-15T15:54:00Z,15:54:00
20240415_155400.WAV,33,36,Certhia americana_Brown Creeper,0.8600489497184753,2024-04-15T15:54:00Z,15:54:00
20240415_155400.WAV,42,45,Regulus regulus_Goldcrest,0.8229594826698303,2024-04-15T15:54:00Z,15:54:00
20240415_155400.WAV,48,51,Certhia americana_Brown Creeper,0.6891137957572937,2024-04-15T15:54:00Z,15:54:00
20240413_144300.WAV,30,33,Poecile gambeli_Mountain Chickadee,0.465445876121521,2024-04-13T14:43:00Z,14:43:00
20240413_144300.WAV,36,39,Poecile gambeli_Mountain Chickadee,0.6505704522132874,2024-04-13T14:43:00Z,14:43:00
20240402_061800.WAV,3,6,Poecile gambeli_Mountain Chickadee,0.5051366686820984,2024-04-02T06:18:00Z,06:18:00
20240402_061800.WAV,24,27,Turdus migratorius_American Robin,0.42716845870018005,2024-04-02T06:18:00Z,06:18:00
20240402_061800.WAV,42,45,Poecile atricapillus_Black-capped Chickadee,0.4196323156356811,2024-04-02T06:18:00Z,06:18:00
20240402_061800.WAV,48,51,Certhia americana_Brown Creeper,0.44749271869659424,2024-04-02T06:18:00Z,06:18:00
20240402_061800.WAV,51,54,Turdus migratorius_American Robin,0.6753067970275879,2024-04-02T06:18:00Z,06:18:00
20240409_145000.WAV,6,9,Regulus regulus_Goldcrest,0.4981465637683869,2024-04-09T14:50:00Z,14:50:00
20240409_145000.WAV,39,42,Regulus regulus_Goldcrest,0.8336750864982605,2024-04-09T14:50:00Z,14:50:00
20240409_145000.WAV,48,51,Certhia americana_Brown Creeper,0.8255417346954346,2024-04-09T14:50:00Z,14:50:00
20240402_161800.WAV,18,21,Porzana porzana_Spotted Crake,0.4389951527118683,2024-04-02T16:18:00Z,16:18:00
20240404_161200.WAV,3,6,Porzana porzana_Spotted Crake,0.561661422252655,2024-04-04T16:12:00Z,16:12:00
20240410_153100.WAV,45,48,Regulus satrapa_Golden-crowned Kinglet,0.5168847441673279,2024-04-10T15:31:00Z,15:31:00
20240407_063800.WAV,0,3,Certhia americana_Brown Creeper,0.9351191520690918,2024-04-07T06:38:00Z,06:38:00
20240407_063800.WAV,3,6,Certhia americana_Brown Creeper,0.963550627231598,2024-04-07T06:38:00Z,06:38:00
20240407_063800.WAV,18,21,Certhia americana_Brown Creeper,0.9407522678375244,2024-04-07T06:38:00Z,06:38:00
20240407_063800.WAV,27,30,Certhia americana_Brown Creeper,0.9105924367904664,2024-04-07T06:38:00Z,06:38:00
20240407_063800.WAV,42,45,Certhia americana_Brown Creeper,0.9936091899871826,2024-04-07T06:38:00Z,06:38:00
20240403_063100.WAV,0,3,Certhia americana_Brown Creeper,0.8976681232452393,2024-04-03T06:31:00Z,06:31:00
20240403_063100.WAV,3,6,Certhia americana_Brown Creeper,0.7945634126663208,2024-04-03T06:31:00Z,06:31:00
20240403_063100.WAV,9,12,Certhia americana_Brown Creeper,0.8960579037666321,2024-04-03T06:31:00Z,06:31:00
20240403_063100.WAV,12,15,Certhia americana_Brown Creeper,0.7403303384780884,2024-04-03T06:31:00Z,06:31:00
20240403_063100.WAV,15,18,Certhia americana_Brown Creeper,0.939585268497467,2024-04-03T06:31:00Z,06:31:00
20240403_063100.WAV,24,27,Certhia americana_Brown Creeper,0.8330093026161194,2024-04-03T06:31:00Z,06:31:00
20240403_063100.WAV,30,33,Certhia americana_Brown Creeper,0.9355990290641784,2024-04-03T06:31:00Z,06:31:00
20240403_063100.WAV,39,42,Certhia americana_Brown Creeper,0.5816446542739868,2024-04-03T06:31:00Z,06:31:00
20240411_140500.WAV,12,15,Certhia americana_Brown Creeper,0.745970606803894,2024-04-11T14:05:00Z,14:05:00
20240411_140500.WAV,30,33,Certhia americana_Brown Creeper,0.8051233291625977,2024-04-11T14:05:00Z,14:05:00
20240411_140500.WAV,39,42,Poecile gambeli_Mountain Chickadee,0.4442798495292664,2024-04-11T14:05:00Z,14:05:00
20240411_140500.WAV,48,51,Poecile gambeli_Mountain Chickadee,0.629833459854126,2024-04-11T14:05:00Z,14:05:00
20240411_140500.WAV,51,54,Certhia americana_Brown Creeper,0.651628315448761,2024-04-11T14:05:00Z,14:05:00
20240402_070500.WAV,3,6,Turdus migratorius_American Robin,0.78533935546875,2024-04-02T07:05:00Z,07:05:00
20240402_070500.WAV,6,9,Turdus migratorius_American Robin,0.8809185028076172,2024-04-02T07:05:00Z,07:05:00
20240402_070500.WAV,18,21,Turdus migratorius_American Robin,0.8042106032371521,2024-04-02T07:05:00Z,07:05:00
20240402_070500.WAV,21,24,Turdus migratorius_American Robin,0.6716961860656738,2024-04-02T07:05:00Z,07:05:00
20240402_070500.WAV,24,27,Turdus migratorius_American Robin,0.6696664094924927,2024-04-02T07:05:00Z,07:05:00
20240402_070500.WAV,30,33,Turdus migratorius_American Robin,0.6254296898841858,2024-04-02T07:05:00Z,07:05:00
20240411_144000.WAV,3,6,Poecile atricapillus_Black-capped Chickadee,0.5561673045158386,2024-04-11T14:40:00Z,14:40:00
20240411_144000.WAV,6,9,Poecile atricapillus_Black-capped Chickadee,0.4597826600074768,2024-04-11T14:40:00Z,14:40:00
20240411_144000.WAV,9,12,Poecile atricapillus_Black-capped Chickadee,0.5420935153961182,2024-04-11T14:40:00Z,14:40:00
20240411_144000.WAV,36,39,Poecile atricapillus_Black-capped Chickadee,0.44458162784576416,2024-04-11T14:40:00Z,14:40:00
20240404_065700.WAV,0,3,Porzana porzana_Spotted Crake,0.4143994152545929,2024-04-04T06:57:00Z,06:57:00
20240404_065700.WAV,39,42,Porzana porzana_Spotted Crake,0.63986736536026,2024-04-04T06:57:00Z,06:57:00
20240413_193100.WAV,27,30,Botaurus lentiginosus_American Bittern,0.7744176387786865,2024-04-13T19:31:00Z,19:31:00
20240331_061100.WAV,6,9,Turdus migratorius_American Robin,0.4379339814186096,2024-03-31T06:11:00Z,06:11:00
20240331_061100.WAV,9,12,Turdus migratorius_American Robin,0.400770366191864,2024-03-31T06:11:00Z,06:11:00
20240331_061100.WAV,36,39,Turdus migratorius_American Robin,0.5046269297599792,2024-03-31T06:11:00Z,06:11:00
20240414_195700.WAV,15,18,Turdus migratorius_American Robin,0.4520668089389801,2024-04-14T19:57:00Z,19:57:00
20240409_192200.WAV,3,6,Turdus migratorius_American Robin,0.8899677991867065,2024-04-09T19:22:00Z,19:22:00
20240409_192200.WAV,6,9,Turdus migratorius_American Robin,0.8201768398284912,2024-04-09T19:22:00Z,19:22:00
20240409_192200.WAV,15,18,Turdus migratorius_American Robin,0.7525171637535095,2024-04-09T19:22:00Z,19:22:00
20240409_192200.WAV,18,21,Turdus migratorius_American Robin,0.5675477385520935,2024-04-09T19:22:00Z,19:22:00
20240409_192200.WAV,24,27,Turdus migratorius_American Robin,0.43359607458114624,2024-04-09T19:22:00Z,19:22:00
20240409_192200.WAV,27,30,Turdus migratorius_American Robin,0.9146311283111572,2024-04-09T19:22:00Z,19:22:00
20240409_192200.WAV,36,39,Turdus migratorius_American Robin,0.7813012599945068,2024-04-09T19:22:00Z,19:22:00
20240409_192200.WAV,39,42,Turdus migratorius_American Robin,0.811244785785675,2024-04-09T19:22:00Z,19:22:00
20240409_192200.WAV,48,51,Turdus migratorius_American Robin,0.784052848815918,2024-04-09T19:22:00Z,19:22:00
20240331_065400.WAV,9,12,Turdus migratorius_American Robin,0.5067535042762756,2024-03-31T06:54:00Z,06:54:00
20240331_065400.WAV,18,21,Turdus migratorius_American Robin,0.743695080280304,2024-03-31T06:54:00Z,06:54:00
20240331_065400.WAV,27,30,Turdus migratorius_American Robin,0.6558557748794556,2024-03-31T06:54:00Z,06:54:00
20240331_065400.WAV,48,51,Turdus migratorius_American Robin,0.5753666162490845,2024-03-31T06:54:00Z,06:54:00
20240331_065400.WAV,51,54,Turdus migratorius_American Robin,0.6770429611206055,2024-03-31T06:54:00Z,06:54:00
20240411_070400.WAV,27,30,Certhia americana_Brown Creeper,0.7549596428871155,2024-04-11T07:04:00Z,07:04:00
20240402_144100.WAV,33,36,Porzana porzana_Spotted Crake,0.7053272724151611,2024-04-02T14:41:00Z,14:41:00
20240402_144100.WAV,39,42,Porzana porzana_Spotted Crake,0.4159104526042938,2024-04-02T14:41:00Z,14:41:00
20240406_144800.WAV,15,18,Poecile atricapillus_Black-capped Chickadee,0.412635862827301,2024-04-06T14:48:00Z,14:48:00
20240406_144800.WAV,45,48,Poecile atricapillus_Black-capped Chickadee,0.6308313012123108,2024-04-06T14:48:00Z,14:48:00
20240406_144800.WAV,48,51,Poecile atricapillus_Black-capped Chickadee,0.8974786400794983,2024-04-06T14:48:00Z,14:48:00
20240406_144800.WAV,51,54,Poecile atricapillus_Black-capped Chickadee,0.6337347626686096,2024-04-06T14:48:00Z,14:48:00
20240402_140400.WAV,45,48,Porzana porzana_Spotted Crake,0.4319661557674408,2024-04-02T14:04:00Z,14:04:00
20240410_063000.WAV,0,3,Sayornis phoebe_Eastern Phoebe,0.9970146417617798,2024-04-10T06:30:00Z,06:30:00
20240410_063000.WAV,3,6,Sayornis phoebe_Eastern Phoebe,0.9988996982574464,2024-04-10T06:30:00Z,06:30:00
20240410_063000.WAV,6,9,Sayornis phoebe_Eastern Phoebe,0.9993215799331664,2024-04-10T06:30:00Z,06:30:00
20240410_063000.WAV,9,12,Sayornis phoebe_Eastern Phoebe,0.9833502769470216,2024-04-10T06:30:00Z,06:30:00
20240410_063000.WAV,12,15,Sayornis phoebe_Eastern Phoebe,0.9991719722747804,2024-04-10T06:30:00Z,06:30:00
20240410_063000.WAV,15,18,Sayornis phoebe_Eastern Phoebe,0.9954740405082704,2024-04-10T06:30:00Z,06:30:00
20240410_063000.WAV,21,24,Sayornis phoebe_Eastern Phoebe,0.6031478643417358,2024-04-10T06:30:00Z,06:30:00
20240410_063000.WAV,21,24,Certhia americana_Brown Creeper,0.4451901316642761,2024-04-10T06:30:00Z,06:30:00
20240410_063000.WAV,24,27,Certhia americana_Brown Creeper,0.5382437705993652,2024-04-10T06:30:00Z,06:30:00
20240410_063000.WAV,36,39,Certhia americana_Brown Creeper,0.7415401935577393,2024-04-10T06:30:00Z,06:30:00
20240410_063000.WAV,45,48,Sayornis phoebe_Eastern Phoebe,0.9870389103889464,2024-04-10T06:30:00Z,06:30:00
20240410_063000.WAV,48,51,Sayornis phoebe_Eastern Phoebe,0.8031870126724243,2024-04-10T06:30:00Z,06:30:00
20240410_063000.WAV,51,54,Sayornis phoebe_Eastern Phoebe,0.5207183361053467,2024-04-10T06:30:00Z,06:30:00
20240410_063000.WAV,51,54,Certhia americana_Brown Creeper,0.4623239934444427,2024-04-10T06:30:00Z,06:30:00
20240409_060900.WAV,9,12,Certhia americana_Brown Creeper,0.8020800352096558,2024-04-09T06:09:00Z,06:09:00
20240409_060900.WAV,12,15,Certhia americana_Brown Creeper,0.5942631363868713,2024-04-09T06:09:00Z,06:09:00
20240409_060900.WAV,15,18,Certhia americana_Brown Creeper,0.8106235265731812,2024-04-09T06:09:00Z,06:09:00
20240409_060900.WAV,18,21,Certhia americana_Brown Creeper,0.7547044157981873,2024-04-09T06:09:00Z,06:09:00
20240409_060900.WAV,21,24,Certhia americana_Brown Creeper,0.4541444182395935,2024-04-09T06:09:00Z,06:09:00
20240409_060900.WAV,54,55,Certhia americana_Brown Creeper,0.4159259796142578,2024-04-09T06:09:00Z,06:09:00
20240406_063500.WAV,27,30,Turdus migratorius_American Robin,0.6278418898582458,2024-04-06T06:35:00Z,06:35:00
20240410_140800.WAV,9,12,Certhia americana_Brown Creeper,0.8967774510383606,2024-04-10T14:08:00Z,14:08:00
20240410_140800.WAV,21,24,Certhia americana_Brown Creeper,0.568356990814209,2024-04-10T14:08:00Z,14:08:00
20240410_140800.WAV,33,36,Certhia americana_Brown Creeper,0.7758142352104187,2024-04-10T14:08:00Z,14:08:00
20240410_140800.WAV,42,45,Certhia americana_Brown Creeper,0.4425385594367981,2024-04-10T14:08:00Z,14:08:00
20240407_070100.WAV,12,15,Certhia americana_Brown Creeper,0.5925271511077881,2024-04-07T07:01:00Z,07:01:00
20240407_070100.WAV,18,21,Certhia americana_Brown Creeper,0.6328855156898499,2024-04-07T07:01:00Z,07:01:00
20240407_070100.WAV,24,27,Certhia americana_Brown Creeper,0.883804440498352,2024-04-07T07:01:00Z,07:01:00
20240407_070100.WAV,33,36,Certhia americana_Brown Creeper,0.9341942071914672,2024-04-07T07:01:00Z,07:01:00
20240407_070100.WAV,39,42,Certhia americana_Brown Creeper,0.8911474347114563,2024-04-07T07:01:00Z,07:01:00
20240407_070100.WAV,48,51,Certhia americana_Brown Creeper,0.916769802570343,2024-04-07T07:01:00Z,07:01:00
20240401_065300.WAV,51,54,Turdus migratorius_American Robin,0.4145762622356415,2024-04-01T06:53:00Z,06:53:00
20240414_140100.WAV,33,36,Colaptes auratus_Northern Flicker,0.8979912996292114,2024-04-14T14:01:00Z,14:01:00
20240414_140100.WAV,36,39,Colaptes auratus_Northern Flicker,0.8992881178855896,2024-04-14T14:01:00Z,14:01:00
20240414_140100.WAV,39,42,Colaptes auratus_Northern Flicker,0.7584367990493774,2024-04-14T14:01:00Z,14:01:00
20240401_061600.WAV,0,3,Turdus migratorius_American Robin,0.8176738619804382,2024-04-01T06:16:00Z,06:16:00
20240401_061600.WAV,9,12,Turdus migratorius_American Robin,0.7532964944839478,2024-04-01T06:16:00Z,06:16:00
20240401_061600.WAV,12,15,Turdus migratorius_American Robin,0.44259560108184814,2024-04-01T06:16:00Z,06:16:00
20240401_061600.WAV,18,21,Turdus migratorius_American Robin,0.6183581948280334,2024-04-01T06:16:00Z,06:16:00
20240401_061600.WAV,30,33,Turdus migratorius_American Robin,0.6159754991531372,2024-04-01T06:16:00Z,06:16:00
20240403_231600.WAV,42,45,Porzana porzana_Spotted Crake,0.42532119154930115,2024-04-03T23:16:00Z,23:16:00
20240331_142900.WAV,33,36,Regulus regulus_Goldcrest,0.4625595510005951,2024-03-31T14:29:00Z,14:29:00
20240405_193400.WAV,6,9,Turdus migratorius_American Robin,0.743320107460022,2024-04-05T19:34:00Z,19:34:00
20240405_193400.WAV,12,15,Turdus migratorius_American Robin,0.9025647044181824,2024-04-05T19:34:00Z,19:34:00
20240405_193400.WAV,15,18,Turdus migratorius_American Robin,0.422783225774765,2024-04-05T19:34:00Z,19:34:00
20240410_070900.WAV,3,6,Certhia americana_Brown Creeper,0.5411811470985413,2024-04-10T07:09:00Z,07:09:00
20240410_070900.WAV,12,15,Certhia americana_Brown Creeper,0.759711503982544,2024-04-10T07:09:00Z,07:09:00
20240410_070900.WAV,21,24,Certhia americana_Brown Creeper,0.8375415802001953,2024-04-10T07:09:00Z,07:09:00
20240410_070900.WAV,27,30,Certhia americana_Brown Creeper,0.5448713302612305,2024-04-10T07:09:00Z,07:09:00
20240410_070900.WAV,33,36,Certhia americana_Brown Creeper,0.5735662579536438,2024-04-10T07:09:00Z,07:09:00
20240410_070900.WAV,36,39,Sayornis phoebe_Eastern Phoebe,0.6152662038803101,2024-04-10T07:09:00Z,07:09:00
20240410_070900.WAV,39,42,Sayornis phoebe_Eastern Phoebe,0.932888686656952,2024-04-10T07:09:00Z,07:09:00
20240410_070900.WAV,42,45,Sayornis phoebe_Eastern Phoebe,0.885953962802887,2024-04-10T07:09:00Z,07:09:00
20240410_070900.WAV,42,45,Certhia americana_Brown Creeper,0.4344375133514404,2024-04-10T07:09:00Z,07:09:00
20240410_070900.WAV,45,48,Sayornis phoebe_Eastern Phoebe,0.8962100148200989,2024-04-10T07:09:00Z,07:09:00
20240410_070900.WAV,48,51,Sayornis phoebe_Eastern Phoebe,0.9774211049079896,2024-04-10T07:09:00Z,07:09:00
20240410_070900.WAV,51,54,Certhia americana_Brown Creeper,0.7364376187324524,2024-04-10T07:09:00Z,07:09:00
20240407_140000.WAV,9,12,Anas platyrhynchos_Mallard,0.6439542174339294,2024-04-07T14:00:00Z,14:00:00
20240407_140000.WAV,12,15,Anas platyrhynchos_Mallard,0.7906822562217712,2024-04-07T14:00:00Z,14:00:00
20240407_140000.WAV,15,18,Anas platyrhynchos_Mallard,0.8835293054580688,2024-04-07T14:00:00Z,14:00:00
20240407_140000.WAV,18,21,Anas platyrhynchos_Mallard,0.9482406377792358,2024-04-07T14:00:00Z,14:00:00
20240407_140000.WAV,21,24,Anas platyrhynchos_Mallard,0.6376654505729675,2024-04-07T14:00:00Z,14:00:00
20240407_140000.WAV,24,27,Anas platyrhynchos_Mallard,0.7215183973312378,2024-04-07T14:00:00Z,14:00:00
20240412_061700.WAV,3,6,Certhia americana_Brown Creeper,0.8961418271064758,2024-04-12T06:17:00Z,06:17:00
20240412_061700.WAV,12,15,Certhia americana_Brown Creeper,0.9274558424949646,2024-04-12T06:17:00Z,06:17:00
20240412_061700.WAV,45,48,Certhia americana_Brown Creeper,0.4155890345573426,2024-04-12T06:17:00Z,06:17:00
20240412_065200.WAV,27,30,Regulus satrapa_Golden-crowned Kinglet,0.8157173991203308,2024-04-12T06:52:00Z,06:52:00
20240412_065200.WAV,39,42,Regulus satrapa_Golden-crowned Kinglet,0.46403563022613525,2024-04-12T06:52:00Z,06:52:00
20240408_060400.WAV,24,27,Certhia americana_Brown Creeper,0.4407669007778168,2024-04-08T06:04:00Z,06:04:00
20240408_060400.WAV,51,54,Certhia americana_Brown Creeper,0.6685052514076233,2024-04-08T06:04:00Z,06:04:00
20240415_063400.WAV,18,21,Certhia americana_Brown Creeper,0.7508160471916199,2024-04-15T06:34:00Z,06:34:00
20240403_055100.WAV,3,6,Porzana porzana_Spotted Crake,0.4303501546382904,2024-04-03T05:51:00Z,05:51:00
20240407_055800.WAV,0,3,Turdus migratorius_American Robin,0.5792802572250366,2024-04-07T05:58:00Z,05:58:00
20240403_155100.WAV,12,15,Porzana porzana_Spotted Crake,0.5097483992576599,2024-04-03T15:51:00Z,15:51:00
20240410_061400.WAV,0,3,Certhia americana_Brown Creeper,0.5067435503005981,2024-04-10T06:14:00Z,06:14:00
20240410_061400.WAV,3,6,Sayornis phoebe_Eastern Phoebe,0.5121548175811768,2024-04-10T06:14:00Z,06:14:00
20240410_061400.WAV,3,6,Certhia americana_Brown Creeper,0.43876180052757263,2024-04-10T06:14:00Z,06:14:00
20240410_061400.WAV,18,21,Sayornis phoebe_Eastern Phoebe,0.6027387380599976,2024-04-10T06:14:00Z,06:14:00
20240410_061400.WAV,24,27,Sayornis phoebe_Eastern Phoebe,0.5266702771186829,2024-04-10T06:14:00Z,06:14:00
20240410_061400.WAV,30,33,Certhia americana_Brown Creeper,0.5082306265830994,2024-04-10T06:14:00Z,06:14:00
20240410_061400.WAV,33,36,Certhia americana_Brown Creeper,0.8729172945022583,2024-04-10T06:14:00Z,06:14:00
20240410_061400.WAV,39,42,Sayornis phoebe_Eastern Phoebe,0.7943357229232788,2024-04-10T06:14:00Z,06:14:00
20240410_061400.WAV,42,45,Sayornis phoebe_Eastern Phoebe,0.442853182554245,2024-04-10T06:14:00Z,06:14:00
20240410_061400.WAV,45,48,Certhia americana_Brown Creeper,0.41283056139945984,2024-04-10T06:14:00Z,06:14:00
20240410_061400.WAV,54,55,Sayornis phoebe_Eastern Phoebe,0.6924817562103271,2024-04-10T06:14:00Z,06:14:00
20240416_070300.WAV,24,27,Sphyrapicus varius_Yellow-bellied Sapsucker,0.5515697002410889,2024-04-16T07:03:00Z,07:03:00
20240405_144600.WAV,42,45,Turdus migratorius_American Robin,0.6691133975982666,2024-04-05T14:46:00Z,14:46:00
20240410_065100.WAV,30,33,Sayornis phoebe_Eastern Phoebe,0.6402297019958496,2024-04-10T06:51:00Z,06:51:00
20240413_191500.WAV,27,30,Turdus migratorius_American Robin,0.6182594895362854,2024-04-13T19:15:00Z,19:15:00
20240413_195000.WAV,9,12,Botaurus lentiginosus_American Bittern,0.4891451299190521,2024-04-13T19:50:00Z,19:50:00
20240331_063500.WAV,3,6,Certhia americana_Brown Creeper,0.4624832570552826,2024-03-31T06:35:00Z,06:35:00
20240331_063500.WAV,3,6,Regulus regulus_Goldcrest,0.6972907781600952,2024-03-31T06:35:00Z,06:35:00
20240331_063500.WAV,6,9,Certhia americana_Brown Creeper,0.9864856004714966,2024-03-31T06:35:00Z,06:35:00
20240331_063500.WAV,15,18,Certhia americana_Brown Creeper,0.44938018918037415,2024-03-31T06:35:00Z,06:35:00
20240331_063500.WAV,24,27,Certhia americana_Brown Creeper,0.966320812702179,2024-03-31T06:35:00Z,06:35:00
20240331_063500.WAV,27,30,Corvus brachyrhynchos_American Crow,0.6154802441596985,2024-03-31T06:35:00Z,06:35:00
20240331_063500.WAV,33,36,Certhia americana_Brown Creeper,0.9881379008293152,2024-03-31T06:35:00Z,06:35:00
20240331_063500.WAV,39,42,Certhia americana_Brown Creeper,0.9878478050231934,2024-03-31T06:35:00Z,06:35:00
20240331_063500.WAV,48,51,Corvus brachyrhynchos_American Crow,0.9241859912872314,2024-03-31T06:35:00Z,06:35:00
20240331_063500.WAV,51,54,Corvus brachyrhynchos_American Crow,0.6797078847885132,2024-03-31T06:35:00Z,06:35:00
20240331_063500.WAV,51,54,Certhia americana_Brown Creeper,0.7416349053382874,2024-03-31T06:35:00Z,06:35:00
20240331_063500.WAV,54,55,Corvus brachyrhynchos_American Crow,0.6867337822914124,2024-03-31T06:35:00Z,06:35:00
20240331_063500.WAV,54,55,Certhia americana_Brown Creeper,0.5523888468742371,2024-03-31T06:35:00Z,06:35:00
20240409_190600.WAV,48,51,Certhia americana_Brown Creeper,0.7794855237007141,2024-04-09T19:06:00Z,19:06:00
20240407_065900.WAV,33,36,Certhia americana_Brown Creeper,0.907074213027954,2024-04-07T06:59:00Z,06:59:00
20240407_065900.WAV,42,45,Certhia americana_Brown Creeper,0.93479984998703,2024-04-07T06:59:00Z,06:59:00
20240403_061500.WAV,0,3,Turdus migratorius_American Robin,0.9050069451332092,2024-04-03T06:15:00Z,06:15:00
20240403_061500.WAV,3,6,Turdus migratorius_American Robin,0.656039297580719,2024-04-03T06:15:00Z,06:15:00
20240403_061500.WAV,6,9,Turdus migratorius_American Robin,0.8733751177787781,2024-04-03T06:15:00Z,06:15:00
20240403_061500.WAV,9,12,Turdus migratorius_American Robin,0.8165985345840454,2024-04-03T06:15:00Z,06:15:00
20240403_061500.WAV,12,15,Turdus migratorius_American Robin,0.4886312484741211,2024-04-03T06:15:00Z,06:15:00
20240403_061500.WAV,15,18,Turdus migratorius_American Robin,0.8966795802116394,2024-04-03T06:15:00Z,06:15:00
20240403_061500.WAV,18,21,Turdus migratorius_American Robin,0.8631954789161682,2024-04-03T06:15:00Z,06:15:00
20240403_061500.WAV,21,24,Turdus migratorius_American Robin,0.7928786277770996,2024-04-03T06:15:00Z,06:15:00
20240403_061500.WAV,24,27,Turdus migratorius_American Robin,0.8452181816101074,2024-04-03T06:15:00Z,06:15:00
20240403_061500.WAV,27,30,Turdus migratorius_American Robin,0.8513912558555603,2024-04-03T06:15:00Z,06:15:00
20240403_061500.WAV,30,33,Turdus migratorius_American Robin,0.826556921005249,2024-04-03T06:15:00Z,06:15:00
20240403_061500.WAV,33,36,Turdus migratorius_American Robin,0.6986823678016663,2024-04-03T06:15:00Z,06:15:00
20240403_061500.WAV,36,39,Turdus migratorius_American Robin,0.7975308299064636,2024-04-03T06:15:00Z,06:15:00
20240403_061500.WAV,39,42,Turdus migratorius_American Robin,0.6734877824783325,2024-04-03T06:15:00Z,06:15:00
20240403_061500.WAV,42,45,Turdus migratorius_American Robin,0.5938781499862671,2024-04-03T06:15:00Z,06:15:00
20240403_061500.WAV,45,48,Turdus migratorius_American Robin,0.5546143651008606,2024-04-03T06:15:00Z,06:15:00
20240403_061500.WAV,48,51,Turdus migratorius_American Robin,0.5976225137710571,2024-04-03T06:15:00Z,06:15:00
20240403_061500.WAV,51,54,Turdus migratorius_American Robin,0.6610860228538513,2024-04-03T06:15:00Z,06:15:00
20240411_142100.WAV,0,3,Poecile gambeli_Mountain Chickadee,0.4957735240459442,2024-04-11T14:21:00Z,14:21:00
20240411_142100.WAV,18,21,Regulus satrapa_Golden-crowned Kinglet,0.4079265594482422,2024-04-11T14:21:00Z,14:21:00
20240411_142100.WAV,30,33,Regulus satrapa_Golden-crowned Kinglet,0.4160429835319519,2024-04-11T14:21:00Z,14:21:00
20240404_063600.WAV,9,12,Certhia americana_Brown Creeper,0.9196163415908812,2024-04-04T06:36:00Z,06:36:00
20240404_063600.WAV,42,45,Certhia americana_Brown Creeper,0.42459750175476074,2024-04-04T06:36:00Z,06:36:00
20240404_063600.WAV,45,48,Certhia americana_Brown Creeper,0.9507279992103576,2024-04-04T06:36:00Z,06:36:00
20240410_055000.WAV,33,36,Turdus migratorius_American Robin,0.4889543354511261,2024-04-10T05:50:00Z,05:50:00
20240408_141800.WAV,3,6,Certhia americana_Brown Creeper,0.7156567573547363,2024-04-08T14:18:00Z,14:18:00
20240407_193700.WAV,36,39,Certhia americana_Brown Creeper,0.4653918445110321,2024-04-07T19:37:00Z,19:37:00
20240403_062800.WAV,3,6,Certhia americana_Brown Creeper,0.7977253198623657,2024-04-03T06:28:00Z,06:28:00
20240403_062800.WAV,12,15,Certhia americana_Brown Creeper,0.849774181842804,2024-04-03T06:28:00Z,06:28:00
20240403_062800.WAV,15,18,Turdus migratorius_American Robin,0.6388715505599976,2024-04-03T06:28:00Z,06:28:00
20240403_062800.WAV,27,30,Certhia americana_Brown Creeper,0.9340763092041016,2024-04-03T06:28:00Z,06:28:00
20240403_062800.WAV,33,36,Certhia americana_Brown Creeper,0.7309018969535828,2024-04-03T06:28:00Z,06:28:00
20240403_062800.WAV,36,39,Certhia americana_Brown Creeper,0.6930875182151794,2024-04-03T06:28:00Z,06:28:00
20240403_062800.WAV,45,48,Certhia americana_Brown Creeper,0.6309095025062561,2024-04-03T06:28:00Z,06:28:00
20240407_062100.WAV,12,15,Certhia americana_Brown Creeper,0.7940809726715088,2024-04-07T06:21:00Z,06:21:00
20240407_062100.WAV,45,48,Corvus brachyrhynchos_American Crow,0.9039527177810668,2024-04-07T06:21:00Z,06:21:00
20240407_062100.WAV,45,48,Poecile atricapillus_Black-capped Chickadee,0.6458072066307068,2024-04-07T06:21:00Z,06:21:00
20240410_152800.WAV,0,3,Certhia americana_Brown Creeper,0.4239666759967804,2024-04-10T15:28:00Z,15:28:00
20240410_152800.WAV,36,39,Regulus satrapa_Golden-crowned Kinglet,0.7678931355476379,2024-04-10T15:28:00Z,15:28:00
20240410_152800.WAV,39,42,Regulus satrapa_Golden-crowned Kinglet,0.7607042193412781,2024-04-10T15:28:00Z,15:28:00
20240410_152800.WAV,42,45,Regulus satrapa_Golden-crowned Kinglet,0.4902997612953186,2024-04-10T15:28:00Z,15:28:00
20240410_152800.WAV,48,51,Regulus regulus_Goldcrest,0.5246497988700867,2024-04-10T15:28:00Z,15:28:00
20240412_143600.WAV,12,15,Porzana porzana_Spotted Crake,0.7006531357765198,2024-04-12T14:36:00Z,14:36:00
20240411_145900.WAV,0,3,Colaptes auratus_Northern Flicker,0.6950603127479553,2024-04-11T14:59:00Z,14:59:00
20240411_145900.WAV,51,54,Certhia americana_Brown Creeper,0.5345665216445923,2024-04-11T14:59:00Z,14:59:00
20240404_192000.WAV,3,6,Branta canadensis_Canada Goose,0.7311123013496399,2024-04-04T19:20:00Z,19:20:00
20240404_192000.WAV,6,9,Branta canadensis_Canada Goose,0.5309133529663086,2024-04-04T19:20:00Z,19:20:00
20240404_192000.WAV,27,30,Aegolius acadicus_Northern Saw-whet Owl,0.4173872768878937,2024-04-04T19:20:00Z,19:20:00
20240404_192000.WAV,39,42,Aegolius acadicus_Northern Saw-whet Owl,0.8434150815010071,2024-04-04T19:20:00Z,19:20:00
20240404_192000.WAV,48,51,Aegolius acadicus_Northern Saw-whet Owl,0.8191906213760376,2024-04-04T19:20:00Z,19:20:00
20240413_064600.WAV,12,15,Botaurus lentiginosus_American Bittern,0.7092640399932861,2024-04-13T06:46:00Z,06:46:00
20240409_161000.WAV,6,9,Certhia americana_Brown Creeper,0.6511560678482056,2024-04-09T16:10:00Z,16:10:00
20240409_161000.WAV,6,9,Regulus regulus_Goldcrest,0.4599492251873016,2024-04-09T16:10:00Z,16:10:00
20240409_161000.WAV,24,27,Certhia americana_Brown Creeper,0.6481904983520508,2024-04-09T16:10:00Z,16:10:00
20240406_145100.WAV,0,3,Poecile atricapillus_Black-capped Chickadee,0.40654778480529785,2024-04-06T14:51:00Z,14:51:00
20240414_162000.WAV,6,9,Botaurus lentiginosus_American Bittern,0.59134674072265625,2024-04-14T16:20:00Z,16:20:00
20240402_145800.WAV,15,18,Poecile atricapillus_Black-capped Chickadee,0.42388203740119934,2024-04-02T14:58:00Z,14:58:00
20240402_145800.WAV,21,24,Poecile atricapillus_Black-capped Chickadee,0.5318652987480164,2024-04-02T14:58:00Z,14:58:00
20240414_062000.WAV,21,24,Colaptes auratus_Northern Flicker,0.5652133226394653,2024-04-14T06:20:00Z,06:20:00
20240409_061000.WAV,0,3,Certhia americana_Brown Creeper,0.4529741704463959,2024-04-09T06:10:00Z,06:10:00
20240409_061000.WAV,3,6,Certhia americana_Brown Creeper,0.5181491374969482,2024-04-09T06:10:00Z,06:10:00
20240409_061000.WAV,9,12,Certhia americana_Brown Creeper,0.40635424852371216,2024-04-09T06:10:00Z,06:10:00
20240409_061000.WAV,21,24,Certhia americana_Brown Creeper,0.6089953780174255,2024-04-09T06:10:00Z,06:10:00
20240409_061000.WAV,27,30,Certhia americana_Brown Creeper,0.5426808595657349,2024-04-09T06:10:00Z,06:10:00
20240409_061000.WAV,30,33,Certhia americana_Brown Creeper,0.6194285154342651,2024-04-09T06:10:00Z,06:10:00
20240409_061000.WAV,39,42,Certhia americana_Brown Creeper,0.7710984945297241,2024-04-09T06:10:00Z,06:10:00
20240409_061000.WAV,45,48,Certhia americana_Brown Creeper,0.7670683860778809,2024-04-09T06:10:00Z,06:10:00
20240409_061000.WAV,51,54,Certhia americana_Brown Creeper,0.7435579895973206,2024-04-09T06:10:00Z,06:10:00
20240413_164600.WAV,42,45,Botaurus lentiginosus_American Bittern,0.47246453166008,2024-04-13T16:46:00Z,16:46:00
20240407_152000.WAV,18,21,Regulus regulus_Goldcrest,0.8356797695159912,2024-04-07T15:20:00Z,15:20:00
20240407_152000.WAV,33,36,Regulus regulus_Goldcrest,0.5865799784660339,2024-04-07T15:20:00Z,15:20:00
20240410_062900.WAV,0,3,Sayornis phoebe_Eastern Phoebe,0.9983077049255372,2024-04-10T06:29:00Z,06:29:00
20240410_062900.WAV,3,6,Sayornis phoebe_Eastern Phoebe,0.9869576692581176,2024-04-10T06:29:00Z,06:29:00
20240410_062900.WAV,6,9,Sayornis phoebe_Eastern Phoebe,0.9887325763702391,2024-04-10T06:29:00Z,06:29:00
20240410_062900.WAV,9,12,Sayornis phoebe_Eastern Phoebe,0.971450686454773,2024-04-10T06:29:00Z,06:29:00
20240410_062900.WAV,9,12,Certhia americana_Brown Creeper,0.6766890287399292,2024-04-10T06:29:00Z,06:29:00
20240410_062900.WAV,12,15,Sayornis phoebe_Eastern Phoebe,0.9642068147659302,2024-04-10T06:29:00Z,06:29:00
20240410_062900.WAV,15,18,Sayornis phoebe_Eastern Phoebe,0.9945728182792664,2024-04-10T06:29:00Z,06:29:00
20240410_062900.WAV,18,21,Sayornis phoebe_Eastern Phoebe,0.8940013647079468,2024-04-10T06:29:00Z,06:29:00
20240410_062900.WAV,18,21,Certhia americana_Brown Creeper,0.7992603182792664,2024-04-10T06:29:00Z,06:29:00
20240410_062900.WAV,21,24,Sayornis phoebe_Eastern Phoebe,0.9924314022064208,2024-04-10T06:29:00Z,06:29:00
20240410_062900.WAV,24,27,Sayornis phoebe_Eastern Phoebe,0.9972766041755676,2024-04-10T06:29:00Z,06:29:00
20240410_062900.WAV,27,30,Sayornis phoebe_Eastern Phoebe,0.9689541459083556,2024-04-10T06:29:00Z,06:29:00
20240410_062900.WAV,27,30,Certhia americana_Brown Creeper,0.8689367175102234,2024-04-10T06:29:00Z,06:29:00
20240410_062900.WAV,30,33,Sayornis phoebe_Eastern Phoebe,0.9731332659721376,2024-04-10T06:29:00Z,06:29:00
20240410_062900.WAV,30,33,Certhia americana_Brown Creeper,0.9547713994979858,2024-04-10T06:29:00Z,06:29:00
20240410_062900.WAV,33,36,Sayornis phoebe_Eastern Phoebe,0.9952710270881652,2024-04-10T06:29:00Z,06:29:00
20240410_062900.WAV,36,39,Sayornis phoebe_Eastern Phoebe,0.9993695616722108,2024-04-10T06:29:00Z,06:29:00
20240410_062900.WAV,39,42,Sayornis phoebe_Eastern Phoebe,0.988708794116974,2024-04-10T06:29:00Z,06:29:00
20240410_062900.WAV,39,42,Certhia americana_Brown Creeper,0.7142183780670166,2024-04-10T06:29:00Z,06:29:00
20240410_062900.WAV,42,45,Sayornis phoebe_Eastern Phoebe,0.998902440071106,2024-04-10T06:29:00Z,06:29:00
20240410_062900.WAV,45,48,Sayornis phoebe_Eastern Phoebe,0.9991218447685242,2024-04-10T06:29:00Z,06:29:00
20240410_062900.WAV,48,51,Sayornis phoebe_Eastern Phoebe,0.996414303779602,2024-04-10T06:29:00Z,06:29:00
20240410_062900.WAV,51,54,Sayornis phoebe_Eastern Phoebe,0.996619701385498,2024-04-10T06:29:00Z,06:29:00
20240410_062900.WAV,54,55,Sayornis phoebe_Eastern Phoebe,0.9931322932243348,2024-04-10T06:29:00Z,06:29:00
20240331_192300.WAV,0,3,Turdus migratorius_American Robin,0.4268811047077179,2024-03-31T19:23:00Z,19:23:00
20240331_192300.WAV,9,12,Turdus migratorius_American Robin,0.883884072303772,2024-03-31T19:23:00Z,19:23:00
20240409_065500.WAV,6,9,Aix sponsa_Wood Duck,0.99793940782547,2024-04-09T06:55:00Z,06:55:00
20240409_065500.WAV,21,24,Aix sponsa_Wood Duck,0.5117126107215881,2024-04-09T06:55:00Z,06:55:00
20240331_160800.WAV,33,36,Regulus satrapa_Golden-crowned Kinglet,0.5668312907218933,2024-03-31T16:08:00Z,16:08:00
20240331_160800.WAV,36,39,Regulus regulus_Goldcrest,0.6632187366485596,2024-03-31T16:08:00Z,16:08:00
20240331_160800.WAV,42,45,Regulus satrapa_Golden-crowned Kinglet,0.4501206576824188,2024-03-31T16:08:00Z,16:08:00
20240411_230300.WAV,48,51,Botaurus lentiginosus_American Bittern,0.5111110210418701,2024-04-11T23:03:00Z,23:03:00
20240408_163900.WAV,3,6,Aix sponsa_Wood Duck,0.8802086710929871,2024-04-08T16:39:00Z,16:39:00
20240416_062300.WAV,3,6,Dryobates pubescens_Downy Woodpecker,0.41144636273384094,2024-04-16T06:23:00Z,06:23:00
20240416_062300.WAV,9,12,Dryobates pubescens_Downy Woodpecker,0.5409965515136719,2024-04-16T06:23:00Z,06:23:00
20240416_062300.WAV,24,27,Dryobates pubescens_Downy Woodpecker,0.5608416199684143,2024-04-16T06:23:00Z,06:23:00
20240416_062300.WAV,27,30,Dryobates pubescens_Downy Woodpecker,0.4206453859806061,2024-04-16T06:23:00Z,06:23:00
20240416_062300.WAV,51,54,Certhia americana_Brown Creeper,0.6068817377090454,2024-04-16T06:23:00Z,06:23:00
20240415_160900.WAV,30,33,Porzana porzana_Spotted Crake,0.4583793878555298,2024-04-15T16:09:00Z,16:09:00
20240411_164500.WAV,12,15,Regulus regulus_Goldcrest,0.40036869049072266,2024-04-11T16:45:00Z,16:45:00
20240411_164500.WAV,21,24,Certhia americana_Brown Creeper,0.41954174637794495,2024-04-11T16:45:00Z,16:45:00
20240411_164500.WAV,42,45,Certhia americana_Brown Creeper,0.5961346626281738,2024-04-11T16:45:00Z,16:45:00
20240411_164500.WAV,45,48,Certhia americana_Brown Creeper,0.8760508298873901,2024-04-11T16:45:00Z,16:45:00
20240405_152300.WAV,27,30,Turdus migratorius_American Robin,0.4281015396118164,2024-04-05T15:23:00Z,15:23:00
20240411_160000.WAV,39,42,Certhia americana_Brown Creeper,0.7483211159706116,2024-04-11T16:00:00Z,16:00:00
20240402_150000.WAV,18,21,Porzana porzana_Spotted Crake,0.654435396194458,2024-04-02T15:00:00Z,15:00:00
20240415_060900.WAV,15,18,Certhia americana_Brown Creeper,0.47049131989479065,2024-04-15T06:09:00Z,06:09:00
20240415_060900.WAV,21,24,Certhia americana_Brown Creeper,0.5727174878120422,2024-04-15T06:09:00Z,06:09:00
20240415_060900.WAV,27,30,Botaurus lentiginosus_American Bittern,0.4551274180412293,2024-04-15T06:09:00Z,06:09:00
20240415_060900.WAV,30,33,Certhia americana_Brown Creeper,0.8099750876426697,2024-04-15T06:09:00Z,06:09:00
20240415_060900.WAV,33,36,Certhia americana_Brown Creeper,0.511755645275116,2024-04-15T06:09:00Z,06:09:00
20240415_060900.WAV,39,42,Botaurus lentiginosus_American Bittern,0.638049304485321,2024-04-15T06:09:00Z,06:09:00
20240415_060900.WAV,48,51,Certhia americana_Brown Creeper,0.5328307151794434,2024-04-15T06:09:00Z,06:09:00
20240411_064500.WAV,6,9,Certhia americana_Brown Creeper,0.8179587721824646,2024-04-11T06:45:00Z,06:45:00
20240404_141700.WAV,18,21,Aegolius acadicus_Northern Saw-whet Owl,0.9895211458206176,2024-04-04T14:17:00Z,14:17:00
20240412_194400.WAV,39,42,Aegolius acadicus_Northern Saw-whet Owl,0.5468196868896484,2024-04-12T19:44:00Z,19:44:00
20240411_154400.WAV,9,12,Certhia americana_Brown Creeper,0.9816352128982544,2024-04-11T15:44:00Z,15:44:00
20240411_154400.WAV,12,15,Certhia americana_Brown Creeper,0.985014259815216,2024-04-11T15:44:00Z,15:44:00
20240402_060100.WAV,3,6,Turdus migratorius_American Robin,0.4311770498752594,2024-04-02T06:01:00Z,06:01:00
20240402_060100.WAV,6,9,Turdus migratorius_American Robin,0.4036411046981811,2024-04-02T06:01:00Z,06:01:00
20240402_060100.WAV,12,15,Turdus migratorius_American Robin,0.45594969391822815,2024-04-02T06:01:00Z,06:01:00
20240402_060100.WAV,48,51,Turdus migratorius_American Robin,0.6065015196800232,2024-04-02T06:01:00Z,06:01:00
20240408_153800.WAV,12,15,Corvus brachyrhynchos_American Crow,0.4347539246082306,2024-04-08T15:38:00Z,15:38:00
20240411_150100.WAV,6,9,Colaptes auratus_Northern Flicker,0.774290144443512,2024-04-11T15:01:00Z,15:01:00
20240402_064400.WAV,0,3,Turdus migratorius_American Robin,0.4998071193695069,2024-04-02T06:44:00Z,06:44:00
20240402_064400.WAV,21,24,Turdus migratorius_American Robin,0.415071040391922,2024-04-02T06:44:00Z,06:44:00
20240402_064400.WAV,27,30,Turdus migratorius_American Robin,0.4222031831741333,2024-04-02T06:44:00Z,06:44:00
20240402_064400.WAV,45,48,Turdus migratorius_American Robin,0.4500801265239715,2024-04-02T06:44:00Z,06:44:00
20240402_064400.WAV,48,51,Turdus migratorius_American Robin,0.4045036733150482,2024-04-02T06:44:00Z,06:44:00
20240402_160100.WAV,24,27,Porzana porzana_Spotted Crake,0.4151271879673004,2024-04-02T16:01:00Z,16:01:00
20240402_160100.WAV,36,39,Porzana porzana_Spotted Crake,0.45067429542541504,2024-04-02T16:01:00Z,16:01:00
20240409_144900.WAV,42,45,Certhia americana_Brown Creeper,0.9748348593711852,2024-04-09T14:49:00Z,14:49:00
20240405_062200.WAV,15,18,Turdus migratorius_American Robin,0.4128800630569458,2024-04-05T06:22:00Z,06:22:00
20240405_062200.WAV,21,24,Turdus migratorius_American Robin,0.5094356536865234,2024-04-05T06:22:00Z,06:22:00
20240405_062200.WAV,39,42,Turdus migratorius_American Robin,0.5242908000946045,2024-04-05T06:22:00Z,06:22:00
20240405_062200.WAV,45,48,Turdus migratorius_American Robin,0.7164191603660583,2024-04-05T06:22:00Z,06:22:00
20240405_062200.WAV,51,54,Turdus migratorius_American Robin,0.4249940812587738,2024-04-05T06:22:00Z,06:22:00
20240410_143500.WAV,3,6,Sayornis phoebe_Eastern Phoebe,0.7258216738700867,2024-04-10T14:35:00Z,14:35:00
20240410_143500.WAV,48,51,Regulus satrapa_Golden-crowned Kinglet,0.4229009747505188,2024-04-10T14:35:00Z,14:35:00
